,publication_title,publication_year,google_scholar_link,journal_name,contributors,citations,Department 
Dr Harsh Kumar Verma,A high capacity text steganography scheme based on LZW compression and color coding,2025,https://scholar.google.com/citations?view_op=view_citation&hl=en&user=h0edtgIAAAAJ&pagesize=100&sortby=pubdate&citation_for_view=h0edtgIAAAAJ:DyXnQzXoVgIC,"Engineering Science and Technology, an International Journal 20 (1), 72-79, 2017","V Singh, KP Sharma, HK Verma, G Kumar, B Balusamy, S Rani, W Jiang",,Computer Science and Engineering 
Dr Harsh Kumar Verma,Comprehensive survey on petya ransomware attack,2025,https://scholar.google.com/citations?view_op=view_citation&hl=en&user=h0edtgIAAAAJ&pagesize=100&sortby=pubdate&citation_for_view=h0edtgIAAAAJ:k_7cPK9k7w8C,"2017 International conference on next generation computing and information …, 2017","K Goswami, LK Awasthi, HK Verma",,Computer Science and Engineering 
Dr Harsh Kumar Verma,Outlier detection of data in wireless sensor networks using kernel density estimation,2025,https://scholar.google.com/citations?view_op=view_citation&hl=en&user=h0edtgIAAAAJ&pagesize=100&sortby=pubdate&citation_for_view=h0edtgIAAAAJ:TlpoogIpr_IC,"International Journal of Computer Applications 5 (7), 28-32, 2010","FR Lone, HK Verma",1,Computer Science and Engineering 
Dr Harsh Kumar Verma,A reversible data hiding scheme for interpolated images based on pixel intensity range,2025,https://scholar.google.com/citations?view_op=view_citation&hl=en&user=h0edtgIAAAAJ&pagesize=100&sortby=pubdate&citation_for_view=h0edtgIAAAAJ:pS0ncopqnHgC,"Multimedia Tools and Applications 79 (25), 18005-18031, 2020","A Sinha, S Singh, HK Verma",,Computer Science and Engineering 
Dr Harsh Kumar Verma,"Performance analysis of RC6, Twofish and Rijndael block cipher algorithms",2025,https://scholar.google.com/citations?view_op=view_citation&hl=en&user=h0edtgIAAAAJ&pagesize=100&sortby=pubdate&citation_for_view=h0edtgIAAAAJ:SnGPuo6Feq8C,"International Journal of Computer Applications 42 (16), 1-7, 2012","V Singh, KP Sharma, HK Verma",5,Computer Science and Engineering 
Dr Harsh Kumar Verma,Optimized fuzzy logic based framework for effort estimation in software development,2025,https://scholar.google.com/citations?view_op=view_citation&hl=en&user=h0edtgIAAAAJ&pagesize=100&sortby=pubdate&citation_for_view=h0edtgIAAAAJ:UmS_249rOGwC,"arXiv preprint arXiv:1004.3270, 2010","Jyoti, U Bansal, G Sikka, LK Awasthi, HK Verma",,Computer Science and Engineering 
Dr Harsh Kumar Verma,Simulation modeling of cloud computing for smart grid using CloudSim,2024,https://scholar.google.com/citations?view_op=view_citation&hl=en&user=h0edtgIAAAAJ&pagesize=100&sortby=pubdate&citation_for_view=h0edtgIAAAAJ:CYCckWUYoCcC,"Journal of Electrical Systems and Information Technology 4 (1), 159-172, 2017","Lovee, H Verma, A Malik",,Computer Science and Engineering 
Dr Harsh Kumar Verma,A hybrid approach for image security by combining encryption and steganography,2024,https://scholar.google.com/citations?view_op=view_citation&hl=en&user=h0edtgIAAAAJ&pagesize=100&sortby=pubdate&citation_for_view=h0edtgIAAAAJ:AXkvAH5U_nMC,"2013 IEEE second international conference on image information processing …, 2013","F Lone, HK Verma, KP Sharma",10,Computer Science and Engineering 
Dr Harsh Kumar Verma,Image interpolation based high capacity reversible data hiding scheme,2024,https://scholar.google.com/citations?view_op=view_citation&hl=en&user=h0edtgIAAAAJ&pagesize=100&sortby=pubdate&citation_for_view=h0edtgIAAAAJ:VN7nJs4JPk0C,"Multimedia Tools and Applications 76 (22), 24107-24123, 2017","V Singh, KP Sharma, HK Verma",3,Computer Science and Engineering 
Dr Harsh Kumar Verma,Security for wireless sensor network,2024,https://scholar.google.com/citations?view_op=view_citation&hl=en&user=h0edtgIAAAAJ&pagesize=100&sortby=pubdate&citation_for_view=h0edtgIAAAAJ:oi2SiIJ9l4AC,"International Journal on Computer Science and Engineering 3 (6), 2393-2399, 2011","FR Lone, HK Verma, KP Sharma",4,Computer Science and Engineering 
Dr Harsh Kumar Verma,An image interpolation based reversible data hiding scheme using pixel value adjusting feature,2024,https://scholar.google.com/citations?view_op=view_citation&hl=en&user=h0edtgIAAAAJ&pagesize=100&sortby=pubdate&citation_for_view=h0edtgIAAAAJ:pAkWuXOU-OoC,"Multimedia Tools and Applications 76 (11), 13025-13046, 2017","A Sinha, S Singh, HK Verma",14,Computer Science and Engineering 
Dr Harsh Kumar Verma,An AMBTC compression based data hiding scheme using pixel value adjusting strategy,2024,https://scholar.google.com/citations?view_op=view_citation&hl=en&user=h0edtgIAAAAJ&pagesize=100&sortby=pubdate&citation_for_view=h0edtgIAAAAJ:3bvyWxjaHKcC,"Multidimensional Systems and Signal Processing 29 (4), 1801-1818, 2018","R Verma, K Kumar, HK Verma",3,Computer Science and Engineering 
Dr Harsh Kumar Verma,An intelligent and energy-efficient wireless body area network to control coronavirus outbreak,2024,https://scholar.google.com/citations?view_op=view_citation&hl=en&user=h0edtgIAAAAJ&pagesize=100&sortby=pubdate&citation_for_view=h0edtgIAAAAJ:DrR-2ekChdkC,"Arabian Journal for Science and Engineering 46 (9), 8203-8222, 2021","HK Verma, I Kumar",,Computer Science and Engineering 
Dr Harsh Kumar Verma,A static feature selection-based android malware detection using machine learning techniques,2024,https://scholar.google.com/citations?view_op=view_citation&hl=en&user=h0edtgIAAAAJ&pagesize=100&sortby=pubdate&citation_for_view=h0edtgIAAAAJ:PkcyUWeTMh0C,"2020 International conference on smart electronics and communication (ICOSEC …, 2020","V Singh, KP Sharma, HK Verma",,Computer Science and Engineering 
Dr Harsh Kumar Verma,Classification of diabetes using Naive Bayes and support vector machine as a technique,2024,https://scholar.google.com/citations?view_op=view_citation&hl=en&user=h0edtgIAAAAJ&pagesize=100&sortby=pubdate&citation_for_view=h0edtgIAAAAJ:rTD5ala9j4wC,"Operations Management and Systems Engineering: Select Proceedings of CPIE …, 2020","A Sinha, S Singh, HK Verma",2,Computer Science and Engineering 
Dr Harsh Kumar Verma,A high payload data hiding scheme based on modified AMBTC technique,2024,https://scholar.google.com/citations?view_op=view_citation&hl=en&user=h0edtgIAAAAJ&pagesize=100&sortby=pubdate&citation_for_view=h0edtgIAAAAJ:HtS1dXgVpQUC,"Multimedia Tools and Applications 76 (12), 14151-14167, 2017",S Naz,,Computer Science and Engineering 
Dr Harsh Kumar Verma,PSOBAN: a novel particle swarm optimization based protocol for wireless body area networks,2023,https://scholar.google.com/citations?view_op=view_citation&hl=en&user=h0edtgIAAAAJ&pagesize=100&sortby=pubdate&citation_for_view=h0edtgIAAAAJ:PyEswDtIyv0C,"SN Applied Sciences 1 (11), 1492, 2019","K Kaur, HK Verma",6,Computer Science and Engineering 
Dr Harsh Kumar Verma,Community detection in social networks based on fire propagation,2023,https://scholar.google.com/citations?view_op=view_citation&hl=en&user=h0edtgIAAAAJ&pagesize=100&sortby=pubdate&citation_for_view=h0edtgIAAAAJ:1DsIQWDZLl8C,"Swarm and evolutionary computation 44, 31-48, 2019","G Kaur, U Bansal, HK Verma, G Sikka, LK Awasthi",,Computer Science and Engineering 
Dr Harsh Kumar Verma,"Performance evaluation of RC6, blowfish, DES, IDEA, CAST-128 block ciphers",2023,https://scholar.google.com/citations?view_op=view_citation&hl=en&user=h0edtgIAAAAJ&pagesize=100&sortby=pubdate&citation_for_view=h0edtgIAAAAJ:-jrNzM816MMC,"International Journal of Computer Applications 68 (25), 2013","K Kaur, HK Verma",1,Computer Science and Engineering 
Dr Harsh Kumar Verma,Impact of rock block characteristics on rockfall hazard and its implications for rockfall protection strategies along Himalayan highways: a case study,2023,https://scholar.google.com/citations?view_op=view_citation&hl=en&user=h0edtgIAAAAJ&pagesize=100&sortby=pubdate&citation_for_view=h0edtgIAAAAJ:uVUOdF_882EC,"Bulletin of Engineering Geology and the Environment 80 (7), 5347-5368, 2021","B Singh, HK Verma, V Madaan",5,Computer Science and Engineering 
Dr Harsh Kumar Verma,AHP–neutrosophic decision model for selection of relay node in wireless body area network,2023,https://scholar.google.com/citations?view_op=view_citation&hl=en&user=h0edtgIAAAAJ&pagesize=100&sortby=pubdate&citation_for_view=h0edtgIAAAAJ:OBSaB-F7qqsC,"CAAI Transactions on Intelligence Technology 5 (3), 222-229, 2020","R Verma, K Kumar, HK Verma",16,Computer Science and Engineering 
Dr Harsh Kumar Verma,A detailed study of an internet of things (Iot),2022,https://scholar.google.com/citations?view_op=view_citation&hl=en&user=h0edtgIAAAAJ&pagesize=100&sortby=pubdate&citation_for_view=h0edtgIAAAAJ:prdVHNxh-e8C,"International Journal of Scientific and Technology Research 8 (12), 2989-2994, 2019","V Singh, KP Sharma, HK Verma",17,Computer Science and Engineering 
Dr Harsh Kumar Verma,Robustness of the digital image watermarking techniques against brightness and rotation attack,2022,https://scholar.google.com/citations?view_op=view_citation&hl=en&user=h0edtgIAAAAJ&pagesize=100&sortby=pubdate&citation_for_view=h0edtgIAAAAJ:rHJHxKgnXwkC,"arXiv preprint arXiv:0909.3554, 2009","R Verma, HK Verma, AK Singh",1,Computer Science and Engineering 
Dr Harsh Kumar Verma,Correlates of farmers' attitude towards Buffalo management practices,2022,https://scholar.google.com/citations?view_op=view_citation&hl=en&user=h0edtgIAAAAJ&pagesize=100&sortby=pubdate&citation_for_view=h0edtgIAAAAJ:5bg8sr1QxYwC,"Indian Journal of Extension Education 27 (1-2), 97-100, 1991","A Kumar, HK Verma",,Computer Science and Engineering 
Dr Harsh Kumar Verma,hPSO-SA: hybrid particle swarm optimization-simulated annealing algorithm for relay node selection in wireless body area networks,2022,https://scholar.google.com/citations?view_op=view_citation&hl=en&user=h0edtgIAAAAJ&pagesize=100&sortby=pubdate&citation_for_view=h0edtgIAAAAJ:NyGDZy8z5eUC,"Applied Intelligence 51 (3), 1410-1438, 2021","RK Singh, HK Verma",16,Computer Science and Engineering 
Dr Harsh Kumar Verma,Handling imprecision in inputs using fuzzy logic to predict effort in software development,2022,https://scholar.google.com/citations?view_op=view_citation&hl=en&user=h0edtgIAAAAJ&pagesize=100&sortby=pubdate&citation_for_view=h0edtgIAAAAJ:jU7OWUQzBzMC,"2010 IEEE 2nd International Advance Computing Conference (IACC), 436-442, 2010","V Singh, KP Sharma, HK Verma",2,Computer Science and Engineering 
Dr Harsh Kumar Verma,Influence of social media analytics on online food delivery systems,2022,https://scholar.google.com/citations?view_op=view_citation&hl=en&user=h0edtgIAAAAJ&pagesize=100&sortby=pubdate&citation_for_view=h0edtgIAAAAJ:L1USKYWJimsC,"International Journal of Information System Modeling and Design (IJISMD) 11 …, 2020","FR Lone, HK Verma, KP Sharma",,Computer Science and Engineering 
Dr Harsh Kumar Verma,"Comparative analysis of reactive, proactive and hybrid routing protocols in MANET",2022,https://scholar.google.com/citations?view_op=view_citation&hl=en&user=h0edtgIAAAAJ&pagesize=100&sortby=pubdate&citation_for_view=h0edtgIAAAAJ:U4n9YNQMCAIC,"International Journal of Electronics and Computer Science Engineering 1 (3 …, 2012","RK Singh, HK Verma",20,Computer Science and Engineering 
Dr Harsh Kumar Verma,3D (4 X 4 X 4)-Playfair Cipher,2022,https://scholar.google.com/citations?view_op=view_citation&hl=en&user=h0edtgIAAAAJ&pagesize=100&sortby=pubdate&citation_for_view=h0edtgIAAAAJ:nRpfm8aw39MC,"International Journal of Computer Applications 51 (2), 2012","HS Pattanayak, HK Verma, AL Sangal",3,Computer Science and Engineering 
Dr Harsh Kumar Verma,Improved detection and mitigation of DDoS attack in vehicular ad hoc network,2022,https://scholar.google.com/citations?view_op=view_citation&hl=en&user=h0edtgIAAAAJ&pagesize=100&sortby=pubdate&citation_for_view=h0edtgIAAAAJ:DBa1UEJaJKAC,"2018 4th International Conference on Computing Communication and Automation …, 2018","V Bharti, V Rathi, H Verma",1,Computer Science and Engineering 
Dr Harsh Kumar Verma,Optimization of QoS parameters in cognitive radio using adaptive genetic algorithm,2022,https://scholar.google.com/citations?view_op=view_citation&hl=en&user=h0edtgIAAAAJ&pagesize=100&sortby=pubdate&citation_for_view=h0edtgIAAAAJ:CdxZDUztZiMC,"International Journal of Next-Generation Networks 4 (2), 1, 2012","B Singh, HK Verma",2,Computer Science and Engineering 
Dr Harsh Kumar Verma,Energy-efficient relay node selection scheme for sustainable wireless body area networks,2022,https://scholar.google.com/citations?view_op=view_citation&hl=en&user=h0edtgIAAAAJ&pagesize=100&sortby=pubdate&citation_for_view=h0edtgIAAAAJ:QyXJ3EUuO1IC,"Sustainable Computing: Informatics and Systems 30, 100516, 2021","FR Lone, HK Verma, KP Sharma",4,Computer Science and Engineering 
Dr Harsh Kumar Verma,Enhancement of RC6 block cipher algorithm and comparison with RC5 & RC6,2022,https://scholar.google.com/citations?view_op=view_citation&hl=en&user=h0edtgIAAAAJ&pagesize=100&sortby=pubdate&citation_for_view=h0edtgIAAAAJ:6bLC7aUMtPcC,"2013 3rd IEEE International Advance Computing Conference (IACC), 556-561, 2013","B Singh, HK Verma",6,Computer Science and Engineering 
Dr Harsh Kumar Verma,"General awareness on allopathic, ayurvedic and homeopathic system of medicine in Chhattisgarh, India",2022,https://scholar.google.com/citations?view_op=view_citation&hl=en&user=h0edtgIAAAAJ&pagesize=100&sortby=pubdate&citation_for_view=h0edtgIAAAAJ:SjuI4pbJlxcC,"Int J Pharm Pharm Sci 3 (4), 159-62, 2011","D Sharma, HK Verma",1,Computer Science and Engineering 
Dr Harsh Kumar Verma,Evolution of VANETS to IoV: applications and challenges,2022,https://scholar.google.com/citations?view_op=view_citation&hl=en&user=h0edtgIAAAAJ&pagesize=100&sortby=pubdate&citation_for_view=h0edtgIAAAAJ:MhiOAD_qIWkC,"Tehnički glasnik 15 (1), 143-149, 2021","B Singh, HK Verma",3,Computer Science and Engineering 
Dr Harsh Kumar Verma,Performance and evaluation of energy optimization techniques for wireless body area networks,2022,https://scholar.google.com/citations?view_op=view_citation&hl=en&user=h0edtgIAAAAJ&pagesize=100&sortby=pubdate&citation_for_view=h0edtgIAAAAJ:Ade32sEp0pkC,"Beni-Suef University Journal of Basic and Applied Sciences 9 (1), 38, 2020","K Kaur, HK Verma",5,Computer Science and Engineering 
Dr Harsh Kumar Verma,Role of cognitive radio on 4G communications a review,2022,https://scholar.google.com/citations?view_op=view_citation&hl=en&user=h0edtgIAAAAJ&pagesize=100&sortby=pubdate&citation_for_view=h0edtgIAAAAJ:ubry08Y2EpUC,"Journal of Emerging Trends in Computing and Information Sciences 3 (2), 272-276, 2012","HS Pattanayak, HK Verma, AL Sangal",10,Computer Science and Engineering 
Dr Harsh Kumar Verma,A review of breast cancer detection using ART model of neural networks,2021,https://scholar.google.com/citations?view_op=view_citation&hl=en&user=h0edtgIAAAAJ&pagesize=100&sortby=pubdate&citation_for_view=h0edtgIAAAAJ:7wO8s98CvbsC,"International Journal of Advanced Research in Computer Science and Software …, 2012","S Gupta, WM Lim, H Verma, M Polonsky",3,Computer Science and Engineering 
Dr Harsh Kumar Verma,Secure real-time heterogeneous iot data management system,2021,https://scholar.google.com/citations?view_op=view_citation&hl=en&user=h0edtgIAAAAJ&pagesize=100&sortby=pubdate&citation_for_view=h0edtgIAAAAJ:wKETBy42zhYC,"2019 first IEEE international conference on trust, privacy and security in …, 2019","B Singh, HK Verma",4,Computer Science and Engineering 
Dr Harsh Kumar Verma,Convolutional neural network based criminal detection,2021,https://scholar.google.com/citations?view_op=view_citation&hl=en&user=h0edtgIAAAAJ&pagesize=100&sortby=pubdate&citation_for_view=h0edtgIAAAAJ:kzcSZmkxUKAC,"2020 IEEE REGION 10 CONFERENCE (TENCON), 1124-1129, 2020","HK Verma, P Patel, S Singh",,Computer Science and Engineering 
Dr Harsh Kumar Verma,A secure lightweight signature based authentication for Cloud‐IoT crowdsensing environments,2021,https://scholar.google.com/citations?view_op=view_citation&hl=en&user=h0edtgIAAAAJ&pagesize=100&sortby=pubdate&citation_for_view=h0edtgIAAAAJ:48xauSegjOkC,"Transactions on Emerging Telecommunications Technologies 30 (4), e3292, 2019","N Bilandi, HK Verma, R Dhir",31,Computer Science and Engineering 
Dr Harsh Kumar Verma,Effective parallel processing social media analytics framework,2021,https://scholar.google.com/citations?view_op=view_citation&hl=en&user=h0edtgIAAAAJ&pagesize=100&sortby=pubdate&citation_for_view=h0edtgIAAAAJ:NDuN12AVoxsC,"Journal of King Saud University-Computer and Information Sciences 34 (6 …, 2022","FR Lone, HK Verma, KP Sharma",25,Computer Science and Engineering 
Dr Harsh Kumar Verma,A secure data transmission protocol for cloud‐assisted edge‐Internet of Things environment,2021,https://scholar.google.com/citations?view_op=view_citation&hl=en&user=h0edtgIAAAAJ&pagesize=100&sortby=pubdate&citation_for_view=h0edtgIAAAAJ:buQ7SEKw-1sC,"Transactions on Emerging Telecommunications Technologies 31 (6), e3883, 2020","P Maheshwari, S Murmu, HK Verma",7,Computer Science and Engineering 
Dr Harsh Kumar Verma,Hash_RC6—Variable length Hash algorithm using RC6,2021,https://scholar.google.com/citations?view_op=view_citation&hl=en&user=h0edtgIAAAAJ&pagesize=100&sortby=pubdate&citation_for_view=h0edtgIAAAAJ:7H_MAutzIkAC,"2015 International Conference on Advances in Computer Engineering and …, 2015","A Yadav, HK Verma, LK Awasthi",5,Computer Science and Engineering 
Dr Harsh Kumar Verma,Security attacks & prerequisite for wireless sensor networks,2021,https://scholar.google.com/citations?view_op=view_citation&hl=en&user=h0edtgIAAAAJ&pagesize=100&sortby=pubdate&citation_for_view=h0edtgIAAAAJ:FiytvqdAVhgC,"Intl journal of engineering and advanced technology (Ijeat) 2 (5), 558-566, 2013","T Mahendru, HK Verma",1,Computer Science and Engineering 
Dr Harsh Kumar Verma,Recent methods for software effort estimation by analogy,2021,https://scholar.google.com/citations?view_op=view_citation&hl=en&user=h0edtgIAAAAJ&pagesize=100&sortby=pubdate&citation_for_view=h0edtgIAAAAJ:kw52XkFRtyQC,"ACM SIGSOFT Software Engineering Notes 36 (4), 1-5, 2011","P Chugh, HK Verma",1,Computer Science and Engineering 
Dr Harsh Kumar Verma,Authentication protocol for wireless sensor networks,2021,https://scholar.google.com/citations?view_op=view_citation&hl=en&user=h0edtgIAAAAJ&pagesize=100&sortby=pubdate&citation_for_view=h0edtgIAAAAJ:raTqNPD5sRQC,"World Academy of Science, Engineering and Technology 66, 643-649, 2010","HK Verma, AL Sangal",,Computer Science and Engineering 
Dr Harsh Kumar Verma,Effect of organic matter OH some physical properties of soil in the permanent manurial experiments.,2021,https://scholar.google.com/citations?view_op=view_citation&hl=en&user=h0edtgIAAAAJ&pagesize=100&sortby=pubdate&citation_for_view=h0edtgIAAAAJ:MpfHP-DdYjUC,,"AK Singh, J Kundu, K Sarkar, HK Verma, PK Singh",34,Computer Science and Engineering 
Dr Harsh Kumar Verma,Analysis and design of protocol for enhanced threshold proxy signature scheme based on RSA for known signers,2021,https://scholar.google.com/citations?view_op=view_citation&hl=en&user=h0edtgIAAAAJ&pagesize=100&sortby=pubdate&citation_for_view=h0edtgIAAAAJ:WHdLCjDvYFkC,"Wireless Personal Communications 80 (3), 1281-1345, 2015","RK Singh, HK Verma",1,Computer Science and Engineering 
Dr Harsh Kumar Verma,A hybrid framework for registration of carotid ultrasound images combining iconic and geometric features,2021,https://scholar.google.com/citations?view_op=view_citation&hl=en&user=h0edtgIAAAAJ&pagesize=100&sortby=pubdate&citation_for_view=h0edtgIAAAAJ:LdasjJ6CEcoC,"Medical & biological engineering & computing 51 (9), 1043-1050, 2013","N Bilandi, HK Verma, R Dhir",46,Computer Science and Engineering 
Dr Harsh Kumar Verma,Blast induced damage to surrounding rock mass in an underground excavation,2021,https://scholar.google.com/citations?view_op=view_citation&hl=en&user=h0edtgIAAAAJ&pagesize=100&sortby=pubdate&citation_for_view=h0edtgIAAAAJ:PYBJJbyH-FwC,"Journal of Geological Resource and Engineering 2 (1), 13-19, 2014","V Singh, KP Sharma, HK Verma",8,Computer Science and Engineering 
Dr Harsh Kumar Verma,Analysis of decision making operation in cognitive radio using fuzzy logic system,2021,https://scholar.google.com/citations?view_op=view_citation&hl=en&user=h0edtgIAAAAJ&pagesize=100&sortby=pubdate&citation_for_view=h0edtgIAAAAJ:owLR8QvbtFgC,"International Journal of Computer Applications 4 (10), 35-39, 2010","R Verma, K Kumar, HK Verma",6,Computer Science and Engineering 
Dr Harsh Kumar Verma,ABNT: Adaptive beaconing and neighbor timeout for geographical routing in UAV networks,2021,https://scholar.google.com/citations?view_op=view_citation&hl=en&user=h0edtgIAAAAJ&pagesize=100&sortby=pubdate&citation_for_view=h0edtgIAAAAJ:v1_lew4L6wgC,"Peer-to-Peer Networking and Applications 15 (4), 2079-2100, 2022","N Bilandi, HK Verma, R Dhir",28,Computer Science and Engineering 
Dr Harsh Kumar Verma,A hybrid approach of image steganography,2020,https://scholar.google.com/citations?view_op=view_citation&hl=en&user=h0edtgIAAAAJ&pagesize=100&sortby=pubdate&citation_for_view=h0edtgIAAAAJ:43bX7VzcjpAC,"2016 International Conference on Computing, Communication and Automation …, 2016","RK Singh, HK Verma",2,Computer Science and Engineering 
Dr Harsh Kumar Verma,Code smell prioritization in object‐oriented software systems: A systematic literature review,2020,https://scholar.google.com/citations?view_op=view_citation&hl=en&user=h0edtgIAAAAJ&pagesize=100&sortby=pubdate&citation_for_view=h0edtgIAAAAJ:jL-93Qbq4QoC,"Journal of Software: Evolution and Process 35 (12), e2536, 2023","A Singh, A Singh, K Kumari, H Verma, A Sharma, RK Chauhan",5,Computer Science and Engineering 
Dr Harsh Kumar Verma,Redis-based messaging queue and cache-enabled parallel processing social media analytics framework,2020,https://scholar.google.com/citations?view_op=view_citation&hl=en&user=h0edtgIAAAAJ&pagesize=100&sortby=pubdate&citation_for_view=h0edtgIAAAAJ:6yz0xqPARnAC,"The computer journal 65 (4), 843-857, 2022","M Kumar, H Kumar Verma, G Sikka",20,Computer Science and Engineering 
Dr Harsh Kumar Verma,A high capacity text steganography scheme based on huffman compression and color coding,2020,https://scholar.google.com/citations?view_op=view_citation&hl=en&user=h0edtgIAAAAJ&pagesize=100&sortby=pubdate&citation_for_view=h0edtgIAAAAJ:0CzhzZyukY4C,"Journal of Information and Optimization Sciences 38 (5), 647-664, 2017","A Kumar, H Verma",1,Computer Science and Engineering 
Dr Harsh Kumar Verma,A modified pixel-value differencing image steganographic scheme with least significant bit substitution method,2020,https://scholar.google.com/citations?view_op=view_citation&hl=en&user=h0edtgIAAAAJ&pagesize=100&sortby=pubdate&citation_for_view=h0edtgIAAAAJ:QD3KBmkZPeQC,"International Journal of Image, Graphics and Signal Processing 7 (4), 68, 2015","RK Singh, HK Verma",30,Computer Science and Engineering 
Dr Harsh Kumar Verma,3D—Playfair cipher using LFSR based unique random number generator,2020,https://scholar.google.com/citations?view_op=view_citation&hl=en&user=h0edtgIAAAAJ&pagesize=100&sortby=pubdate&citation_for_view=h0edtgIAAAAJ:4X0JR2_MtJMC,"2013 Sixth international conference on contemporary computing (IC3), 18-23, 2013","D Kaur, HK Verma, RK Singh",9,Computer Science and Engineering 
Dr Harsh Kumar Verma,Cryptanalysis and performance evaluation of enhanced threshold proxy signature scheme based on RSA for known signers,2020,https://scholar.google.com/citations?view_op=view_citation&hl=en&user=h0edtgIAAAAJ&pagesize=100&sortby=pubdate&citation_for_view=h0edtgIAAAAJ:kVjdVfd2voEC,"Mathematical Problems in Engineering 2013 (1), 790257, 2013","H Verma, P Tandon",5,Computer Science and Engineering 
Dr Harsh Kumar Verma,Comparison of various Security Protocols in RFID,2020,https://scholar.google.com/citations?view_op=view_citation&hl=en&user=h0edtgIAAAAJ&pagesize=100&sortby=pubdate&citation_for_view=h0edtgIAAAAJ:2tRrZ1ZAMYUC,"International journal of computer applications 24 (7), 17-21, 2011","G Kaur, HK Verma, RK Singh",1,Computer Science and Engineering 
Dr Harsh Kumar Verma,On the energy utilization for WSN based on BPSK over the Generalized-K shadowed fading channel,2020,https://scholar.google.com/citations?view_op=view_citation&hl=en&user=h0edtgIAAAAJ&pagesize=100&sortby=pubdate&citation_for_view=h0edtgIAAAAJ:sJsF-0ZLhtgC,"Wireless networks 20 (8), 2385-2393, 2014","A Malik, G Sikka, HK Verma",70,Computer Science and Engineering 
Dr Harsh Kumar Verma,AI-driven task scheduling strategy with blockchain integration for edge computing,2020,https://scholar.google.com/citations?view_op=view_citation&hl=en&user=h0edtgIAAAAJ&pagesize=100&sortby=pubdate&citation_for_view=h0edtgIAAAAJ:lgwcVrK6X84C,"Journal of Grid Computing 22 (1), 13, 2024","HS Pattanayak, HK Verma, AL Sangal",,Computer Science and Engineering 
Dr Harsh Kumar Verma,Improved ANN-based algorithm for detection and classification of faults on transmission lines,2020,https://scholar.google.com/citations?view_op=view_citation&hl=en&user=h0edtgIAAAAJ&pagesize=100&sortby=pubdate&citation_for_view=h0edtgIAAAAJ:PVgj2kMGcgYC,"2016 1st India international conference on information processing (IICIP), 1-6, 2016","N Bilandi, HK Verma, R Dhir",4,Computer Science and Engineering 
Dr Harsh Kumar Verma,Training needs assessment of marigold growers.,2020,https://scholar.google.com/citations?view_op=view_citation&hl=en&user=h0edtgIAAAAJ&pagesize=100&sortby=pubdate&citation_for_view=h0edtgIAAAAJ:JTqpx9DYBaYC,,"S Gupta, HK Verma, D Bhardwaj",,Computer Science and Engineering 
Dr Harsh Kumar Verma,"An advanced secure (t, n) threshold proxy signature scheme based on RSA cryptosystem for known signers",2020,https://scholar.google.com/citations?view_op=view_citation&hl=en&user=h0edtgIAAAAJ&pagesize=100&sortby=pubdate&citation_for_view=h0edtgIAAAAJ:otzGkya1bYkC,"2010 IEEE 2nd International Advance Computing Conference (IACC), 293-298, 2010","S Gupta, HK Verma, D Bhardwaj",44,Computer Science and Engineering 
Dr Harsh Kumar Verma,Impact of Firewall and VPN for securing WLAN,2020,https://scholar.google.com/citations?view_op=view_citation&hl=en&user=h0edtgIAAAAJ&pagesize=100&sortby=pubdate&citation_for_view=h0edtgIAAAAJ:uDGL6kOW6j0C,"International Journal 2 (5), 2012","N Bilandi, HK Verma, R Dhir",34,Computer Science and Engineering 
Dr Harsh Kumar Verma,Community detection metrics and algorithms in social networks,2020,https://scholar.google.com/citations?view_op=view_citation&hl=en&user=h0edtgIAAAAJ&pagesize=100&sortby=pubdate&citation_for_view=h0edtgIAAAAJ:1lhNe0rCu4AC,"2018 First International Conference on Secure Cyber Computing and …, 2018","A Sangal, HK Verma",45,Computer Science and Engineering 
Dr Harsh Kumar Verma,"Performance analysis of RC5, Blowfish and DES block cipher algorithms",2020,https://scholar.google.com/citations?view_op=view_citation&hl=en&user=h0edtgIAAAAJ&pagesize=100&sortby=pubdate&citation_for_view=h0edtgIAAAAJ:CaZNVDsoPx4C,"International Journal of Computer Applications 42 (16), 8-14, 2012","N Bilandi, HK Verma, R Dhir",25,Computer Science and Engineering 
Dr Harsh Kumar Verma,On performance evaluation of mining algorithm for multiple-level association rules based on scale-up characteristics,2020,https://scholar.google.com/citations?view_op=view_citation&hl=en&user=h0edtgIAAAAJ&pagesize=100&sortby=pubdate&citation_for_view=h0edtgIAAAAJ:zCSUwVk65WsC,"Journal of Advances in Information Technology 2 (4), 234-238, 2011","H Verma, S Lotia, A Singh",22,Computer Science and Engineering 
Dr Harsh Kumar Verma,Efficiency measurement of hydro machine by thermodynamic method,2020,https://scholar.google.com/citations?view_op=view_citation&hl=en&user=h0edtgIAAAAJ&pagesize=100&sortby=pubdate&citation_for_view=h0edtgIAAAAJ:wMgC3FpKEyYC,"IGHEM-2010, Oct 2123, 2010, 2010","K Kaur, HK Verma",4,Computer Science and Engineering 
Dr Harsh Kumar Verma,"A systematic study on the challenges, characteristics and security issues in vehicular networks",2019,https://scholar.google.com/citations?view_op=view_citation&hl=en&user=h0edtgIAAAAJ&pagesize=100&sortby=pubdate&citation_for_view=h0edtgIAAAAJ:dBIO0h50nwkC,"International Journal of Pervasive Computing and Communications 20 (1), 56-98, 2024","M Kumar, HK Verma, G Sikka",22,Computer Science and Engineering 
Dr Harsh Kumar Verma,Lengthening of average path length in social networks due to the effect of community structure,2019,https://scholar.google.com/citations?view_op=view_citation&hl=en&user=h0edtgIAAAAJ&pagesize=100&sortby=pubdate&citation_for_view=h0edtgIAAAAJ:mNrWkgRL2YcC,"Journal of King Saud University-Computer and Information Sciences 34 (10 …, 2022","A Malik, G Sikka, HK Verma",9,Computer Science and Engineering 
Dr Harsh Kumar Verma,QoS provisioning in channel allocation strategy in cognitive radio using fuzzy logic,2019,https://scholar.google.com/citations?view_op=view_citation&hl=en&user=h0edtgIAAAAJ&pagesize=100&sortby=pubdate&citation_for_view=h0edtgIAAAAJ:artPoR2Yc-kC,"International Journal of Machine Intelligence and Sensory Signal Processing …, 2014","B Singh, HK Verma, G Kumar, H Kim",,Computer Science and Engineering 
Dr Harsh Kumar Verma,Technology and research developments in carotid image registration,2019,https://scholar.google.com/citations?view_op=view_citation&hl=en&user=h0edtgIAAAAJ&pagesize=100&sortby=pubdate&citation_for_view=h0edtgIAAAAJ:EPG8bYD4jVwC,"Biomedical Signal Processing and Control 7 (6), 560-570, 2012","H Verma, R Chaudhari, D Gohi, S Chokshi, Z Sanghvi, P Patel",,Computer Science and Engineering 
Dr Harsh Kumar Verma,Performance evaluation of qos parameters in cognitive radio using genetic algorithm,2019,https://scholar.google.com/citations?view_op=view_citation&hl=en&user=h0edtgIAAAAJ&pagesize=100&sortby=pubdate&citation_for_view=h0edtgIAAAAJ:OR75R8vi5nAC,"World Academy of Science, Engineering and Technology 46, 2010","HS Pattanayak, AL Sangal, HK Verma",36,Computer Science and Engineering 
Dr Harsh Kumar Verma,Secure threshold proxy signature scheme based on RSA for known signers,2019,https://scholar.google.com/citations?view_op=view_citation&hl=en&user=h0edtgIAAAAJ&pagesize=100&sortby=pubdate&citation_for_view=h0edtgIAAAAJ:ALROH1vI_8AC,"Journal of Information Assurance and Security, USA 5 (4), 319-326, 2010","N Bilandi, HK Verma, R Dhir",3,Computer Science and Engineering 
Dr Harsh Kumar Verma,Image steganography: hiding secrets in random LSB pixels,2019,https://scholar.google.com/citations?view_op=view_citation&hl=en&user=h0edtgIAAAAJ&pagesize=100&sortby=pubdate&citation_for_view=h0edtgIAAAAJ:fbc8zXXH2BUC,"Soft Computing: Theories and Applications: Proceedings of SoCTA 2018, 331-341, 2020","N Bilandi, HK Verma, R Dhir",37,Computer Science and Engineering 
Dr Harsh Kumar Verma,A high capacity data hiding scheme using modified AMBTC compression technique.,2019,https://scholar.google.com/citations?view_op=view_citation&hl=en&user=h0edtgIAAAAJ&pagesize=100&sortby=pubdate&citation_for_view=h0edtgIAAAAJ:q-HalDI95KYC,"Int. Arab J. Inf. Technol. 16 (1), 148-155, 2019",H Verma,,Computer Science and Engineering 
Dr Harsh Kumar Verma,Impact of physical layer jamming on wireless sensor networks with shadowing and multicasting,2019,https://scholar.google.com/citations?view_op=view_citation&hl=en&user=h0edtgIAAAAJ&pagesize=100&sortby=pubdate&citation_for_view=h0edtgIAAAAJ:AHdEip9mkN0C,"International Journal of Computer Network and Information Security 4 (7), 51, 2012","A Malik, AT Magar, H Verma, M Singh, P Sagar",34,Computer Science and Engineering 
Dr Harsh Kumar Verma,A comparative study of bayesian and fuzzy approach to assess and predict maintainability of the software using activity-based quality model,2019,https://scholar.google.com/citations?view_op=view_citation&hl=en&user=h0edtgIAAAAJ&pagesize=100&sortby=pubdate&citation_for_view=h0edtgIAAAAJ:Xl6nMSl579sC,"ACM SIGSOFT Software Engineering Notes 37 (3), 1-9, 2012","MS Islam, H Verma, L Khan, M Kantarcioglu",23,Computer Science and Engineering 
Dr Harsh Kumar Verma,Random sample audio watermarking algorithm for compressed wave files,2018,https://scholar.google.com/citations?view_op=view_citation&hl=en&user=h0edtgIAAAAJ&pagesize=100&sortby=pubdate&citation_for_view=h0edtgIAAAAJ:yMeIxYmEMEAC,"International Journal of Computer Science and Network Security 9 (11), 283-287, 2009","HS Pattanayak, HK Verma, AL Sangal",11,Computer Science and Engineering 
Dr Harsh Kumar Verma,Comparison of Threshold Proxy Signature Schemes.,2018,https://scholar.google.com/citations?view_op=view_citation&hl=en&user=h0edtgIAAAAJ&pagesize=100&sortby=pubdate&citation_for_view=h0edtgIAAAAJ:KbBQZpvPDL4C,"Security and Management, 227-231, 2008","N Bilandi, HK Verma, R Dhir",5,Computer Science and Engineering 
Dr Harsh Kumar Verma,Optimization of block size for DCT-based medical image compression,2018,https://scholar.google.com/citations?view_op=view_citation&hl=en&user=h0edtgIAAAAJ&pagesize=100&sortby=pubdate&citation_for_view=h0edtgIAAAAJ:u-coK7KVo8oC,"Journal of Medical Engineering & Technology 31 (2), 129-143, 2007","C Guleria, HK Verma",29,Computer Science and Engineering 
Dr Harsh Kumar Verma,Evaluating the impact of beacon interval and neighbor timeout timer on the performance of geographical routing in fanets,2018,https://scholar.google.com/citations?view_op=view_citation&hl=en&user=h0edtgIAAAAJ&pagesize=100&sortby=pubdate&citation_for_view=h0edtgIAAAAJ:mlAyqtXpCwEC,"3rd International Conference on Integrated Intelligent Computing …, 2021","A Malik, G Sikka, HK Verma",47,Computer Science and Engineering 
Dr Harsh Kumar Verma,Smart grid cloud for Indian power sector,2017,https://scholar.google.com/citations?view_op=view_citation&hl=en&user=h0edtgIAAAAJ&pagesize=100&sortby=pubdate&citation_for_view=h0edtgIAAAAJ:86PQX7AUzd4C,"International conference on recent advances and innovations in engineering …, 2014","A Malik, G Sikka, HK Verma",49,Computer Science and Engineering 
Dr Harsh Kumar Verma,Performance Analysis of Virtual Private Network for Securing Voice and Video Traffic,2017,https://scholar.google.com/citations?view_op=view_citation&hl=en&user=h0edtgIAAAAJ&pagesize=100&sortby=pubdate&citation_for_view=h0edtgIAAAAJ:1Ye0OR6EYb4C,"International Journal of Computer Applications 46 (16), 25-30, 2012","HK Verma, NK Samadhiya, M Singh, RK Goel, PK Singh",,Computer Science and Engineering 
Dr Harsh Kumar Verma,Modeling of blast induced damage distance for underground tunnels,2017,https://scholar.google.com/citations?view_op=view_citation&hl=en&user=h0edtgIAAAAJ&pagesize=100&sortby=pubdate&citation_for_view=h0edtgIAAAAJ:-7ulzOJl1JYC,"Proceedings of the Indian Geotechnical Conference 2019: IGC-2019 Volume V …, 2021","HK Verma, PY Pradeep Yadav, K Kailash",,Computer Science and Engineering 
Dr Harsh Kumar Verma,Comparative analysis of cloudlet completion time in time and space shared allocation policies during attack on smart grid cloud,2017,https://scholar.google.com/citations?view_op=view_citation&hl=en&user=h0edtgIAAAAJ&pagesize=100&sortby=pubdate&citation_for_view=h0edtgIAAAAJ:Dem6FJhTUoYC,"Procedia Computer Science 94, 435-440, 2016","HK Verma, PY Pradeep Yadav, K Kailash",,Computer Science and Engineering 
Dr Harsh Kumar Verma,Asymptotic multicast throughput analysis and energy efficiency in WSN under double Nakagami fading channel using Extreme value theory,2017,https://scholar.google.com/citations?view_op=view_citation&hl=en&user=h0edtgIAAAAJ&pagesize=100&sortby=pubdate&citation_for_view=h0edtgIAAAAJ:_axFR9aDTf0C,"AEU-International Journal of Electronics and Communications 69 (9), 1346-1353, 2015","A Malik, G Sikka, HK Verma",105,Computer Science and Engineering 
Dr Harsh Kumar Verma,On Denial of Service Attacks for Wireless Sensor Networks,2017,https://scholar.google.com/citations?view_op=view_citation&hl=en&user=h0edtgIAAAAJ&pagesize=100&sortby=pubdate&citation_for_view=h0edtgIAAAAJ:4fGpz3EwCPoC,"International Journal of Computer Applications 43 (6), 43-47, 2012","S Mehmi, HK Verma, AL Sangal",55,Computer Science and Engineering 
Dr Harsh Kumar Verma,Performance evaluation of csma/tdma cognitive radio using genetic algorithm,2017,https://scholar.google.com/citations?view_op=view_citation&hl=en&user=h0edtgIAAAAJ&pagesize=100&sortby=pubdate&citation_for_view=h0edtgIAAAAJ:4vMrXwiscB8C,"International Journal of Soft Computing and Engineering (IJSCE) 2 (3), 66-70, 2012","SM Nitharwal, HK Verma",3,Computer Science and Engineering 
Dr Harsh Kumar Verma,"IoV-Health: an intelligent integrated emergency health monitoring and alert generation system: K. Kaur, HK Verma",2017,https://scholar.google.com/citations?view_op=view_citation&hl=en&user=h0edtgIAAAAJ&pagesize=100&sortby=pubdate&citation_for_view=h0edtgIAAAAJ:rmuvC79q63oC,"Soft Computing, 1-17, 2023","A Malik, G Sikka, HK Verma",38,Computer Science and Engineering 
Dr Harsh Kumar Verma,Dawn of big data with Hadoop and machine learning,2017,https://scholar.google.com/citations?view_op=view_citation&hl=en&user=h0edtgIAAAAJ&pagesize=100&sortby=pubdate&citation_for_view=h0edtgIAAAAJ:6ZxmRoH8BuwC,"Machine Learning and Data Science: Fundamentals and Applications, 47-65, 2022","A Malik, G Sikka, HK Verma",16,Computer Science and Engineering 
Dr Harsh Kumar Verma,A study of relevant parameters influencing code smell prioritization in object-oriented software systems,2017,https://scholar.google.com/citations?view_op=view_citation&hl=en&user=h0edtgIAAAAJ&pagesize=100&sortby=pubdate&citation_for_view=h0edtgIAAAAJ:GtLg2Ama23sC,"2021 6th International Conference on Signal Processing, Computing and …, 2021","A Malik, G Sikka, HK Verma",53,Computer Science and Engineering 
Dr Harsh Kumar Verma,An empirical enhancement using scale invariant feature transform in text extraction from images,2017,https://scholar.google.com/citations?view_op=view_citation&hl=en&user=h0edtgIAAAAJ&pagesize=100&sortby=pubdate&citation_for_view=h0edtgIAAAAJ:OcBU2YAGkTUC,"2017 International Conference on Intelligent Communication and Computational …, 2017","JS Aidan, HK Verma, LK Awasthi",82,Computer Science and Engineering 
Dr Harsh Kumar Verma,Economic Viability of Smart Grid Cloud in India,2017,https://scholar.google.com/citations?view_op=view_citation&hl=en&user=h0edtgIAAAAJ&pagesize=100&sortby=pubdate&citation_for_view=h0edtgIAAAAJ:HIFyuExEbWQC,"International Journal of Grid and Distributed Computing 9 (2), 61-72, 2016","KK Sahota, LK Awasthi, HK Verma",6,Computer Science and Engineering 
Dr Harsh Kumar Verma,Comparative analysis of ad hoc routing protocols based on user's point of view,2016,https://scholar.google.com/citations?view_op=view_citation&hl=en&user=h0edtgIAAAAJ&pagesize=100&sortby=pubdate&citation_for_view=h0edtgIAAAAJ:PVjk1bu6vJQC,"2013 3rd IEEE International Advance Computing Conference (IACC), 243-248, 2013","N Bahl, AK Sharma, HK Verma",1,Computer Science and Engineering 
Dr Harsh Kumar Verma,"Phytochemical determination and evaluation of antibacterial, antifungal and cytotoxic effects in selected medicinal plants",2016,https://scholar.google.com/citations?view_op=view_citation&hl=en&user=h0edtgIAAAAJ&pagesize=100&sortby=pubdate&citation_for_view=h0edtgIAAAAJ:DUooU5lO8OsC,"Int J of Cur Pharm Rev and Res 4 (3), 69-76, 2013","F Fayaz, A Isa, HK Verma, S Deb",14,Computer Science and Engineering 
Dr Harsh Kumar Verma,Investigation of delay time precision in pyrotechnic detonators,2016,https://scholar.google.com/citations?view_op=view_citation&hl=en&user=h0edtgIAAAAJ&pagesize=100&sortby=pubdate&citation_for_view=h0edtgIAAAAJ:NXb4pA-qfm4C,"Journal of Rock Mechanics and Tunnelling Technology 19 (1), 19-29, 2013","D Kaur, HK Verma, RK Singh",17,Computer Science and Engineering 
Dr Harsh Kumar Verma,Security analysis and performance evaluation of enhanced threshold proxy signature scheme based on RSA for known signers,2016,https://scholar.google.com/citations?view_op=view_citation&hl=en&user=h0edtgIAAAAJ&cstart=100&pagesize=100&sortby=pubdate&citation_for_view=h0edtgIAAAAJ:edDO8Oi4QzsC,"International Journal of Computer Network and Information Security, IJCNIS …, 2012","S Mehmi, AL Sangal, HK Verma, K Parmar",6,Computer Science and Engineering 
Dr Harsh Kumar Verma,6 x 6 playfair cipher using lfsr based unique random number generator,2016,https://scholar.google.com/citations?view_op=view_citation&hl=en&user=h0edtgIAAAAJ&cstart=100&pagesize=100&sortby=pubdate&citation_for_view=h0edtgIAAAAJ:jgBuDB5drN8C,"International Journal of Computer Applications 51 (2), 2012","D Malik, J Thakur, J Aggarwal, A Dua, S Nijhawan, A Kumar, K Kaur, ...",4,Computer Science and Engineering 
Dr Harsh Kumar Verma,CLGR: Connectivity and link quality aware geographical routing using AHP-TOPSIS for FANETs,2016,https://scholar.google.com/citations?view_op=view_citation&hl=en&user=h0edtgIAAAAJ&cstart=100&pagesize=100&sortby=pubdate&citation_for_view=h0edtgIAAAAJ:LgRImbQfgY4C,"Peer-to-Peer Networking and Applications 18 (1), 63, 2025",HK Verma,,Computer Science and Engineering 
Dr Harsh Kumar Verma,Performance Challenges and Solutions in Big Data Platform Hadoop,2016,https://scholar.google.com/citations?view_op=view_citation&hl=en&user=h0edtgIAAAAJ&cstart=100&pagesize=100&sortby=pubdate&citation_for_view=h0edtgIAAAAJ:YohjEiUPhakC,"Recent Advances in Computer Science and Communications (Formerly: Recent …, 2023","S Mehmi, HK Verma, AL Sangal",7,Computer Science and Engineering 
Dr Harsh Kumar Verma,An intelligent communication system for collision avoidance on roads: A smart city application,2015,https://scholar.google.com/citations?view_op=view_citation&hl=en&user=h0edtgIAAAAJ&cstart=100&pagesize=100&sortby=pubdate&citation_for_view=h0edtgIAAAAJ:foquWX3nUaYC,"Computers and Electrical Engineering 103, 108398, 2022","S Mehmi, HK Verma, AL Sangal",2,Computer Science and Engineering 
Dr Harsh Kumar Verma,Voting classification method with PCA and K-means for diabetic prediction,2015,https://scholar.google.com/citations?view_op=view_citation&hl=en&user=h0edtgIAAAAJ&cstart=100&pagesize=100&sortby=pubdate&citation_for_view=h0edtgIAAAAJ:6_hjMsCP8ZoC,"Innovations in Computer Science and Engineering: Proceedings of 8th ICICSE …, 2021","HK Verma, NK Samadhiya, M Singh, VVR Prasad, RK Goel",,Computer Science and Engineering 
Dr Harsh Kumar Verma,DREIRAD,2015,https://scholar.google.com/citations?view_op=view_citation&hl=en&user=h0edtgIAAAAJ&cstart=100&pagesize=100&sortby=pubdate&citation_for_view=h0edtgIAAAAJ:Bg7qf7VwUHIC,"International Journal for Advance Research and Development 5 (6), 19-23, 2020",HK Verma,,Computer Science and Engineering 
Dr Harsh Kumar Verma,Application of nanotechnology in oral and maxillofacial surgery,2015,https://scholar.google.com/citations?view_op=view_citation&hl=en&user=h0edtgIAAAAJ&cstart=100&pagesize=100&sortby=pubdate&citation_for_view=h0edtgIAAAAJ:F1b5ZUV5XREC,"IOSR J. Dent. Med. Sci 19 (6), 56-61, 2020","HK Verma, NK Samadhiya, M Singh, RK Goel",3,Computer Science and Engineering 
Dr Harsh Kumar Verma,An energy efficient tdma based mac protocol for wireless body area networks,2015,https://scholar.google.com/citations?view_op=view_citation&hl=en&user=h0edtgIAAAAJ&cstart=100&pagesize=100&sortby=pubdate&citation_for_view=h0edtgIAAAAJ:mvPsJ3kp5DgC,"2018 First International Conference on Secure Cyber Computing and …, 2018","N Bahl, AK Sharma, HK Verma",1,Computer Science and Engineering 
Dr Harsh Kumar Verma,Agrobacterium-mediated transformation of broccoli,2015,https://scholar.google.com/citations?view_op=view_citation&hl=en&user=h0edtgIAAAAJ&cstart=100&pagesize=100&sortby=pubdate&citation_for_view=h0edtgIAAAAJ:pqnbT2bcN3wC,"Crop improv 41 (2), 139-147, 2014","R Kumar, HK Verma, R Dhir",19,Computer Science and Engineering 
Dr Harsh Kumar Verma,"Comparative Analysis of Reactive and Proactive Routing Protocols in MANETs Using Throughput, Delay and Network Load",2015,https://scholar.google.com/citations?view_op=view_citation&hl=en&user=h0edtgIAAAAJ&cstart=100&pagesize=100&sortby=pubdate&citation_for_view=h0edtgIAAAAJ:NJ774b8OgUMC,"International Journal of Advanced and Innovative Research 1 (1), 1-6, 2012","K Aggarwal, HK Verma",20,Computer Science and Engineering 
Dr Harsh Kumar Verma,Linear feedback shift register based unique random number generator,2015,https://scholar.google.com/citations?view_op=view_citation&hl=en&user=h0edtgIAAAAJ&cstart=100&pagesize=100&sortby=pubdate&citation_for_view=h0edtgIAAAAJ:uc_IGeMz5qoC,"International Conference on Electrical Engineering and Computer Science, Goa …, 2012","N Bahl, AK Sharma, HK Verma",7,Computer Science and Engineering 
Dr Harsh Kumar Verma,Monitoring of variation in water quality of river Ganga at Sangam in Allahabad,2015,https://scholar.google.com/citations?view_op=view_citation&hl=en&user=h0edtgIAAAAJ&cstart=100&pagesize=100&sortby=pubdate&citation_for_view=h0edtgIAAAAJ:wbdj-CoPYUoC,"INDIAN JOURNAL OF ENVIRONMENTAL PROTECTION 27 (8), 680, 2007","A Malik, G Sikka, HK Verma",16,Computer Science and Engineering 
Dr Harsh Kumar Verma,Investment opportunities for potash mining in India as an import substitute mineral,2014,https://scholar.google.com/citations?view_op=view_citation&hl=en&user=h0edtgIAAAAJ&cstart=100&pagesize=100&sortby=pubdate&citation_for_view=h0edtgIAAAAJ:kz9GbA2Ns4gC,"First Indian Mineral Congress and Technological Exhibition on Showcasing the …, 2005","S Gupta, HK Verma, AL Sangal",4,Computer Science and Engineering 
Dr Harsh Kumar Verma,Electronic detonators-a technological update,2014,https://scholar.google.com/citations?view_op=view_citation&hl=en&user=h0edtgIAAAAJ&cstart=100&pagesize=100&sortby=pubdate&citation_for_view=h0edtgIAAAAJ:olpn-zPbct0C,"Journal of Mines, Metals & Fuels 52 (11), 290-292, 2004","MJ Kaur, HK Verma, M Uddin",10,Computer Science and Engineering 
Dr Harsh Kumar Verma,"ETSI ITS: A comprehensive overview of the architecture, challenges and issues",2014,https://scholar.google.com/citations?view_op=view_citation&hl=en&user=h0edtgIAAAAJ&cstart=100&pagesize=100&sortby=pubdate&citation_for_view=h0edtgIAAAAJ:oNZyr7d5Mn4C,"International Journal of Sensors Wireless Communications and Control 14 (2 …, 2024","S Mehmi, HK Verma, AL Sangal",4,Computer Science and Engineering 
Dr Harsh Kumar Verma,Recommender credibility-based trust model for secure v2x communication,2014,https://scholar.google.com/citations?view_op=view_citation&hl=en&user=h0edtgIAAAAJ&cstart=100&pagesize=100&sortby=pubdate&citation_for_view=h0edtgIAAAAJ:CB2v5VPnA5kC,"2022 5th International Conference on Computational Intelligence and Networks …, 2022","RK Lamba, HK Verma",1,Computer Science and Engineering 
Dr Harsh Kumar Verma,IMSM: An interval migration based approach for skew mitigation in mapreduce,2014,https://scholar.google.com/citations?view_op=view_citation&hl=en&user=h0edtgIAAAAJ&cstart=100&pagesize=100&sortby=pubdate&citation_for_view=h0edtgIAAAAJ:U_HPUtbDl20C,"Recent Advances in Computer Science and Communications (Formerly: Recent …, 2021","H Verma, P Kumar, G Gambhir, DK Srivastava",5,Computer Science and Engineering 
Dr Harsh Kumar Verma,"The interoperability of fog and IoT in healthcare domain: Architecture, application, and challenges",2014,https://scholar.google.com/citations?view_op=view_citation&hl=en&user=h0edtgIAAAAJ&cstart=100&pagesize=100&sortby=pubdate&citation_for_view=h0edtgIAAAAJ:nZcligLrVowC,"Fog Computing for Healthcare 4.0 Environments: Technical, Societal, and …, 2020","HK Verma, VVR Prasad",18,Computer Science and Engineering 
Dr Harsh Kumar Verma,Novel transportation layers of NiO and ZnO for the fabrication of perovskite solar cell for e-monitoring of healthcare,2014,https://scholar.google.com/citations?view_op=view_citation&hl=en&user=h0edtgIAAAAJ&cstart=100&pagesize=100&sortby=pubdate&citation_for_view=h0edtgIAAAAJ:KUbvn5osdkgC,"Journal of Sol-Gel Science and Technology 95 (2), 300-307, 2020","Himakshi, HK Verma, RK Singh, CK Singh",3,Computer Science and Engineering 
Dr Harsh Kumar Verma,Quetelet’s index and body fat percentage assessment in indian undergraduate students,2014,https://scholar.google.com/citations?view_op=view_citation&hl=en&user=h0edtgIAAAAJ&cstart=100&pagesize=100&sortby=pubdate&citation_for_view=h0edtgIAAAAJ:fQNAKQ3IYiAC,"The Delhi University Journal of Undergraduate Research and Innovation 2, 56-69, 2016","A Gupta, HK Verma, S Gupta",,Computer Science and Engineering 
Dr Harsh Kumar Verma,Efficient security mechanism to counter the malicious attack in wireless sensor networks,2014,https://scholar.google.com/citations?view_op=view_citation&hl=en&user=h0edtgIAAAAJ&cstart=100&pagesize=100&sortby=pubdate&citation_for_view=h0edtgIAAAAJ:ye4kPcJQO24C,"CSI transactions on ICT 2 (1), 35-41, 2014","S Mehmi, HK Verma, AL Sangal",8,Computer Science and Engineering 
Dr Harsh Kumar Verma,Analysis of security issues in cloud based smart grid,2014,https://scholar.google.com/citations?view_op=view_citation&hl=en&user=h0edtgIAAAAJ&cstart=100&pagesize=100&sortby=pubdate&citation_for_view=h0edtgIAAAAJ:Ak0FvsSvgGUC,"Sci. Emerg. Technol. Latest Trends 18 (1), 12-21, 2014","HK Verma, NK Samadhiya, M Singh, VR PRASAD",,Computer Science and Engineering 
Dr Harsh Kumar Verma,Enhanced hash chain based scheme for security and privacy in RFID systems,2014,https://scholar.google.com/citations?view_op=view_citation&hl=en&user=h0edtgIAAAAJ&cstart=100&pagesize=100&sortby=pubdate&citation_for_view=h0edtgIAAAAJ:ldfaerwXgEUC,"International Journal of Computer Applications 975, 8887, 2011","N Bahl, AK Sharma, HK Verma",15,Computer Science and Engineering 
Dr Harsh Kumar Verma,First fundamental problem for an infinite elastic plane with a parabolic cut,2013,https://scholar.google.com/citations?view_op=view_citation&hl=en&user=h0edtgIAAAAJ&cstart=100&pagesize=100&sortby=pubdate&citation_for_view=h0edtgIAAAAJ:YsrPvlHIBpEC,"J. Sci. Eng. Res. 8 (2), 257-262, 1964","K Monisha, A Nirali, P Vandita, P Khyati, G Ajay, MK Vinit, H Verma, ...",6,Computer Science and Engineering 
Dr Harsh Kumar Verma,Prioritizing God Class Code Smells in Object-Oriented Software Using Fuzzy Inference System,2013,https://scholar.google.com/citations?view_op=view_citation&hl=en&user=h0edtgIAAAAJ&cstart=100&pagesize=100&sortby=pubdate&citation_for_view=h0edtgIAAAAJ:9ZlFYXVOiuMC,"Arabian Journal for Science and Engineering 49 (9), 12743-12770, 2024","R Kumar, HK Verma, R Dhir",16,Computer Science and Engineering 
Dr Harsh Kumar Verma,MF‐DLB: Multimetric forwarding and directed acyclic graph‐based load balancing for geographic routing in FANETs,2013,https://scholar.google.com/citations?view_op=view_citation&hl=en&user=h0edtgIAAAAJ&cstart=100&pagesize=100&sortby=pubdate&citation_for_view=h0edtgIAAAAJ:maZDTaKrznsC,"Concurrency and Computation: Practice and Experience 36 (11), e8025, 2024","K Aggarwal, JK Saini, HK Verma",36,Computer Science and Engineering 
Dr Harsh Kumar Verma,EMM: Extended matching market based scheduling for big data platform hadoop,2013,https://scholar.google.com/citations?view_op=view_citation&hl=en&user=h0edtgIAAAAJ&cstart=100&pagesize=100&sortby=pubdate&citation_for_view=h0edtgIAAAAJ:F9fV5C73w3QC,"Multimedia Tools and Applications 81 (24), 34823-34847, 2022","HK Verma, RK Goel, VVR Prasad, S Dutta, A Bhardwaj, KC Upadhyay",,Computer Science and Engineering 
Dr Harsh Kumar Verma,Gravitational community detection by predicting diameter,2013,https://scholar.google.com/citations?view_op=view_citation&hl=en&user=h0edtgIAAAAJ&cstart=100&pagesize=100&sortby=pubdate&citation_for_view=h0edtgIAAAAJ:nVrZBo8bIpAC,"Discrete Mathematics, Algorithms and Applications 14 (04), 2150145, 2022","HK Verma, RK Goel, VVR Prasad",,Computer Science and Engineering 
Dr Harsh Kumar Verma,Precursors and impact of mindful consumption,2013,https://scholar.google.com/citations?view_op=view_citation&hl=en&user=h0edtgIAAAAJ&cstart=100&pagesize=100&sortby=pubdate&citation_for_view=h0edtgIAAAAJ:BJbdYPG6LGMC,"Advances in Consumer Research 49, 472-473, 2021",HK Verma,6,Computer Science and Engineering 
Dr Harsh Kumar Verma,An Energy Efficient Health Monitoring System using Relay Node in Wireless Body Area Networks.,2013,https://scholar.google.com/citations?view_op=view_citation&hl=en&user=h0edtgIAAAAJ&cstart=100&pagesize=100&sortby=pubdate&citation_for_view=h0edtgIAAAAJ:MAUkC_7iAq8C,"EAI Endorsed Transactions on Pervasive Health & Technology 5 (20), 2019","HK Verma, BM Patel, JK Patel, PY Pradeep Yadav",,Computer Science and Engineering 
Dr Harsh Kumar Verma,A Boolean-based multi-secret image sharing scheme using bit-reversal,2013,https://scholar.google.com/citations?view_op=view_citation&hl=en&user=h0edtgIAAAAJ&cstart=100&pagesize=100&sortby=pubdate&citation_for_view=h0edtgIAAAAJ:-95Q15plzcUC,"2017 International Conference on Intelligent Communication and Computational …, 2017","SB Prasad, H Verma, V Aeri",2,Computer Science and Engineering 
Dr Harsh Kumar Verma,Extent of rock mass damage induced by blasting in tunneling,2013,https://scholar.google.com/citations?view_op=view_citation&hl=en&user=h0edtgIAAAAJ&cstart=100&pagesize=100&sortby=pubdate&citation_for_view=h0edtgIAAAAJ:O0nohqN1r9EC,"Jour of Engineering Geology 66 (7), 946-958, 2015","R Kumar, HK Verma, R Dhir",,Computer Science and Engineering 
Dr Harsh Kumar Verma,Bi-directional pixel-value differencing approach for steganography,2013,https://scholar.google.com/citations?view_op=view_citation&hl=en&user=h0edtgIAAAAJ&cstart=100&pagesize=100&sortby=pubdate&citation_for_view=h0edtgIAAAAJ:hCrLmN-GePgC,"Proceedings of the Third International Conference on Soft Computing for …, 2014","H Verma, HS Basavaraja, V Sharma",,Computer Science and Engineering 
Dr Harsh Kumar Verma,Constraints in adoption of marigold production technology.,2013,https://scholar.google.com/citations?view_op=view_citation&hl=en&user=h0edtgIAAAAJ&cstart=100&pagesize=100&sortby=pubdate&citation_for_view=h0edtgIAAAAJ:j3f4tGmQtD8C,,"HK Verma, RK Singh",28,Computer Science and Engineering 
Dr Harsh Kumar Verma,Analysis and removal of vulnerabilities in masquerading attack in wireless sensor networks,2013,https://scholar.google.com/citations?view_op=view_citation&hl=en&user=h0edtgIAAAAJ&cstart=100&pagesize=100&sortby=pubdate&citation_for_view=h0edtgIAAAAJ:5ugPr518TE4C,"Int. J. Comput. Technol. Electron. Eng.(IJCTEE) 2 (3), 2012","M Kumar, H Verma, S Singh",,Computer Science and Engineering 
Dr Harsh Kumar Verma,A procedure for face detection & recognition,2013,https://scholar.google.com/citations?view_op=view_citation&hl=en&user=h0edtgIAAAAJ&cstart=100&pagesize=100&sortby=pubdate&citation_for_view=h0edtgIAAAAJ:XoXfffV-tXoC,"Proceedings of the 18th IASTED International Conference: Modelling and …, 2007","S Gupta, HK Verma, AL Sangal",20,Computer Science and Engineering 
Dr Harsh Kumar Verma,A mixed boundary-value problem of elasticity with parabolic boundary,2013,https://scholar.google.com/citations?view_op=view_citation&hl=en&user=h0edtgIAAAAJ&cstart=100&pagesize=100&sortby=pubdate&citation_for_view=h0edtgIAAAAJ:fPk4N6BV_jEC,"Acta Mechanica 2 (4), 392-397, 1966","A Kaur, HK Verma, RK Singh",16,Computer Science and Engineering 
Dr Harsh Kumar Verma,A Hybrid Seagull Optimization Algorithm for Effective Task Offloading in Edge Computing Systems,2013,https://scholar.google.com/citations?view_op=view_citation&hl=en&user=h0edtgIAAAAJ&cstart=100&pagesize=100&sortby=pubdate&citation_for_view=h0edtgIAAAAJ:9c2xU6iGI7YC,"National Academy Science Letters, 1-10, 2024","HK Verma, BM Patel, JK Patel, P Yadav",3,Computer Science and Engineering 
Dr Harsh Kumar Verma,Application of Hadoop in Data Science,2013,https://scholar.google.com/citations?view_op=view_citation&hl=en&user=h0edtgIAAAAJ&cstart=100&pagesize=100&sortby=pubdate&citation_for_view=h0edtgIAAAAJ:jE2MZjpN3IcC,"Machine Learning and Data Science: Fundamentals and Applications, 147-167, 2022","HK Verma, BM Patel, JK Patel, KD Gulkari",14,Computer Science and Engineering 
Dr Harsh Kumar Verma,"Uav-based cyber-physical systems: Concepts, applications, and issues",2013,https://scholar.google.com/citations?view_op=view_citation&hl=en&user=h0edtgIAAAAJ&cstart=100&pagesize=100&sortby=pubdate&citation_for_view=h0edtgIAAAAJ:RHpTSmoSYBkC,"Cyber-Physical Systems, 217-232, 2022","A Gupta, HK Verma, S Gupta",19,Computer Science and Engineering 
Dr Harsh Kumar Verma,Effective analysis of tweets using Hadoop ecosystem,2013,https://scholar.google.com/citations?view_op=view_citation&hl=en&user=h0edtgIAAAAJ&cstart=100&pagesize=100&sortby=pubdate&citation_for_view=h0edtgIAAAAJ:vV6vV6tmYwMC,"The International Conference on Recent Innovations in Computing, 599-613, 2020","JK Saini, HK Verma",54,Computer Science and Engineering 
Dr Harsh Kumar Verma,Analysis of cloudlet completion time during attack on smart grid cloud,2013,https://scholar.google.com/citations?view_op=view_citation&hl=en&user=h0edtgIAAAAJ&cstart=100&pagesize=100&sortby=pubdate&citation_for_view=h0edtgIAAAAJ:zA6iFVUQeVQC,"International Journal of Cloud Computing 4 (4), 353-376, 2015","N Bilandi, HK Verma, N Kumar",6,Computer Science and Engineering 
Dr Harsh Kumar Verma,Yashwant. Probiotics: A Medieval To Modern Era Prospective,2012,https://scholar.google.com/citations?view_op=view_citation&hl=en&user=h0edtgIAAAAJ&cstart=100&pagesize=100&sortby=pubdate&citation_for_view=h0edtgIAAAAJ:NaGl4SEjCO4C,"International Journal of Toxicologial and Pharmacological Research 5, 63-68, 2013","N Bahl, AK Sharma, HK Verma",7,Computer Science and Engineering 
Dr Harsh Kumar Verma,"Subsidy on plant protection for oilseeds, a case study",2012,https://scholar.google.com/citations?view_op=view_citation&hl=en&user=h0edtgIAAAAJ&cstart=100&pagesize=100&sortby=pubdate&citation_for_view=h0edtgIAAAAJ:aIdbFUkbNIkC,"Indian Journal of Extension Education 27 (1), 91-96, 1991","H KumarVerma, R Kumar Singh",11,Computer Science and Engineering 
Dr Harsh Kumar Verma,Quality rating of well water for irrigation in Delhi Area,2012,https://scholar.google.com/citations?view_op=view_citation&hl=en&user=h0edtgIAAAAJ&cstart=100&pagesize=100&sortby=pubdate&citation_for_view=h0edtgIAAAAJ:KlAtU1dfN6UC,"Geological Survey of India Misc 14 (3), 117-128, 1969","H KumarVerma, R Kumar Singh",63,Computer Science and Engineering 
Dr Harsh Kumar Verma,MP-TMD: A Multidimensional Plausibility-driven Cooperative Trust Model for Multiple Misbehaviour Detection in Intelligent Transportation Systems,2012,https://scholar.google.com/citations?view_op=view_citation&hl=en&user=h0edtgIAAAAJ&cstart=100&pagesize=100&sortby=pubdate&citation_for_view=h0edtgIAAAAJ:5qfkUJPXOUwC,"Cluster Computing 28 (3), 181, 2025","MJ Kaur, M Uddin, HK Verma, BR Ambedkar",25,Computer Science and Engineering 
Dr Harsh Kumar Verma,"A multi-sensor based emergency healthcare monitoring system integrating heart status, stress, and alcohol detections",2012,https://scholar.google.com/citations?view_op=view_citation&hl=en&user=h0edtgIAAAAJ&cstart=100&pagesize=100&sortby=pubdate&citation_for_view=h0edtgIAAAAJ:IWHjjKOFINEC,"Sensor Review 43 (3), 145-161, 2023","A Kaur, HK Verma, RK Singh",30,Computer Science and Engineering 
Dr Harsh Kumar Verma,Malware Signature and Behavior Performance Evaluation utilizing Packers,2012,https://scholar.google.com/citations?view_op=view_citation&hl=en&user=h0edtgIAAAAJ&cstart=100&pagesize=100&sortby=pubdate&citation_for_view=h0edtgIAAAAJ:cWzG1nlazyYC,"2022 2nd Asian Conference on Innovation in Technology (ASIANCON), 1-8, 2022","A Kaur, HK Verma, RK Singh",6,Computer Science and Engineering 
Dr Harsh Kumar Verma,Smart System Using IoT to Protect the Kitchen From Fire,2012,https://scholar.google.com/citations?view_op=view_citation&hl=en&user=h0edtgIAAAAJ&cstart=100&pagesize=100&sortby=pubdate&citation_for_view=h0edtgIAAAAJ:Ri6SYOTghG4C,"International Journal of Distributed Artificial Intelligence (IJDAI) 14 (2 …, 2022",HK Verma,,Computer Science and Engineering 
Dr Harsh Kumar Verma,"Hazard analysis of rockfalls from high wall slopes in opencast mines-a case study of Dadam quartzite mine, Haryana, India",2012,https://scholar.google.com/citations?view_op=view_citation&hl=en&user=h0edtgIAAAAJ&cstart=100&pagesize=100&sortby=pubdate&citation_for_view=h0edtgIAAAAJ:hMod-77fHWUC,"The Indian Mining & Engineering Journal 61 (09), 12-17, 2022","MJ Kaur, M Uddin, HK Verma",7,Computer Science and Engineering 
Dr Harsh Kumar Verma,User Activity Classification and Domain-Wise Ranking Through Social Interactions,2012,https://scholar.google.com/citations?view_op=view_citation&hl=en&user=h0edtgIAAAAJ&cstart=100&pagesize=100&sortby=pubdate&citation_for_view=h0edtgIAAAAJ:k_IJM867U9cC,"International Journal of System Dynamics Applications (IJSDA) 11 (2), 1-15, 2021","A Malik, HK Verma, R Pal",13,Computer Science and Engineering 
Dr Harsh Kumar Verma,Various Techniques to Improve the Efficiency of Apriori Algorithm: A Review,2012,https://scholar.google.com/citations?view_op=view_citation&hl=en&user=h0edtgIAAAAJ&cstart=100&pagesize=100&sortby=pubdate&citation_for_view=h0edtgIAAAAJ:u_35RYKgDlwC,"2021 2nd International Conference on Secure Cyber Computing and …, 2021","HK Verma, RK Singh",5,Computer Science and Engineering 
Dr Harsh Kumar Verma,Hiding secret message using matrix reordering and image blocking,2012,https://scholar.google.com/citations?view_op=view_citation&hl=en&user=h0edtgIAAAAJ&cstart=100&pagesize=100&sortby=pubdate&citation_for_view=h0edtgIAAAAJ:1taIhTC69MYC,"2021 2nd International Conference on Secure Cyber Computing and …, 2021","S Gupta, HK Verma, AL Sangal",3,Computer Science and Engineering 
Dr Harsh Kumar Verma,Potential theory of normal tempered stable process,2012,https://scholar.google.com/citations?view_op=view_citation&hl=en&user=h0edtgIAAAAJ&cstart=100&pagesize=100&sortby=pubdate&citation_for_view=h0edtgIAAAAJ:UHK10RUVsp4C,"arXiv preprint arXiv:2004.02267, 2020","N Bilandi, HK Verma",,Computer Science and Engineering 
Dr Harsh Kumar Verma,Dual Steganography Approach Using 3D Playfair Cipher and Pixel Value Differencing Method,2012,https://scholar.google.com/citations?view_op=view_citation&hl=en&user=h0edtgIAAAAJ&cstart=100&pagesize=100&sortby=pubdate&citation_for_view=h0edtgIAAAAJ:35N4QoGY0k4C,"Proceedings of Industry Interactive Innovations in Science, Engineering …, 2020","N Bahl, AK Sharma, HK Verma",9,Computer Science and Engineering 
Dr Harsh Kumar Verma,On the energy efficiency of WSN communications operating under non-coherent M-FSK and M-QAM MODULATIONS,2012,https://scholar.google.com/citations?view_op=view_citation&hl=en&user=h0edtgIAAAAJ&cstart=100&pagesize=100&sortby=pubdate&citation_for_view=h0edtgIAAAAJ:blknAaTinKkC,"International Journal of Wireless Information Networks 23 (3), 222-230, 2016","A Gupta, HK Verma, S Gupta",10,Computer Science and Engineering 
Dr Harsh Kumar Verma,On the energy utilization of WSN communications Using Space-Time Block Coding over BPSK and M-QAM modulations,2012,https://scholar.google.com/citations?view_op=view_citation&hl=en&user=h0edtgIAAAAJ&cstart=100&pagesize=100&sortby=pubdate&citation_for_view=h0edtgIAAAAJ:XvxMoLDsR5gC,"International Journal of Wireless Information Networks 22 (3), 180-187, 2015","S Narang, HK Verma, U Sachdev",24,Computer Science and Engineering 
Dr Harsh Kumar Verma,Evaluating the Gaps of Different Energy Efficient Protocols of WSN,2012,https://scholar.google.com/citations?view_op=view_citation&hl=en&user=h0edtgIAAAAJ&cstart=100&pagesize=100&sortby=pubdate&citation_for_view=h0edtgIAAAAJ:cK4Rrx0J3m0C,"Int. J. Res. Advent Technol. 2 (2), 344-347, 2014","R Kumar, HK Verma, R Dhir",6,Computer Science and Engineering 
Dr Harsh Kumar Verma,Wireless Sensor Networks for Indoor Environment Monitoring Using LabView,2012,https://scholar.google.com/citations?view_op=view_citation&hl=en&user=h0edtgIAAAAJ&cstart=100&pagesize=100&sortby=pubdate&citation_for_view=h0edtgIAAAAJ:yD5IFk8b50cC,"Technology 2 (2), 3, 2011","K Jeet, R Dhir, H Verma",9,Computer Science and Engineering 
Dr Harsh Kumar Verma,A test-bed application of analog and digital sensors for wireless sensor networks,2012,https://scholar.google.com/citations?view_op=view_citation&hl=en&user=h0edtgIAAAAJ&cstart=100&pagesize=100&sortby=pubdate&citation_for_view=h0edtgIAAAAJ:TFP_iSt0sucC,"National Conference on Computational Instrumentation., 2010","N Bilandi, HK Verma",5,Computer Science and Engineering 
Dr Harsh Kumar Verma,Delay precision in permitted copper delay detonators,2012,https://scholar.google.com/citations?view_op=view_citation&hl=en&user=h0edtgIAAAAJ&cstart=100&pagesize=100&sortby=pubdate&citation_for_view=h0edtgIAAAAJ:hqOjcs7Dif8C,"Journal of Mines, Metals & Fuels 54 (10&112), 226-230, 2006","N Bilandi, HK Verma",30,Computer Science and Engineering 
Dr Harsh Kumar Verma,Excavation of turbine pits for a hydroelectric project-a case study,2012,https://scholar.google.com/citations?view_op=view_citation&hl=en&user=h0edtgIAAAAJ&cstart=100&pagesize=100&sortby=pubdate&citation_for_view=h0edtgIAAAAJ:Tiz5es2fbqcC,"Journal of Rock Mechanics and Tunnelling Technology 8 (2), 127-139, 2002","A Malik, HK Verma",8,Computer Science and Engineering 
Dr Harsh Kumar Verma,Phenological observations on root yield and chemical composition in different morphotypes of Withania somnifera.,2012,https://scholar.google.com/citations?view_op=view_citation&hl=en&user=h0edtgIAAAAJ&cstart=100&pagesize=100&sortby=pubdate&citation_for_view=h0edtgIAAAAJ:mVmsd5A6BfQC,,"MJ Kaur, M Uddin, HK Verma",29,Computer Science and Engineering 
Dr Harsh Kumar Verma,A Microprocessor Based Under-Frequency Relay with Decay Rate Compensation,2011,https://scholar.google.com/citations?view_op=view_citation&hl=en&user=h0edtgIAAAAJ&cstart=100&pagesize=100&sortby=pubdate&citation_for_view=h0edtgIAAAAJ:4JMBOYKVnBMC,,"V Dixit, HK Verma, AK Singh",16,Computer Science and Engineering 
Dr Harsh Kumar Verma,Role of Cognitive Radio on 4G Communications,2011,https://scholar.google.com/citations?view_op=view_citation&hl=en&user=h0edtgIAAAAJ&cstart=100&pagesize=100&sortby=pubdate&citation_for_view=h0edtgIAAAAJ:IaI1MmNe2tcC,"Journal of Emerging Trends in Computing and Information Sciences, ISSN, 2079 …, 0","K Nagori, M Sharma, A Agrawal, AK Agarwal, A Sharma, H Verma, ...",26,Computer Science and Engineering 
Dr Harsh Kumar Verma,A-Geo: Adaptive Geographic Routing for Consumer FANETs in Next-Generation Communication,2011,https://scholar.google.com/citations?view_op=view_citation&hl=en&user=h0edtgIAAAAJ&cstart=100&pagesize=100&sortby=pubdate&citation_for_view=h0edtgIAAAAJ:9pM33mqn1YgC,"IEEE Transactions on Consumer Electronics, 2025","M Rout, HK Verma, S Das",1,Computer Science and Engineering 
Dr Harsh Kumar Verma,Unified Quantitative Evaluation of System Severity: Leveraging Time to Compromise and Cost-Benefit Analysis for Enhanced vulnerability Risk Assessment,2011,https://scholar.google.com/citations?view_op=view_citation&hl=en&user=h0edtgIAAAAJ&cstart=100&pagesize=100&sortby=pubdate&citation_for_view=h0edtgIAAAAJ:Se3iqnhoufwC,"Journal of Network and Systems Management 33 (4), 100, 2025","S Singh, HK Verma",52,Computer Science and Engineering 
Dr Harsh Kumar Verma,Optimization of Power and Latency of Medium Access Control Protocol of Wireless Sensor Network,2011,https://scholar.google.com/citations?view_op=view_citation&hl=en&user=h0edtgIAAAAJ&cstart=100&pagesize=100&sortby=pubdate&citation_for_view=h0edtgIAAAAJ:SeFeTyx0c_EC,,"V Dixit, HK Verma, AK Singh",4,Computer Science and Engineering 
Dr Harsh Kumar Verma,Hybrid Whale Optimization‐Based Energy‐Efficient Lightweight Internet of Things Framework,2011,https://scholar.google.com/citations?view_op=view_citation&hl=en&user=h0edtgIAAAAJ&cstart=100&pagesize=100&sortby=pubdate&citation_for_view=h0edtgIAAAAJ:4DMP91E08xMC,"International Journal of Communication Systems 38 (5), e6046, 2025","S Gupta, G Sikka, H Verma",20,Computer Science and Engineering 
Dr Harsh Kumar Verma,Adaptive Multi-metric Geographic Routing Protocol for FANETs,2011,https://scholar.google.com/citations?view_op=view_citation&hl=en&user=h0edtgIAAAAJ&cstart=100&pagesize=100&sortby=pubdate&citation_for_view=h0edtgIAAAAJ:f2IySw72cVMC,"2024 International Conference on Modeling, Simulation & Intelligent …, 2024","S Srivastava, HK Verma, D Gupta",11,Computer Science and Engineering 
Dr Harsh Kumar Verma,Enhancing Deepfake Detection with a Hybrid CNN-BiLSTM Approach,2010,https://scholar.google.com/citations?view_op=view_citation&hl=en&user=h0edtgIAAAAJ&cstart=100&pagesize=100&sortby=pubdate&citation_for_view=h0edtgIAAAAJ:4fKUyHm3Qg0C,"2024 11th International Conference on Soft Computing & Machine Intelligence …, 2024","S Srivastava, D Gupta, HK Verma",,Computer Science and Engineering 
Dr Harsh Kumar Verma,Organizing Secretary,2010,https://scholar.google.com/citations?view_op=view_citation&hl=en&user=h0edtgIAAAAJ&cstart=100&pagesize=100&sortby=pubdate&citation_for_view=h0edtgIAAAAJ:QIV2ME_5wuYC,,"MJ Kaur, M Uddin, HK Verma",18,Computer Science and Engineering 
Dr Harsh Kumar Verma,A Comprehensive Review of Prompt Tuning in Vision-Language Models,2010,https://scholar.google.com/citations?view_op=view_citation&hl=en&user=h0edtgIAAAAJ&cstart=100&pagesize=100&sortby=pubdate&citation_for_view=h0edtgIAAAAJ:Zph67rFs4hoC,"The International Conference on Recent Innovations in Computing, 343-361, 2024","VSK Samparthi, HK Verma",73,Computer Science and Engineering 
Dr Harsh Kumar Verma,Discernment and Perusal of Software Vulnerability,2010,https://scholar.google.com/citations?view_op=view_citation&hl=en&user=h0edtgIAAAAJ&cstart=100&pagesize=100&sortby=pubdate&citation_for_view=h0edtgIAAAAJ:W7OEmFMy1HYC,"Malware Analysis and Intrusion Detection in Cyber-Physical Systems, 115-140, 2023","V Sharma, HK Verma",60,Computer Science and Engineering 
Dr Harsh Kumar Verma,Security Vulnerabilities of Cyber-physical Systems: Autonomous Vehicles Perspective,2010,https://scholar.google.com/citations?view_op=view_citation&hl=en&user=h0edtgIAAAAJ&cstart=100&pagesize=100&sortby=pubdate&citation_for_view=h0edtgIAAAAJ:8k81kl-MbHgC,"Cyber-Physical Systems, 177-193, 2022","R Kumar, HK Verma",14,Computer Science and Engineering 
Dr Harsh Kumar Verma,Standards and Performance Testing for Small Hydropower Development,2010,https://scholar.google.com/citations?view_op=view_citation&hl=en&user=h0edtgIAAAAJ&cstart=100&pagesize=100&sortby=pubdate&citation_for_view=h0edtgIAAAAJ:roLk4NBRz8UC,"IASH Journal-International Association for Small Hydro 11 (1), 22-26, 2022","HK Verma, V Sharma",31,Computer Science and Engineering 
Dr Harsh Kumar Verma,Certificate of Participation,2010,https://scholar.google.com/citations?view_op=view_citation&hl=en&user=h0edtgIAAAAJ&cstart=100&pagesize=100&sortby=pubdate&citation_for_view=h0edtgIAAAAJ:sNmaIFBj_lkC,"Faculty of Pharmacy, IFTM University, 2021","M Rout, HK Verma",1,Computer Science and Engineering 
Dr Harsh Kumar Verma,Application of Controlled Blasting Techniques for Development of Stable Slope-A Case Study,2010,https://scholar.google.com/citations?view_op=view_citation&hl=en&user=h0edtgIAAAAJ&cstart=100&pagesize=100&sortby=pubdate&citation_for_view=h0edtgIAAAAJ:XiSMed-E-HIC,"Journal of Rock Mechanics and Tunnelling Technology (JRMTT) 27 (2), 103-119, 2021","MJ Kaur, M Uddin, HK Verma",10,Computer Science and Engineering 
Dr Harsh Kumar Verma,Relationship Between Community Structure and Clustering Coefficient,2010,https://scholar.google.com/citations?view_op=view_citation&hl=en&user=h0edtgIAAAAJ&cstart=100&pagesize=100&sortby=pubdate&citation_for_view=h0edtgIAAAAJ:ZeXyd9-uunAC,"Intelligent Computing and Applications: Proceedings of ICICA 2019, 203-220, 2020","R Kumar, HK Verma",10,Computer Science and Engineering 
Dr Harsh Kumar Verma,Classification of Diabetes Using Naïve Bayes and Support Vector Machine,2010,https://scholar.google.com/citations?view_op=view_citation&hl=en&user=h0edtgIAAAAJ&cstart=100&pagesize=100&sortby=pubdate&citation_for_view=h0edtgIAAAAJ:7PzlFSSx8tAC,"Operations Management and Systems Engineering: Select Proceedings of CPIE …, 2020","S Gupta, HK Verma, AL Sangal",20,Computer Science and Engineering 
Dr Harsh Kumar Verma,Potential Theory of Some Subordinate Brownian Motions,2010,https://scholar.google.com/citations?view_op=view_citation&hl=en&user=h0edtgIAAAAJ&cstart=100&pagesize=100&sortby=pubdate&citation_for_view=h0edtgIAAAAJ:q3CdL3IzO_QC,"IISERM, 2019","SS Patil, HK Verma, A Kumar",11,Computer Science and Engineering 
Dr Harsh Kumar Verma,COMPARATIVE EVALUATION OF THE EFFECT OF ULTRASONIC SCALING ON THESURFACE ROUGHNESS OF TWO DIFFERENT TOOTH COLOURED CLASS VRESTORATIONS. AN IN VITRO STUDY.,2009,https://scholar.google.com/citations?view_op=view_citation&hl=en&user=h0edtgIAAAAJ&cstart=100&pagesize=100&sortby=pubdate&citation_for_view=h0edtgIAAAAJ:LkGwnXOMwfcC,"Journal of Ahmedabad Dental College & Hospital (JADCH) 9, 2019","HK Verma, AN Singh, R Kumar",33,Computer Science and Engineering 
Dr Harsh Kumar Verma,An improved content splitting and merging algorithm for Hadoop clusters using component analysis and hamming distance,2009,https://scholar.google.com/citations?view_op=view_citation&hl=en&user=h0edtgIAAAAJ&cstart=100&pagesize=100&sortby=pubdate&citation_for_view=h0edtgIAAAAJ:iH-uZ7U-co4C,"International Journal of Technology, Policy and Management 19 (4), 392-404, 2019","H Verma, R Kaur, R Kumar",9,Computer Science and Engineering 
Dr Harsh Kumar Verma,Constraint and suggestion faced by the member farmers of Gram Panchayat while viewing farm television.,2008,https://scholar.google.com/citations?view_op=view_citation&hl=en&user=h0edtgIAAAAJ&cstart=100&pagesize=100&sortby=pubdate&citation_for_view=h0edtgIAAAAJ:Ug5p-4gJ2f0C,,"HK Verma, K Kaur, R Kumar",9,Computer Science and Engineering 
Dr Harsh Kumar Verma,Association between the characteristics with perception of the member farmers of Gram Panchayat about farm television.,2008,https://scholar.google.com/citations?view_op=view_citation&hl=en&user=h0edtgIAAAAJ&cstart=100&pagesize=100&sortby=pubdate&citation_for_view=h0edtgIAAAAJ:_OXeSy2IsFwC,,H Verma,,Computer Science and Engineering 
Dr Harsh Kumar Verma,Overbreak in Underground Excavations–Parametric Analysis,2007,https://scholar.google.com/citations?view_op=view_citation&hl=en&user=h0edtgIAAAAJ&cstart=100&pagesize=100&sortby=pubdate&citation_for_view=h0edtgIAAAAJ:2P1L_qKh6hAC,"Proc. 7th Indian Rock Conference INDOROCK-2017, CSMRS, New Delhi, 2017","H Verma, P Sharma, VS Sharma",3,Computer Science and Engineering 
Dr Harsh Kumar Verma,Deterioration in Rock Mass Properties due to Blasting Operationsin Underground Excavations,2007,https://scholar.google.com/citations?view_op=view_citation&hl=en&user=h0edtgIAAAAJ&cstart=100&pagesize=100&sortby=pubdate&citation_for_view=h0edtgIAAAAJ:sszUF3NjhM4C,"Journal of Hydro-Tech 4 (2), 15-24, 2016","RP Singh, S Nath, SC Prasad, H Verma",5,Computer Science and Engineering 
Dr Harsh Kumar Verma,A Simple Correlation to Compute Extent of RockMass Damage Induced by Blasting in Tunnelling,2007,https://scholar.google.com/citations?view_op=view_citation&hl=en&user=h0edtgIAAAAJ&cstart=100&pagesize=100&sortby=pubdate&citation_for_view=h0edtgIAAAAJ:NMxIlDl6LWMC,"International symposium on Rock Fragmentation by Blasting, FRAGBLAST-11 …, 2015","S Singh, V Kumar, HK Verma",9,Computer Science and Engineering 
Dr Harsh Kumar Verma,CONTROLLED BLASTING TECHNIQUES FOR DEVELOPMENTOF ROAD INFRASTRUCTURES IN HILLY TERRAIN,2006,https://scholar.google.com/citations?view_op=view_citation&hl=en&user=h0edtgIAAAAJ&cstart=100&pagesize=100&sortby=pubdate&citation_for_view=h0edtgIAAAAJ:8xutWZnSdmoC,"Journal of Hydro-Tech 4 (1), 43-50, 2015",HK Verma,1,Computer Science and Engineering 
Dr Harsh Kumar Verma,Investigation of excavation damage zone in Himalayan tunnel.,2005,https://scholar.google.com/citations?view_op=view_citation&hl=en&user=h0edtgIAAAAJ&cstart=100&pagesize=100&sortby=pubdate&citation_for_view=h0edtgIAAAAJ:yqoGN6RLRZoC,"Journal of Mines, Metals & Fuels 62 (7), 2014","JK Mohnot, VVR Prasad, HK Verma",5,Computer Science and Engineering 
Dr Harsh Kumar Verma,Hybrid Multimodal Registration of Carotid Magnetic Resonance and Ultrasound Images Using Free-Form Deformation,2004,https://scholar.google.com/citations?view_op=view_citation&hl=en&user=h0edtgIAAAAJ&cstart=100&pagesize=100&sortby=pubdate&citation_for_view=h0edtgIAAAAJ:FiDNX6EVdGUC,"Journal ISSN 2368, 5956, 2014","RS Kumar, HK Verma",,Computer Science and Engineering 
Dr Harsh Kumar Verma,"A (m, m) VCS with consistent size reconstruction using full binary tree",2004,https://scholar.google.com/citations?view_op=view_citation&hl=en&user=h0edtgIAAAAJ&cstart=100&pagesize=100&sortby=pubdate&citation_for_view=h0edtgIAAAAJ:ZzlSgRqYykMC,"2013 IEEE International Conference on Computational Intelligence and …, 2013",HK Verma,5,Computer Science and Engineering 
Dr Harsh Kumar Verma,Synthesis of Pyrimidines,2002,https://scholar.google.com/citations?view_op=view_citation&hl=en&user=h0edtgIAAAAJ&cstart=100&pagesize=100&sortby=pubdate&citation_for_view=h0edtgIAAAAJ:5MTHONV0fEkC,"ChemInform 44 (9), no-no, 2013",GR Adhikari,1,Computer Science and Engineering 
Dr Harsh Kumar Verma,Research Article Cryptanalysis and Performance Evaluation of Enhanced Threshold Proxy Signature Scheme Based on RSA for Known Signers,2002,https://scholar.google.com/citations?view_op=view_citation&hl=en&user=h0edtgIAAAAJ&cstart=100&pagesize=100&sortby=pubdate&citation_for_view=h0edtgIAAAAJ:a3BOlSfXSfwC,,"SK Roy, HK Verma, MM Bhattacharyya",,Computer Science and Engineering 
Dr Harsh Kumar Verma,Motives behind marigold cultivation of marigold growers in Anand district.,2001,https://scholar.google.com/citations?view_op=view_citation&hl=en&user=h0edtgIAAAAJ&cstart=100&pagesize=100&sortby=pubdate&citation_for_view=h0edtgIAAAAJ:BrOSOlqYqPUC,,"AK Arun Kumar, BL Kaul, HK Verma",1,Computer Science and Engineering 
Dr Harsh Kumar Verma,"Assessment and Mitigation of Blast Induced Vibration and Overbreak in Kol Dam Hydroelectric Power Project, India–A Case Study",1996,https://scholar.google.com/citations?view_op=view_citation&hl=en&user=h0edtgIAAAAJ&cstart=100&pagesize=100&sortby=pubdate&citation_for_view=h0edtgIAAAAJ:XUvXOeBm_78C,"Journal of Rock Mechanics and Tunnelling Technology 19 (1), 47-59, 2013","SC Choudhary, VS Verma, H Kumar, VK Singh, SKT Nasar",,Computer Science and Engineering 
Dr Harsh Kumar Verma,"Investigation of cracks in domestic houses near construction project in the Himalaya, India: A case study",1996,https://scholar.google.com/citations?view_op=view_citation&hl=en&user=h0edtgIAAAAJ&cstart=100&pagesize=100&sortby=pubdate&citation_for_view=h0edtgIAAAAJ:WAzi4Gm8nLoC,"Tunnelling in Rock by Drilling & Blasting, 2013","AH Abbas Hussain, HK Verma",,Computer Science and Engineering 
Dr Harsh Kumar Verma,Simulation Based Performance Comparison of AODV and OLSR Routing Protocols in MANET.,1991,https://scholar.google.com/citations?view_op=view_citation&hl=en&user=h0edtgIAAAAJ&cstart=100&pagesize=100&sortby=pubdate&citation_for_view=h0edtgIAAAAJ:wvYxNZNCP7wC,"International Journal of Advanced Research in Computer Science 3 (3), 2012","HK Verma, K Kumar",2,Computer Science and Engineering 
Dr Harsh Kumar Verma,Nischay Bahl Ajay K. Sharma,1991,https://scholar.google.com/citations?view_op=view_citation&hl=en&user=h0edtgIAAAAJ&cstart=100&pagesize=100&sortby=pubdate&citation_for_view=h0edtgIAAAAJ:w0F2JDEymm0C,,"RS Narwal, VB Dixit, SS Dahiya",33,Computer Science and Engineering 
Dr Harsh Kumar Verma,Comparative Investigations and Performance Evaluation for Multiple-Level Association Rules Mining Algorithm,1990,https://scholar.google.com/citations?view_op=view_citation&hl=en&user=h0edtgIAAAAJ&cstart=200&pagesize=100&sortby=pubdate&citation_for_view=h0edtgIAAAAJ:DkZNVXde3BIC,"International Journal of Computer Applications 975, 8887, 2010","HK Verma, K Kumar, SP Singh",,Computer Science and Engineering 
Dr Harsh Kumar Verma,Evaluation of Suitability of Permitted Delay Detonators Vis-a-vis Their Delay Timing for Use in Underground Coal Mines,1980,https://scholar.google.com/citations?view_op=view_citation&hl=en&user=h0edtgIAAAAJ&cstart=200&pagesize=100&sortby=pubdate&citation_for_view=h0edtgIAAAAJ:vDZJ-YLwNdEC,"PROCEEDINGS OF THE ANNUAL CONFERENCE ON EXPLOSIVES AND BLASTING TECHNIQUE 34 …, 2008",HK VERMA,,Computer Science and Engineering 
Dr Harsh Kumar Verma,Intracytoplasmic sperm injection and its use in male factor infertility.,1979,https://scholar.google.com/citations?view_op=view_citation&hl=en&user=h0edtgIAAAAJ&cstart=200&pagesize=100&sortby=pubdate&citation_for_view=h0edtgIAAAAJ:dshw04ExmUIC,,"AK Ghai, P Mukhopadhyay",1,Computer Science and Engineering 
Dr Harsh Kumar Verma,"Generation, propagation and control of airblast produced by blasting",1969,https://scholar.google.com/citations?view_op=view_citation&hl=en&user=h0edtgIAAAAJ&cstart=200&pagesize=100&sortby=pubdate&citation_for_view=h0edtgIAAAAJ:tH6gc1N1XXoC,"Indian Mining & Engineering Journal 41 (11-12), 35-38, 2002","TD Biswas, B Das, HKG Verma",2,Computer Science and Engineering 
Dr Harsh Kumar Verma,Phenological studies of diara land vegetation Bhagalpur.,1968,https://scholar.google.com/citations?view_op=view_citation&hl=en&user=h0edtgIAAAAJ&cstart=200&pagesize=100&sortby=pubdate&citation_for_view=h0edtgIAAAAJ:IsPWOBWtZBwC,,HK VERMA,,Computer Science and Engineering 
Dr Harsh Kumar Verma,Vesicular-arbuscular mycorrhiza of sweet potato (Ipomoea batatas (L.) Lam.) in calcareous soil of Northern Bihar.,1966,https://scholar.google.com/citations?view_op=view_citation&hl=en&user=h0edtgIAAAAJ&cstart=200&pagesize=100&sortby=pubdate&citation_for_view=h0edtgIAAAAJ:rbm3iO8VlycC,,HK Verma,3,Computer Science and Engineering 
Dr Harsh Kumar Verma,Farmers' Acceptability and Adoption of Rapeseed-Mustard Production Technology Under Rainfed Conditions,1966,https://scholar.google.com/citations?view_op=view_citation&hl=en&user=h0edtgIAAAAJ&cstart=200&pagesize=100&sortby=pubdate&citation_for_view=h0edtgIAAAAJ:zGdJYJv2LkUC,"Indian Journal of Extension Education 26 (3&4), 39-43, 1990",HK VERMA,,Computer Science and Engineering 
Dr Harsh Kumar Verma,ELECTRONIC TEST SCHEME WITH AUTOMATIC ERROR COMPUTATION FOR ENERGY METERS,1964,https://scholar.google.com/citations?view_op=view_citation&hl=en&user=h0edtgIAAAAJ&cstart=200&pagesize=100&sortby=pubdate&citation_for_view=h0edtgIAAAAJ:jSAVyFp_754C,,HK Verma,4,Computer Science and Engineering 
Dr Harsh Kumar Verma,Mixed boundary value problem for an infinite elastic plane with parabolic cut(Mixed boundary value problem for infinite elastic plane with parabolic cut),1964,https://scholar.google.com/citations?view_op=view_citation&hl=en&user=h0edtgIAAAAJ&cstart=200&pagesize=100&sortby=pubdate&citation_for_view=h0edtgIAAAAJ:HhcuHIWmDEUC,"ARCHIWUM MECHANIKI STOSOWANEJ 20 (2), 175-180, 1968","TD Biswas, B Das, HKG Verma",,Computer Science and Engineering 
Dr Harsh Kumar Verma,Second fundamental problem for an infinite elastic plane with a parabolic arc cut(Two dimensional second fundamental problem for infinite elastic plane with parabolic arc cut …,1964,https://scholar.google.com/citations?view_op=view_citation&hl=en&user=h0edtgIAAAAJ&cstart=200&pagesize=100&sortby=pubdate&citation_for_view=h0edtgIAAAAJ:gVv57TyPmFsC,,"TD Biswas, B Das, HKG Verma",20,Computer Science and Engineering 
Dr Harsh Kumar Verma,Effect of organic matter on some physical properties of soil in the permanent mammal experiments.,,https://scholar.google.com/citations?view_op=view_citation&hl=en&user=h0edtgIAAAAJ&cstart=200&pagesize=100&sortby=pubdate&citation_for_view=h0edtgIAAAAJ:mWEH9CqjF64C,,"C Martin, S Nadkarni, M Ambrosecchio, R Inbakaran, H Verma, K Kumar, ...",,Computer Science and Engineering 
Dr Harsh Kumar Verma,Tourism Innovations,,https://scholar.google.com/citations?view_op=view_citation&hl=en&user=h0edtgIAAAAJ&cstart=200&pagesize=100&sortby=pubdate&citation_for_view=h0edtgIAAAAJ:KNjnJ3z-R6IC,,"B Singh, HK Verma, V Madaan, M Ezzat, HA Hefny, A Mohmmed",,Computer Science and Engineering 
Dr Harsh Kumar Verma,Aim Methods Results,,https://scholar.google.com/citations?view_op=view_citation&hl=en&user=h0edtgIAAAAJ&cstart=200&pagesize=100&sortby=pubdate&citation_for_view=h0edtgIAAAAJ:HGTzPopzzJcC,,H Verma,,Computer Science and Engineering 
Dr Harsh Kumar Verma,"Characteristics, Formals and Functions of the Word Class of Auxiliaries: A Cross-Linguistics Review",,https://scholar.google.com/citations?view_op=view_citation&hl=en&user=h0edtgIAAAAJ&cstart=200&pagesize=100&sortby=pubdate&citation_for_view=h0edtgIAAAAJ:KaMxkj08jr0C,,"HK Verma, MJ Kaur, M Uddin",,Computer Science and Engineering 
Dr Harsh Kumar Verma,QoS Provisioning in Channel Allocation Strategy in Cognitive Radio Using Fuzzy Logic,,https://scholar.google.com/citations?view_op=view_citation&hl=en&user=h0edtgIAAAAJ&cstart=200&pagesize=100&sortby=pubdate&citation_for_view=h0edtgIAAAAJ:lvd772isFD0C,,"HK Verma, A Thapliyal, D Singh, A Verma, RK Goel, VVR Prasad",,Computer Science and Engineering 
Dr Harsh Kumar Verma,Excavation Techniques for Development of Road Infrastructures in Hilly Terrain,,https://scholar.google.com/citations?view_op=view_citation&hl=en&user=h0edtgIAAAAJ&cstart=200&pagesize=100&sortby=pubdate&citation_for_view=h0edtgIAAAAJ:HeT0ZceujKMC,,"MJ Kaur, M Uddin, HK Verma",1,Computer Science and Engineering 
Dr Harsh Kumar Verma,Performance Evaluation of AQM Techniques in PIM-DM Multicast Network for SRM Protocol,,https://scholar.google.com/citations?view_op=view_citation&hl=en&user=h0edtgIAAAAJ&cstart=200&pagesize=100&sortby=pubdate&citation_for_view=h0edtgIAAAAJ:3htObqc8RwsC,"International Journal of Computer Applications 975, 8887, 0","HK Verma, A Kumar",,Computer Science and Engineering 
Dr Harsh Kumar Verma,ICNGCIS 2017,,https://scholar.google.com/citations?view_op=view_citation&hl=en&user=h0edtgIAAAAJ&cstart=200&pagesize=100&sortby=pubdate&citation_for_view=h0edtgIAAAAJ:yFnVuubrUp4C,,"MA Chishti, P Gupta, D Malhotra, K Dutta, B Surendiran, A Sharma, ...",,Computer Science and Engineering 
Dr Harsh Kumar Verma,2016 Symposium on Colossal Data Analysis and Networking (CDAN),,https://scholar.google.com/citations?view_op=view_citation&hl=en&user=h0edtgIAAAAJ&cstart=200&pagesize=100&sortby=pubdate&citation_for_view=h0edtgIAAAAJ:kh2fBNsKQNwC,,"A Sharma, MS Deora, A Gehlot, A Rajavat, A Soni, S Badodia, ...",,Computer Science and Engineering 
Dr Harsh Kumar Verma,A COLLABORATIVE STUDY OF TRAFFIC MANAGEMENT IN CLOUD COMPUTING ENVIRONMENT,,https://scholar.google.com/citations?view_op=view_citation&hl=en&user=h0edtgIAAAAJ&cstart=200&pagesize=100&sortby=pubdate&citation_for_view=h0edtgIAAAAJ:ruyezt5ZtCIC,,"M TRETHA, HK VERMA, N HEMRAJANI",,Computer Science and Engineering 
Dr Sumit Kumar,Energy consumption minimisation at edge node using approach in predicting sensor parameters in WSNs,2025,https://scholar.google.com/citations?view_op=view_citation&hl=en&user=FwQGA4cAAAAJ&pagesize=100&sortby=pubdate&citation_for_view=FwQGA4cAAAAJ:02qyplpeh24C,"Scientific Reports 15 (1), 37422, 2025","V Maurya, S Kumar, S Raj, R Gupta",,Computer Science and Engineering 
Dr Sumit Kumar,A Technique for Faster Convergence of Game-Theoretic Approaches for Edge Computing Resource Allocation,2024,https://scholar.google.com/citations?view_op=view_citation&hl=en&user=FwQGA4cAAAAJ&pagesize=100&sortby=pubdate&citation_for_view=FwQGA4cAAAAJ:y8WI7XcMcUUC,"IEEE Transactions on Services Computing, 2024","S Kumar, A Goswami, S Kukreja, VP Singh, R Gupta",1,Computer Science and Engineering 
Dr Sumit Kumar,A distributed load balancing technique for multitenant edge servers with bottleneck resources,2023,https://scholar.google.com/citations?view_op=view_citation&hl=en&user=FwQGA4cAAAAJ&pagesize=100&sortby=pubdate&citation_for_view=FwQGA4cAAAAJ:KcPShcMc7UQC,"IEEE Transactions on Reliability 73 (2), 1147-1159, 2023","S Kumar, V Maurya, R Gupta",13,Computer Science and Engineering 
Dr Sumit Kumar,Caching techniques in edge computing and challenges,2023,https://scholar.google.com/citations?view_op=view_citation&hl=en&user=FwQGA4cAAAAJ&pagesize=100&sortby=pubdate&citation_for_view=FwQGA4cAAAAJ:-YNTLn4IHxkC,"2023 3rd International Conference on Advancement in Electronics …, 2023","S Kumar, Y Dash",7,Computer Science and Engineering 
Dr Sumit Kumar,Qos driven cost-efficient resource allocation in edge computing: A distributed game theoretic approach,2023,https://scholar.google.com/citations?view_op=view_citation&hl=en&user=FwQGA4cAAAAJ&pagesize=100&sortby=pubdate&citation_for_view=FwQGA4cAAAAJ:2zIWv0KGyqYC,"Journal of Computational Science 72, 102106, 2023","S Kumar, A Sharma, R Gupta",8,Computer Science and Engineering 
Dr Sumit Kumar,A cost-effective and QoS-aware user allocation approach for edge computing enabled IoT,2022,https://scholar.google.com/citations?view_op=view_citation&hl=en&user=FwQGA4cAAAAJ&pagesize=100&sortby=pubdate&citation_for_view=FwQGA4cAAAAJ:sULuYBl4uKQC,"IEEE Internet of Things Journal 10 (2), 1696-1710, 2022","S Kumar, A Goswami, R Gupta, SP Singh, A Lay-Ekuakille",15,Computer Science and Engineering 
Dr Sumit Kumar,Resource allocation in edge computing: A game-theoretic perspective,2022,https://scholar.google.com/citations?view_op=view_citation&hl=en&user=FwQGA4cAAAAJ&pagesize=100&sortby=pubdate&citation_for_view=FwQGA4cAAAAJ:tTtrriHYXHoC,"2022 IEEE Global Conference on Computing, Power and Communication …, 2022","S Kumar, R Gupta, K Lakshmanan",3,Computer Science and Engineering 
Dr Sumit Kumar,Multicasting: A Game-Theoretic Method for Constructing an Efficient Multicast Tree,2022,https://scholar.google.com/citations?view_op=view_citation&hl=en&user=FwQGA4cAAAAJ&pagesize=100&sortby=pubdate&citation_for_view=FwQGA4cAAAAJ:LonxFZa_KREC,"2022 4th International Conference on Inventive Research in Computing …, 2022","S Kumar, R Gupta, K Lakshmanan",1,Computer Science and Engineering 
Dr Sumit Kumar,A game-theoretic approach for increasing resource utilization in edge computing enabled internet of things,2022,https://scholar.google.com/citations?view_op=view_citation&hl=en&user=FwQGA4cAAAAJ&pagesize=100&sortby=pubdate&citation_for_view=FwQGA4cAAAAJ:gHzeFJ_WuCsC,"IEEE Access 10, 57974-57989, 2022","S Kumar, R Gupta, K Lakshmanan, V Maurya",28,Computer Science and Engineering 
Dr Sumit Kumar,A game-theoretic approach for cost-effective multicast routing in the internet of things,2022,https://scholar.google.com/citations?view_op=view_citation&hl=en&user=FwQGA4cAAAAJ&pagesize=100&sortby=pubdate&citation_for_view=FwQGA4cAAAAJ:xrERVq8-JpsC,"IEEE Internet of Things Journal 9 (18), 18041-18053, 2022","S Kumar, A Goswami, R Gupta, SP Singh, A Lay-Ekuakille",23,Computer Science and Engineering 
Dr Sumit Kumar,The design of a secure key management system in vehicular ad hoc networks,2017,https://scholar.google.com/citations?view_op=view_citation&hl=en&user=FwQGA4cAAAAJ&pagesize=100&sortby=pubdate&citation_for_view=FwQGA4cAAAAJ:5hnHQVlekkwC,"2017 conference on information and communication technology (CICT), 1-6, 2017","KK Chauhan, S Kumar, S Kumar",16,Computer Science and Engineering 
Dr Sumit Kumar,Energy efficient scheduling algorithm with interference reduction for wireless sensor networks,2011,https://scholar.google.com/citations?view_op=view_citation&hl=en&user=FwQGA4cAAAAJ&pagesize=100&sortby=pubdate&citation_for_view=FwQGA4cAAAAJ:Vc_znlpJgV8C,"2011 International Conference on Computational Intelligence and …, 2011","S Kumar, A Sharma, SS Raghuvanshi",7,Computer Science and Engineering 
Dr Sumit Kumar,Event Based Energy Efficient Routing Protocol for Wireless Sensor Networks (WSNs),2011,https://scholar.google.com/citations?view_op=view_citation&hl=en&user=FwQGA4cAAAAJ&pagesize=100&sortby=pubdate&citation_for_view=FwQGA4cAAAAJ:zl-nTW-_jeEC,"International Conference on Advanced Computing, Communication and Networks …, 2011","S Kumar, P Gupta, S Chauhan",,Computer Science and Engineering 
Dr Sumit Kumar,A survey on scheduling algorithms for wireless sensor networks,2011,https://scholar.google.com/citations?view_op=view_citation&hl=en&user=FwQGA4cAAAAJ&pagesize=100&sortby=pubdate&citation_for_view=FwQGA4cAAAAJ:0dL35dZyZCwC,"International Journal of Computer Applications 20 (5), 7-13, 2011","S Kumar, S Chauhan",80,Computer Science and Engineering 
Dr Samayveer Singh,Reversible Data Hiding using Pixel Error Value Ordering and New CNN Predictor,2025,https://scholar.google.com/citations?view_op=view_citation&hl=en&user=DONY6GUAAAAJ&pagesize=100&sortby=pubdate&citation_for_view=DONY6GUAAAAJ:_WP0DvM6eX8C,"Signal, Image and Video Processing 19 (12), 1058, 2025","AK Saini, S Singh",,Computer Science and Engineering 
Dr Samayveer Singh,Detection of Minority Attacks in IOT Devices Using Recursive Feature Elimination Technique,2025,https://scholar.google.com/citations?view_op=view_citation&hl=en&user=DONY6GUAAAAJ&pagesize=100&sortby=pubdate&citation_for_view=DONY6GUAAAAJ:r5WMYYrv30cC,"2025 3rd International Conference on Disruptive Technologies (ICDT), 1629-1633, 2025","S Bindra, A Malik, S Singh",,Computer Science and Engineering 
Dr Samayveer Singh,Dynamic Energy Management in Heterogeneous Sensor Networks Using Hippopotamus-Inspired Clustering,2025,https://scholar.google.com/citations?view_op=view_citation&hl=en&user=DONY6GUAAAAJ&pagesize=100&sortby=pubdate&citation_for_view=DONY6GUAAAAJ:FmXltp8y-ZkC,"IEEE Transactions on Network and Service Management, 2025","S Singh, A Malik, V Tyagi, R Kumar, N Kumar, S Khan, M Fazil",,Computer Science and Engineering 
Dr Samayveer Singh,An Innovative Interpolation Based Reversible Steganographic Technique,2025,https://scholar.google.com/citations?view_op=view_citation&hl=en&user=DONY6GUAAAAJ&pagesize=100&sortby=pubdate&citation_for_view=DONY6GUAAAAJ:UwpDZDXJMDUC,"Procedia Computer Science 259, 1855-1862, 2025","PS Sandhu, A Malik, S Singh, V Tyagi",,Computer Science and Engineering 
Dr Samayveer Singh,Transformer-Dilated ResUNet: An Efficient and Accurate Framework for Polyp Segmentation,2025,https://scholar.google.com/citations?view_op=view_citation&hl=en&user=DONY6GUAAAAJ&pagesize=100&sortby=pubdate&citation_for_view=DONY6GUAAAAJ:9PmR9Y676FQC,"Procedia Computer Science 259, 1765-1772, 2025","S Gupta, G Sikka, A Malik, S Singh, V Tyagi",,Computer Science and Engineering 
Dr Samayveer Singh,A Comprehensive Survey of Lightweight Authentication Mechanisms for Vehicle Group Communication in 5G Networks,2025,https://scholar.google.com/citations?view_op=view_citation&hl=en&user=DONY6GUAAAAJ&pagesize=100&sortby=pubdate&citation_for_view=DONY6GUAAAAJ:kFM4V80Y5EsC,"2025 IEEE International Students' Conference on Electrical, Electronics and …, 2025","SK Rajbhar, S Singh",3,Computer Science and Engineering 
Dr Samayveer Singh,Genetic algorithm based data controlling method using IoT enabled WSNs,2025,https://scholar.google.com/citations?view_op=view_citation&hl=en&user=DONY6GUAAAAJ&pagesize=100&sortby=pubdate&citation_for_view=DONY6GUAAAAJ:lDOOmgye57wC,"Soft Computing, 1-18, 2025","S Singh, AS Nandan, G Sikka, A Malik, PK Singh",5,Computer Science and Engineering 
Dr Samayveer Singh,Improving Intrusion Detection for IoT Networks Using SMOTE and PCA on NSL-KDD Dataset,2025,https://scholar.google.com/citations?view_op=view_citation&hl=en&user=DONY6GUAAAAJ&pagesize=100&sortby=pubdate&citation_for_view=DONY6GUAAAAJ:ult01sCh7k0C,"2025 3rd International Conference on Disruptive Technologies (ICDT), 1623-1628, 2025","S Bindra, A Malik, S Singh",,Computer Science and Engineering 
Dr Samayveer Singh,A novel energy efficient routing technique for SDN-enabled underwater WSNs using free-space optical communication,2025,https://scholar.google.com/citations?view_op=view_citation&hl=en&user=DONY6GUAAAAJ&pagesize=100&sortby=pubdate&citation_for_view=DONY6GUAAAAJ:Qs68GpkTGbMC,"Journal of Optical Communications 45 (s1), s777-s790, 2025","V Tyagi, S Singh",14,Computer Science and Engineering 
Dr Samayveer Singh,Hybrid Whale Optimization‐Based Energy‐Efficient Lightweight Internet of Things Framework,2025,https://scholar.google.com/citations?view_op=view_citation&hl=en&user=DONY6GUAAAAJ&pagesize=100&sortby=pubdate&citation_for_view=DONY6GUAAAAJ:fhZv66dCuXAC,"International Journal of Communication Systems 38 (5), e6046, 2025","A Sinha, S Singh, HK Verma",,Computer Science and Engineering 
Dr Samayveer Singh,Software-Defined Network-Based Energy-Efficient Multipath Flow Control for Aerial Computing,2025,https://scholar.google.com/citations?view_op=view_citation&hl=en&user=DONY6GUAAAAJ&pagesize=100&sortby=pubdate&citation_for_view=DONY6GUAAAAJ:f5lEeLvKxmwC,"IEEE Internet of Things Journal, 2025","R Salam, V Tyagi, S Singh, N Kumar, S Pal",2,Computer Science and Engineering 
Dr Samayveer Singh,Dynamic and Secure Group Authentication for 5G-Enabled Vehicular Networks,2025,https://scholar.google.com/citations?view_op=view_citation&hl=en&user=DONY6GUAAAAJ&pagesize=100&sortby=pubdate&citation_for_view=DONY6GUAAAAJ:Nb0HLiwjfsIC,"2025 International Conference on Electronics, AI and Computing (EAIC), 1-6, 2025","SK Rajbhar, S Singh, D Kumar",,Computer Science and Engineering 
Dr Samayveer Singh,Golden Jackal and Enhanced Remora Optimization‐Based Sink Mobility for Energy Hole Mitigation in Underwater Wireless Sensor Network,2025,https://scholar.google.com/citations?view_op=view_citation&hl=en&user=DONY6GUAAAAJ&pagesize=100&sortby=pubdate&citation_for_view=DONY6GUAAAAJ:J3KpcKIlIpsC,"International Journal of Communication Systems 38 (10), e70114, 2025","K Kumar Tiwari, S Singh",2,Computer Science and Engineering 
Dr Samayveer Singh,A Partial Load Distribution Aware Cluster Migration Approach for Stable Control Plane in Software-Defined Wireless Sensor Networks,2025,https://scholar.google.com/citations?view_op=view_citation&hl=en&user=DONY6GUAAAAJ&pagesize=100&sortby=pubdate&citation_for_view=DONY6GUAAAAJ:-rwTIRUNLawC,"Applied Soft Computing, 114023, 2025","V Tyagi, S Singh",,Computer Science and Engineering 
Dr Samayveer Singh,A Green Node Structuring Protocol for IoT-WSNs Based on Hybrid Fairy-Wren Optimization Theory,2025,https://scholar.google.com/citations?view_op=view_citation&hl=en&user=DONY6GUAAAAJ&pagesize=100&sortby=pubdate&citation_for_view=DONY6GUAAAAJ:mRAYM1lGiDwC,"IEEE Internet of Things Journal, 2025","A Malik, S Singh, R Kumar, AK Rai, N Kumar",,Computer Science and Engineering 
Dr Samayveer Singh,Energy-Optimization Route and Cluster Head Selection Using M-PSO and GA in Wireless Sensor Networks,2024,https://scholar.google.com/citations?view_op=view_citation&hl=en&user=DONY6GUAAAAJ&pagesize=100&sortby=pubdate&citation_for_view=DONY6GUAAAAJ:xMZGxf1v-3YC,"Wireless Personal Communications, 1-26, 2024","V Prakash, D Singh, S Pandey, S Singh, PK Singh",27,Computer Science and Engineering 
Dr Samayveer Singh,IoT based sensor network clustering for intelligent transportation system using meta‐heuristic algorithm,2024,https://scholar.google.com/citations?view_op=view_citation&hl=en&user=DONY6GUAAAAJ&pagesize=100&sortby=pubdate&citation_for_view=DONY6GUAAAAJ:EO1llL0aI9sC,"Concurrency and Computation: Practice and Experience, e8193, 2024","A Malik, S Singh, Manju, M Kumar, SS Gill",7,Computer Science and Engineering 
Dr Samayveer Singh,RCBE-AS: Rabin cryptosystem–based efficient authentication scheme for wireless sensor networks,2024,https://scholar.google.com/citations?view_op=view_citation&hl=en&user=DONY6GUAAAAJ&pagesize=100&sortby=pubdate&citation_for_view=DONY6GUAAAAJ:q82PccF7nXcC,"Personal and ubiquitous computing 28 (1), 171-192, 2024","D Singh, B Kumar, S Singh, S Chand, PK Singh",12,Computer Science and Engineering 
Dr Samayveer Singh,HSB based reversible data hiding using sorting and pairwise expansion,2024,https://scholar.google.com/citations?view_op=view_citation&hl=en&user=DONY6GUAAAAJ&pagesize=100&sortby=pubdate&citation_for_view=DONY6GUAAAAJ:5thYEm8kiqcC,"Journal of Information Security and Applications 80, 103663, 2024","AK Saini, S Singh",5,Computer Science and Engineering 
Dr Samayveer Singh,AI-driven task scheduling strategy with blockchain integration for edge computing,2024,https://scholar.google.com/citations?view_op=view_citation&hl=en&user=DONY6GUAAAAJ&pagesize=100&sortby=pubdate&citation_for_view=DONY6GUAAAAJ:GO5CT2y9xrEC,"Journal of Grid Computing 22 (1), 13, 2024","A Sinha, S Singh, HK Verma",14,Computer Science and Engineering 
Dr Samayveer Singh,Analysis and Performance Evaluation of Routing Protocols using Sink Mobility in IoT-enabled Wireless Sensor Networks,2024,https://scholar.google.com/citations?view_op=view_citation&hl=en&user=DONY6GUAAAAJ&pagesize=100&sortby=pubdate&citation_for_view=DONY6GUAAAAJ:dw5aoL0HVgwC,"IoT-enabled Sensor Networks: Architecture, Methodologies, Security, and …, 2024","S Singh, A Malik",4,Computer Science and Engineering 
Dr Samayveer Singh,Load balancing in sdn-enabled wsns toward 6g ioe: Partial cluster migration approach,2024,https://scholar.google.com/citations?view_op=view_citation&hl=en&user=DONY6GUAAAAJ&pagesize=100&sortby=pubdate&citation_for_view=DONY6GUAAAAJ:YiZc1oW-E3oC,"IEEE Internet of Things Journal 11 (18), 29557-29568, 2024","V Tyagi, S Singh, H Wu, SS Gill",14,Computer Science and Engineering 
Dr Samayveer Singh,Detecting low-resolution deepfakes: an exploration of machine learning techniques,2024,https://scholar.google.com/citations?view_op=view_citation&hl=en&user=DONY6GUAAAAJ&pagesize=100&sortby=pubdate&citation_for_view=DONY6GUAAAAJ:7q08wCQPkLwC,"Multimedia Tools and Applications 83 (25), 66283-66298, 2024","M Pandey, S Singh, A Malik, R Kumar",5,Computer Science and Engineering 
Dr Samayveer Singh,Multi-class classification of breast cancer abnormality using transfer learning,2024,https://scholar.google.com/citations?view_op=view_citation&hl=en&user=DONY6GUAAAAJ&pagesize=100&sortby=pubdate&citation_for_view=DONY6GUAAAAJ:BulkYocH2doC,"Multimedia Tools and Applications 83 (30), 75085-75100, 2024","N Rani, DK Gupta, S Singh",16,Computer Science and Engineering 
Dr Samayveer Singh,MS-EAR: A mobile sink based energy aware routing technique for SDN enabled WSNs,2024,https://scholar.google.com/citations?view_op=view_citation&hl=en&user=DONY6GUAAAAJ&pagesize=100&sortby=pubdate&citation_for_view=DONY6GUAAAAJ:lYbyOjaXH8MC,"Peer-to-Peer Networking and Applications 17 (5), 3314-3334, 2024","V Tyagi, S Singh",6,Computer Science and Engineering 
Dr Samayveer Singh,Metaheuristics and Reinforcement Techniques for Smart Sensor Applications,2024,https://scholar.google.com/citations?view_op=view_citation&hl=en&user=DONY6GUAAAAJ&pagesize=100&sortby=pubdate&citation_for_view=DONY6GUAAAAJ:HOg0WoviCygC,"Chapman and Hall/CRC, 2024","A Sinha, S Singh",,Computer Science and Engineering 
Dr Samayveer Singh,A Hybrid Seagull Optimization Algorithm for Effective Task Offloading in Edge Computing Systems,2024,https://scholar.google.com/citations?view_op=view_citation&hl=en&user=DONY6GUAAAAJ&pagesize=100&sortby=pubdate&citation_for_view=DONY6GUAAAAJ:Y1W0x10ZrwMC,"National Academy Science Letters, 1-10, 2024","A Sinha, S Singh, HK Verma",2,Computer Science and Engineering 
Dr Samayveer Singh,Optimizing Secure Data Transmission in 6G-Enabled IoMT Using Blockchain Integration,2024,https://scholar.google.com/citations?view_op=view_citation&hl=en&user=DONY6GUAAAAJ&pagesize=100&sortby=pubdate&citation_for_view=DONY6GUAAAAJ:QxtoOqDH1aQC,"IEEE Transactions on Consumer Electronics, 2024","A Malik, V Tyagi, S Singh, R Kumar, H Wu, SS Gill",8,Computer Science and Engineering 
Dr Samayveer Singh,Multi speaker text-to-speech synthesis using generalized end-to-end loss function,2024,https://scholar.google.com/citations?view_op=view_citation&hl=en&user=DONY6GUAAAAJ&pagesize=100&sortby=pubdate&citation_for_view=DONY6GUAAAAJ:BDTQWqO089sC,"Multimedia Tools and Applications 83 (24), 64205-64222, 2024","O Nazir, A Malik, S Singh, ASK Pathan",6,Computer Science and Engineering 
Dr Samayveer Singh,5G Traffic Forecasting using Federated Learning,2023,https://scholar.google.com/citations?view_op=view_citation&hl=en&user=DONY6GUAAAAJ&pagesize=100&sortby=pubdate&citation_for_view=DONY6GUAAAAJ:7LLGAk_PBK4C,"2023 Third International Conference on Secure Cyber Computing and …, 2023","A Kalam, S Singh, A Sangal",4,Computer Science and Engineering 
Dr Samayveer Singh,Discover Internet of Things,2023,https://scholar.google.com/citations?view_op=view_citation&hl=en&user=DONY6GUAAAAJ&pagesize=100&sortby=pubdate&citation_for_view=DONY6GUAAAAJ:N7YTE_TVRugC,,"R Punia, A Malik, S Singh",,Computer Science and Engineering 
Dr Samayveer Singh,Performance Analysis of User Authentication Schemes in Wireless Sensor Networks,2023,https://scholar.google.com/citations?view_op=view_citation&hl=en&user=DONY6GUAAAAJ&pagesize=100&sortby=pubdate&citation_for_view=DONY6GUAAAAJ:2hlgnPHlchoC,"Proceedings of International Conference on Recent Innovations in Computing …, 2023","R Kumar, S Singh",,Computer Science and Engineering 
Dr Samayveer Singh,A Review on GIF-Based Steganography Techniques,2023,https://scholar.google.com/citations?view_op=view_citation&hl=en&user=DONY6GUAAAAJ&pagesize=100&sortby=pubdate&citation_for_view=DONY6GUAAAAJ:6_6x9JMR98MC,"Proceedings of International Conference on Recent Innovations in Computing …, 2023","A Chola, LK Awasthi, S Singh",1,Computer Science and Engineering 
Dr Samayveer Singh,A reversible data hiding technique using lower magnitude error channel pair selection,2023,https://scholar.google.com/citations?view_op=view_citation&hl=en&user=DONY6GUAAAAJ&pagesize=100&sortby=pubdate&citation_for_view=DONY6GUAAAAJ:yRRszJvrVdAC,"Multimedia Tools and Applications 82 (6), 8467-8488, 2023","SR Brahma, S Singh, DK Gupta, A Malik",5,Computer Science and Engineering 
Dr Samayveer Singh,Experimental performance analysis of cloud resource allocation framework using spider monkey optimization algorithm,2023,https://scholar.google.com/citations?view_op=view_citation&hl=en&user=DONY6GUAAAAJ&pagesize=100&sortby=pubdate&citation_for_view=DONY6GUAAAAJ:cAUKuAERoUMC,"Concurrency and Computation: Practice and Experience 35 (2), e7469, 2023","M Kumar, K Dubey, S Singh, J Kumar Samriya, SS Gill",22,Computer Science and Engineering 
Dr Samayveer Singh,Energy‐optimized cluster head selection based on enhanced remora optimization algorithm in underwater wireless sensor network,2023,https://scholar.google.com/citations?view_op=view_citation&hl=en&user=DONY6GUAAAAJ&pagesize=100&sortby=pubdate&citation_for_view=DONY6GUAAAAJ:RwQ8IgSj6xkC,"International Journal of Communication Systems, e5560, 2023","K Kumar Tiwari, S Singh",13,Computer Science and Engineering 
Dr Samayveer Singh,High Payload Lossless Steganography Using Image Interpolation,2023,https://scholar.google.com/citations?view_op=view_citation&hl=en&user=DONY6GUAAAAJ&pagesize=100&sortby=pubdate&citation_for_view=DONY6GUAAAAJ:5AT-p8ixKR4C,"Security and Communication Networks 2023 (1), 2068813, 2023","RP Sharma, A Malik, S Singh, S Agarwal, R Kumar",3,Computer Science and Engineering 
Dr Samayveer Singh,Encoder-Decoder Architecture for Image Steganography using Skip Connections.,2023,https://scholar.google.com/citations?view_op=view_citation&hl=en&user=DONY6GUAAAAJ&pagesize=100&sortby=pubdate&citation_for_view=DONY6GUAAAAJ:hwlm9Y4obscC,"Procedia Computer Science 218, 1122-1131, 2023","A Kumar, R Rani, S Singh",15,Computer Science and Engineering 
Dr Samayveer Singh,A robust and secure user authentication scheme based on multifactor and multi‐gateway in IoT enabled sensor networks,2023,https://scholar.google.com/citations?view_op=view_citation&hl=en&user=DONY6GUAAAAJ&pagesize=100&sortby=pubdate&citation_for_view=DONY6GUAAAAJ:j33aPA1ap8EC,"Security and Privacy, e335, 2023","R Kumar, S Singh, D Singh, M Kumar, SS Gill",15,Computer Science and Engineering 
Dr Samayveer Singh,A secure and efficient computation based multifactor authentication scheme for Intelligent IoT-enabled WSNs,2023,https://scholar.google.com/citations?view_op=view_citation&hl=en&user=DONY6GUAAAAJ&pagesize=100&sortby=pubdate&citation_for_view=DONY6GUAAAAJ:SZzxPo9m4nkC,"Computers and Electrical Engineering 105, 108495, 2023","R Kumar, S Singh, PK Singh",28,Computer Science and Engineering 
Dr Samayveer Singh,MPPT-EPO optimized solar energy harvesting for maximizing the WSN lifetime,2023,https://scholar.google.com/citations?view_op=view_citation&hl=en&user=DONY6GUAAAAJ&pagesize=100&sortby=pubdate&citation_for_view=DONY6GUAAAAJ:BzPC9jo9PWgC,"Peer-to-Peer Networking and Applications 16 (1), 347-357, 2023","P Gupta, S Tripathi, S Singh, VS Gupta",16,Computer Science and Engineering 
Dr Samayveer Singh,Multifactor Authentication Schemes for Multiserver Based Wireless Application: A Review,2023,https://scholar.google.com/citations?view_op=view_citation&hl=en&user=DONY6GUAAAAJ&pagesize=100&sortby=pubdate&citation_for_view=DONY6GUAAAAJ:AmQcmOVUwm0C,"2023 Third International Conference on Secure Cyber Computing and …, 2023","Y Nogia, S Singh, V Tyagi",8,Computer Science and Engineering 
Dr Samayveer Singh,"An Analysis Study of Security Threats, Vulnerabilities Challenges of Cyber-Physical Systems",2023,https://scholar.google.com/citations?view_op=view_citation&hl=en&user=DONY6GUAAAAJ&pagesize=100&sortby=pubdate&citation_for_view=DONY6GUAAAAJ:EVUe1p4rgj0C,"IoT, Big Data and AI for Improving Quality of Everyday Life: Present and …, 2023","JA Wani, S Singh, A Malik, PK Singh",1,Computer Science and Engineering 
Dr Samayveer Singh,Modified energy-proficient partial coverage methodology for optimizing coverage in WSN,2023,https://scholar.google.com/citations?view_op=view_citation&hl=en&user=DONY6GUAAAAJ&pagesize=100&sortby=pubdate&citation_for_view=DONY6GUAAAAJ:-cHHJ4ChvFsC,"Multimedia Tools and Applications 82 (15), 22669-22685, 2023","Manju, S Singh",3,Computer Science and Engineering 
Dr Samayveer Singh,A novel cluster head selection algorithm based IoT enabled heterogeneous WSNs distributed architecture for smart city,2023,https://scholar.google.com/citations?view_op=view_citation&hl=en&user=DONY6GUAAAAJ&pagesize=100&sortby=pubdate&citation_for_view=DONY6GUAAAAJ:7uOkfv6XYJ4C,"Microprocessors and Microsystems 101, 104892, 2023","S Singh, D Garg, A Malik",26,Computer Science and Engineering 
Dr Samayveer Singh,A genetic-algorithm-based dynamic transmission of data for communicable disease in IoMT environment,2023,https://scholar.google.com/citations?view_op=view_citation&hl=en&user=DONY6GUAAAAJ&pagesize=100&sortby=pubdate&citation_for_view=DONY6GUAAAAJ:K1AqHrCRkPsC,"IEEE Internet of Things Journal 11 (1), 1427-1438, 2023","S Singh, AS Nandan, G Sikka, A Malik, N Kumar",23,Computer Science and Engineering 
Dr Samayveer Singh,Innovative image interpolation based reversible data hiding for secure communication,2023,https://scholar.google.com/citations?view_op=view_citation&hl=en&user=DONY6GUAAAAJ&pagesize=100&sortby=pubdate&citation_for_view=DONY6GUAAAAJ:yBJCJstOu-sC,"Discover Internet of Things 3 (1), 22, 2023","R Punia, A Malik, S Singh",9,Computer Science and Engineering 
Dr Samayveer Singh,An interpolation-based reversible data hiding scheme for internet of things applications,2023,https://scholar.google.com/citations?view_op=view_citation&hl=en&user=DONY6GUAAAAJ&pagesize=100&sortby=pubdate&citation_for_view=DONY6GUAAAAJ:mzRTpvMFn3IC,"Discover Internet of Things 3 (1), 18, 2023","R Punia, A Malik, S Singh",12,Computer Science and Engineering 
Dr Samayveer Singh,Robust Semi-supervised Medical Image Classification: Leveraging Reliable Pseudo-labels,2023,https://scholar.google.com/citations?view_op=view_citation&hl=en&user=DONY6GUAAAAJ&pagesize=100&sortby=pubdate&citation_for_view=DONY6GUAAAAJ:NRnkAyzcrGMC,"International Conference on Computer Vision and Image Processing, 27-38, 2023","D Kumar, G Sikka, S Singh",,Computer Science and Engineering 
Dr Samayveer Singh,Ai-based sustainable and intelligent offloading framework for iiot in collaborative cloud-fog environments,2023,https://scholar.google.com/citations?view_op=view_citation&hl=en&user=DONY6GUAAAAJ&pagesize=100&sortby=pubdate&citation_for_view=DONY6GUAAAAJ:DoBzxrgsGIIC,"IEEE Transactions on Consumer Electronics 70 (1), 1414-1422, 2023","M Kumar, GK Walia, H Shingare, S Singh, SS Gill",70,Computer Science and Engineering 
Dr Samayveer Singh,Design of 3-D Pipe Routing for Internet of Things Networks Using Genetic Algorithm,2023,https://scholar.google.com/citations?view_op=view_citation&hl=en&user=DONY6GUAAAAJ&pagesize=100&sortby=pubdate&citation_for_view=DONY6GUAAAAJ:OKy9v0bssVUC,"6G Enabled Fog Computing in IoT: Applications and Opportunities, 261-283, 2023","V Maan, A Malik, S Singh, D Sharma",,Computer Science and Engineering 
Dr Samayveer Singh,GM-WOA: a hybrid energy efficient cluster routing technique for SDN-enabled WSNs.,2023,https://scholar.google.com/citations?view_op=view_citation&hl=en&user=DONY6GUAAAAJ&pagesize=100&sortby=pubdate&citation_for_view=DONY6GUAAAAJ:X41XOdD1uaEC,"Journal of Supercomputing 79 (13), 2023","V Tyagi, S Singh",21,Computer Science and Engineering 
Dr Samayveer Singh,IoT-Based Smart Indoor Navigation System with Voice Assistance for Museums,2023,https://scholar.google.com/citations?view_op=view_citation&hl=en&user=DONY6GUAAAAJ&pagesize=100&sortby=pubdate&citation_for_view=DONY6GUAAAAJ:D4n_APcuzvwC,"International Conference on Communication and Intelligent Systems, 449-457, 2023","Manju, S Singh, S Kumar",,Computer Science and Engineering 
Dr Samayveer Singh,Network resource management mechanisms in SDN enabled WSNs: A comprehensive review,2023,https://scholar.google.com/citations?view_op=view_citation&hl=en&user=DONY6GUAAAAJ&pagesize=100&sortby=pubdate&citation_for_view=DONY6GUAAAAJ:geVfx-PNG5EC,"Computer Science Review 49, 100569, 2023","V Tyagi, S Singh",27,Computer Science and Engineering 
Dr Samayveer Singh,Reversible data hiding with high visual quality using pairwise PVO and PEE,2023,https://scholar.google.com/citations?view_op=view_citation&hl=en&user=DONY6GUAAAAJ&pagesize=100&sortby=pubdate&citation_for_view=DONY6GUAAAAJ:yqZeyBDMhiUC,"Multimedia Tools and Applications 82 (20), 30733-30758, 2023","N Kumar, R Kumar, A Malik, S Singh, KH Jung",22,Computer Science and Engineering 
Dr Samayveer Singh,A Review on Various Deepfakes',2023,https://scholar.google.com/citations?view_op=view_citation&hl=en&user=DONY6GUAAAAJ&pagesize=100&sortby=pubdate&citation_for_view=DONY6GUAAAAJ:hzvVvKpMvx4C,"Proceedings of Fourth International Conference on Computing, Communications …, 2023","M Pandey, S Singh",,Computer Science and Engineering 
Dr Samayveer Singh,ECICM: An Efficient Clustering,2022,https://scholar.google.com/citations?view_op=view_citation&hl=en&user=DONY6GUAAAAJ&pagesize=100&sortby=pubdate&citation_for_view=DONY6GUAAAAJ:9LrdxYebArsC,"Recent Innovations in Computing: Proceedings of ICRIC 2021, Volume 2 855, 249, 2022","S Singh, A Malik, PK Singh",1,Computer Science and Engineering 
Dr Samayveer Singh,Optimized routing technique for IoT enabled software-defined heterogeneous WSNs using genetic mutation based PSO,2022,https://scholar.google.com/citations?view_op=view_citation&hl=en&user=DONY6GUAAAAJ&pagesize=100&sortby=pubdate&citation_for_view=DONY6GUAAAAJ:m44aUaJR3ikC,"Computer Standards & Interfaces 79, 103548, 2022","R Ramteke, S Singh, A Malik",67,Computer Science and Engineering 
Dr Samayveer Singh,An IIoT based secure and sustainable smart supply chain system using sensor networks,2022,https://scholar.google.com/citations?view_op=view_citation&hl=en&user=DONY6GUAAAAJ&pagesize=100&sortby=pubdate&citation_for_view=DONY6GUAAAAJ:-Z8x4v2cOtkC,"Transactions on Emerging Telecommunications Technologies, e4681, 2022","S Singh, M Kumar, OP Verma, R Kumar, SS Gill",11,Computer Science and Engineering 
Dr Samayveer Singh,A survey of recent advances in image steganography,2022,https://scholar.google.com/citations?view_op=view_citation&hl=en&user=DONY6GUAAAAJ&pagesize=100&sortby=pubdate&citation_for_view=DONY6GUAAAAJ:vkDViGfkvYEC,"Security and Privacy, e281, 2022","A Kumar, R Rani, S Singh",22,Computer Science and Engineering 
Dr Samayveer Singh,Monitoring in Heterogeneous WSNs,2022,https://scholar.google.com/citations?view_op=view_citation&hl=en&user=DONY6GUAAAAJ&pagesize=100&sortby=pubdate&citation_for_view=DONY6GUAAAAJ:bXvxhPDrUX0C,"Recent Innovations in Computing: Proceedings of ICRIC 2021, Volume 2 855, 53, 2022","S Singh, A Malik, PS Mehra, PK Singh",,Computer Science and Engineering 
Dr Samayveer Singh,A secure energy-efficient routing protocol for disease data transmission using IoMT,2022,https://scholar.google.com/citations?view_op=view_citation&hl=en&user=DONY6GUAAAAJ&pagesize=100&sortby=pubdate&citation_for_view=DONY6GUAAAAJ:0kYikfLtzSYC,"Computers and Electrical Engineering 101, 108113, 2022","S Singh, AS Nandan, G Sikka, A Malik, A Vidyarthi",42,Computer Science and Engineering 
Dr Samayveer Singh,Special issue on emerging technologies for information hiding and forensics in multimedia systems,2022,https://scholar.google.com/citations?view_op=view_citation&hl=en&user=DONY6GUAAAAJ&pagesize=100&sortby=pubdate&citation_for_view=DONY6GUAAAAJ:3ssty3PwuTgC,"Multimedia Tools and Applications 81 (14), 19463-19470, 2022","S Singh, KH Jung",6,Computer Science and Engineering 
Dr Samayveer Singh,Reversible Data Hiding with Absolute Quality Preserving Feature in Animated GIF,2022,https://scholar.google.com/citations?view_op=view_citation&hl=en&user=DONY6GUAAAAJ&pagesize=100&sortby=pubdate&citation_for_view=DONY6GUAAAAJ:UPMPWMAU16oC,"대한전자공학회 학술대회, 2143-2147, 2022","A Chola, LK Awasthi, S Singh, R Kumar, KH Jung",,Computer Science and Engineering 
Dr Samayveer Singh,Steganography Methods for GIF Images: A Review,2022,https://scholar.google.com/citations?view_op=view_citation&hl=en&user=DONY6GUAAAAJ&pagesize=100&sortby=pubdate&citation_for_view=DONY6GUAAAAJ:t7izwRedFcYC,"International Conference on Computing, Communications, and Cyber-Security …, 2022","A Gupta, LK Awasthi, S Singh",,Computer Science and Engineering 
Dr Samayveer Singh,A Review on Various Deepfakes’ Detection Methods,2022,https://scholar.google.com/citations?view_op=view_citation&hl=en&user=DONY6GUAAAAJ&pagesize=100&sortby=pubdate&citation_for_view=DONY6GUAAAAJ:D_YRMw8gybsC,"International Conference on Computing, Communications, and Cyber-Security …, 2022","M Pandey, S Singh",2,Computer Science and Engineering 
Dr Samayveer Singh,GWO-EFUCA: Grey Wolf Optimisation and Fuzzy Logic based Unequal Clustering and Routing protocol for sustainable WSN-based Internet of Things,2022,https://scholar.google.com/citations?view_op=view_citation&hl=en&user=DONY6GUAAAAJ&pagesize=100&sortby=pubdate&citation_for_view=DONY6GUAAAAJ:ZpfHopiqs50C,,"PS Mehra, K Jain, D Chawla, A Dagur, S Singh, J Sharma",22,Computer Science and Engineering 
Dr Samayveer Singh,A Review on Indian Summer Monsoon Rainfall Prediction Using Machine Learning Techniques,2021,https://scholar.google.com/citations?view_op=view_citation&hl=en&user=DONY6GUAAAAJ&pagesize=100&sortby=pubdate&citation_for_view=DONY6GUAAAAJ:dBzKUGQurMsC,"2021 2nd International Conference on Secure Cyber Computing and …, 2021","A Kumar, S Singh",8,Computer Science and Engineering 
Dr Samayveer Singh,DEERS: Design Energy-Efficient Routing Scheme for Harsh Environment Monitoring in Heterogeneous WSNs,2021,https://scholar.google.com/citations?view_op=view_citation&hl=en&user=DONY6GUAAAAJ&pagesize=100&sortby=pubdate&citation_for_view=DONY6GUAAAAJ:AOwgc6nnr1EC,"Recent Innovations in Computing: Proceedings of ICRIC 2021, Volume 2, 53, 2021","S Singh, A Malik, PS Mehra, PK Singh",,Computer Science and Engineering 
Dr Samayveer Singh,ECICM: An Efficient Clustering and Information Collection Method in Heterogeneous Wireless Sensor Networks,2021,https://scholar.google.com/citations?view_op=view_citation&hl=en&user=DONY6GUAAAAJ&pagesize=100&sortby=pubdate&citation_for_view=DONY6GUAAAAJ:54SpJiyHbzwC,"Recent Innovations in Computing: Proceedings of ICRIC 2021, Volume 2, 249, 2021","S Singh, A Malik, PK Singh",,Computer Science and Engineering 
Dr Samayveer Singh,PVO based reversible data hiding technique for roughly textured images,2021,https://scholar.google.com/citations?view_op=view_citation&hl=en&user=DONY6GUAAAAJ&pagesize=100&sortby=pubdate&citation_for_view=DONY6GUAAAAJ:ZJ-noXUx9mkC,"Multidimensional Systems and Signal Processing 32 (2), 533-558, 2021","G Kaur, S Singh, R Rani",10,Computer Science and Engineering 
Dr Samayveer Singh,Low bandwidth data hiding for multimedia systems based on bit redundancy,2021,https://scholar.google.com/citations?view_op=view_citation&hl=en&user=DONY6GUAAAAJ&pagesize=100&sortby=pubdate&citation_for_view=DONY6GUAAAAJ:S0RksyIsHSIC,"Multimedia Tools and Applications, 2021","N Kumar, R Kumar, A Malik, S Singh",8,Computer Science and Engineering 
Dr Samayveer Singh,High‐quality reversible data hiding scheme using sorting and enhanced pairwise PEE,2021,https://scholar.google.com/citations?view_op=view_citation&hl=en&user=DONY6GUAAAAJ&pagesize=100&sortby=pubdate&citation_for_view=DONY6GUAAAAJ:PPrs6GlykQcC,"IET Image Processing 16 (4), 1096-‌1110, 2021","G Kaur, S Singh, R Rani, R Kumar, A Malik",21,Computer Science and Engineering 
Dr Samayveer Singh,An Energy-Efficient Modified Metaheuristic Inspired Algorithm for Disaster Management System Using WSNs,2021,https://scholar.google.com/citations?view_op=view_citation&hl=en&user=DONY6GUAAAAJ&pagesize=100&sortby=pubdate&citation_for_view=DONY6GUAAAAJ:CB6W3GmKGOEC,"IEEE Sensors Journal 21 (13), 15398-15408, 2021","S Singh, AS Nandan, A Malik, N Kumar, A Barnawi",50,Computer Science and Engineering 
Dr Samayveer Singh,Information Theory-based Techniques to Detect DDoS in SDN: A Survey,2021,https://scholar.google.com/citations?view_op=view_citation&hl=en&user=DONY6GUAAAAJ&pagesize=100&sortby=pubdate&citation_for_view=DONY6GUAAAAJ:GDem9OnCwu8C,"2021 2nd International Conference on Secure Cyber Computing and …, 2021","S Patidar, S Singh",11,Computer Science and Engineering 
Dr Samayveer Singh,SCSZB: Sensor Congregate Stable Zonal-Based Routing Protocol Designed for Optimal WSN,2021,https://scholar.google.com/citations?view_op=view_citation&hl=en&user=DONY6GUAAAAJ&pagesize=100&sortby=pubdate&citation_for_view=DONY6GUAAAAJ:gYnLYBw1zZMC,"Advances in Smart Communication and Imaging Systems: Select Proceedings of …, 2021","A Kumar Dwivedi, AK Sharma, Manju, S Singh, PS Mehra",11,Computer Science and Engineering 
Dr Samayveer Singh,Comparative Study of Disease Detection in Plants using Machine Learning and Deep Learning,2021,https://scholar.google.com/citations?view_op=view_citation&hl=en&user=DONY6GUAAAAJ&pagesize=100&sortby=pubdate&citation_for_view=DONY6GUAAAAJ:WsFh9Szeq2wC,"2021 2nd International Conference on Secure Cyber Computing and …, 2021","N Ahmad, S Singh",17,Computer Science and Engineering 
Dr Samayveer Singh,Energy efficient rendezvous points based routing technique using multiple mobile sink in heterogeneous wireless sensor networks,2021,https://scholar.google.com/citations?view_op=view_citation&hl=en&user=DONY6GUAAAAJ&pagesize=100&sortby=pubdate&citation_for_view=DONY6GUAAAAJ:Vch7EZszQGgC,"Wireless Networks 27 (6), 3733-3746, 2021","P Gupta, S Tripathi, S Singh",30,Computer Science and Engineering 
Dr Samayveer Singh,A Comprehensive Study of Reversible Data Hiding (RDH) Schemes Based on Pixel Value Ordering (PVO) G. Kaur et al.,2021,https://scholar.google.com/citations?view_op=view_citation&hl=en&user=DONY6GUAAAAJ&pagesize=100&sortby=pubdate&citation_for_view=DONY6GUAAAAJ:u1IMlZnpNFQC,"Archives of Computational Methods in Engineering 28 (5), 3517-3568, 2021","G Kaur, S Singh, R Rani, R Kumar",58,Computer Science and Engineering 
Dr Samayveer Singh,An Optimized Genetic Algorithm for Cluster Head Election Based on Movable Sinks and Adjustable Sensing Ranges in IoT-Based HWSNs,2021,https://scholar.google.com/citations?view_op=view_citation&hl=en&user=DONY6GUAAAAJ&pagesize=100&sortby=pubdate&citation_for_view=DONY6GUAAAAJ:cxS_fjKIGZMC,"IEEE Internet of Things Journal 9 (7), 5027-5039, 2021","AS Nandan, S Singh, R Kumar, N Kumar",63,Computer Science and Engineering 
Dr Samayveer Singh,A GA-Based Sustainable and Secure Green Data Communication Method Using IoT-Enabled WSN in Healthcare,2021,https://scholar.google.com/citations?view_op=view_citation&hl=en&user=DONY6GUAAAAJ&pagesize=100&sortby=pubdate&citation_for_view=DONY6GUAAAAJ:6YFk0eKgftsC,"IEEE Internet of Things Journal 9 (10), 7481-7490, 2021","S Singh, AS Nandan, A Malik, R Kumar, LK Awasthi, N Kumar",42,Computer Science and Engineering 
Dr Samayveer Singh,A Green Data Collection & Transmission Method for IoT-Based WSN in Disaster Management,2021,https://scholar.google.com/citations?view_op=view_citation&hl=en&user=DONY6GUAAAAJ&pagesize=100&sortby=pubdate&citation_for_view=DONY6GUAAAAJ:irE4lMk4wWMC,"IEEE Sensors Journal 21 (22), 25912-25921, 2021","AS Nandan, S Singh, A Malik, R Kumar",60,Computer Science and Engineering 
Dr Samayveer Singh,A proficient data gathering technique for unmanned aerial vehicle‐enabled heterogeneous wireless sensor networks,2021,https://scholar.google.com/citations?view_op=view_citation&hl=en&user=DONY6GUAAAAJ&pagesize=100&sortby=pubdate&citation_for_view=DONY6GUAAAAJ:6xXPb0EiZccC,"International Journal of Communication Systems 34 (16), e4956, 2021","S Singh, A Malik, R Kumar, PK Singh",17,Computer Science and Engineering 
Dr Samayveer Singh,An efficient cluster head election based on optimized genetic algorithm for movable sinks in IoT enabled HWSNs,2021,https://scholar.google.com/citations?view_op=view_citation&hl=en&user=DONY6GUAAAAJ&pagesize=100&sortby=pubdate&citation_for_view=DONY6GUAAAAJ:nnITTVbzT6kC,"Applied Soft Computing 107, 107318, 2021","AS Nandan, S Singh, LK Awasthi",65,Computer Science and Engineering 
Dr Samayveer Singh,Outcome Prediction of Patients for Different Stages of Sepsis Using Machine Learning Models,2020,https://scholar.google.com/citations?view_op=view_citation&hl=en&user=DONY6GUAAAAJ&cstart=100&pagesize=100&sortby=pubdate&citation_for_view=DONY6GUAAAAJ:tfDI-GPdlUQC,"Advances in Communication and Computational Technology, 1085-1098, 2020","P Chaudhary, DK Gupta, S Singh",15,Computer Science and Engineering 
Dr Samayveer Singh,OCHEP: An Optimized Cluster Head Election Protocol for Heterogeneous WSNs,2020,https://scholar.google.com/citations?view_op=view_citation&hl=en&user=DONY6GUAAAAJ&pagesize=100&sortby=pubdate&citation_for_view=DONY6GUAAAAJ:mu2_AnMl8iYC,"Advances in Smart Communication and Imaging Systems: Select Proceedings of …, 2020","S Singh, P Yadav, A Malik, R Agrawal",4,Computer Science and Engineering 
Dr Samayveer Singh,Energy-Efficient Routing Protocols for Cluster-Based Heterogeneous Wireless Sensor Network (HetWSN)—Strategies and Challenges: A Review,2020,https://scholar.google.com/citations?view_op=view_citation&hl=en&user=DONY6GUAAAAJ&pagesize=100&sortby=pubdate&citation_for_view=DONY6GUAAAAJ:UEFpDhwOD2kC,"Data Analytics and Management, 853-878, 2020","P Gupta, S Tripathi, S Singh",23,Computer Science and Engineering 
Dr Samayveer Singh,A Secure IoT-Based Mutual Authentication for Healthcare Applications in Wireless Sensor Networks Using ECC,2020,https://scholar.google.com/citations?view_op=view_citation&hl=en&user=DONY6GUAAAAJ&cstart=100&pagesize=100&sortby=pubdate&citation_for_view=DONY6GUAAAAJ:dj1AAMDQi3QC,"International Journal of Healthcare Information Systems and Informatics …, 2020","D Singh, B Kumar, S Singh, S Chand",27,Computer Science and Engineering 
Dr Samayveer Singh,A robust digital ECG signal watermarking and compression using biorthogonal wavelet transform,2020,https://scholar.google.com/citations?view_op=view_citation&hl=en&user=DONY6GUAAAAJ&cstart=100&pagesize=100&sortby=pubdate&citation_for_view=DONY6GUAAAAJ:pe4chHNxNLUC,"Research on Biomedical Engineering 37 (1), 79-85, 2020","A Kumar, R Ranganatham, S Singh, R Komaragiri, M Kumar",19,Computer Science and Engineering 
Dr Samayveer Singh,An effective analysis and performance investigation of energy heterogeneity in wireless sensor networks,2020,https://scholar.google.com/citations?view_op=view_citation&hl=en&user=DONY6GUAAAAJ&cstart=100&pagesize=100&sortby=pubdate&citation_for_view=DONY6GUAAAAJ:rJyh6hJnyfgC,"Handbook of Wireless Sensor Networks: Issues and Challenges in Current …, 2020","S Singh, R Kumar, PK Singh",10,Computer Science and Engineering 
Dr Samayveer Singh,An Animal Detection and Collision Avoidance System Using Deep Learning,2020,https://scholar.google.com/citations?view_op=view_citation&hl=en&user=DONY6GUAAAAJ&cstart=100&pagesize=100&sortby=pubdate&citation_for_view=DONY6GUAAAAJ:-c_eYhz9dBkC,"Advances in Communication and Computational Technology, 1069-1084, 2020","A Saxena, DK Gupta, S Singh",73,Computer Science and Engineering 
Dr Samayveer Singh,Extreme Event Forecasting Using Machine Learning Models,2020,https://scholar.google.com/citations?view_op=view_citation&hl=en&user=DONY6GUAAAAJ&cstart=100&pagesize=100&sortby=pubdate&citation_for_view=DONY6GUAAAAJ:AkvegQHRDQ8C,"Advances in Communication and Computational Technology, 1503-1514, 2020","M Kumar, DK Gupta, S Singh",21,Computer Science and Engineering 
Dr Samayveer Singh,A Clustering-Based Optimized Stable Election Protocol in Wireless Sensor Networks,2020,https://scholar.google.com/citations?view_op=view_citation&hl=en&user=DONY6GUAAAAJ&cstart=100&pagesize=100&sortby=pubdate&citation_for_view=DONY6GUAAAAJ:jtOrAYjvdewC,"Applications in Ubiquitous Computing, 157-176, 2020",S Singh,12,Computer Science and Engineering 
Dr Samayveer Singh,DACHE: A data aggregation-based effective and optimized cluster head election routing protocol for HWSNs,2020,https://scholar.google.com/citations?view_op=view_citation&hl=en&user=DONY6GUAAAAJ&pagesize=100&sortby=pubdate&citation_for_view=DONY6GUAAAAJ:HmWvvuJwtxYC,"The International Conference on Recent Innovations in Computing, 275-292, 2020","A Malik, S Singh, PK Singh",7,Computer Science and Engineering 
Dr Samayveer Singh,A high capacity reversible data hiding technique based on pixel value ordering using interlock partitioning,2020,https://scholar.google.com/citations?view_op=view_citation&hl=en&user=DONY6GUAAAAJ&pagesize=100&sortby=pubdate&citation_for_view=DONY6GUAAAAJ:yNlG6JgpFqoC,"2020 7th International Conference on Signal Processing and Integrated …, 2020","G Kaur, S Singh, R Rani",17,Computer Science and Engineering 
Dr Samayveer Singh,Gray-Version Invariant Reversible Data Hiding Scheme Based on 2D Histogram Modification for Color Images,2020,https://scholar.google.com/citations?view_op=view_citation&hl=en&user=DONY6GUAAAAJ&pagesize=100&sortby=pubdate&citation_for_view=DONY6GUAAAAJ:uQdrZ3qaPmcC,"Advances in Smart Communication and Imaging Systems: Select Proceedings of …, 2020","A Malik, S Singh, S Awasthi, P Yadav",,Computer Science and Engineering 
Dr Samayveer Singh,OSEP: an optimized stable election protocol in heterogeneous wireless sensor networks,2020,https://scholar.google.com/citations?view_op=view_citation&hl=en&user=DONY6GUAAAAJ&pagesize=100&sortby=pubdate&citation_for_view=DONY6GUAAAAJ:LzOrNEA7mwcC,"The International Conference on Recent Innovations in Computing, 235-251, 2020","S Singh, PK Singh, A Malik",6,Computer Science and Engineering 
Dr Samayveer Singh,Particle swarm optimization and genetic mutation based routing technique for IoT-based homogeneous software-defined WSNs,2020,https://scholar.google.com/citations?view_op=view_citation&hl=en&user=DONY6GUAAAAJ&pagesize=100&sortby=pubdate&citation_for_view=DONY6GUAAAAJ:n1qY4L4uFdgC,"The International Conference on Recent Innovations in Computing, 137-150, 2020","R Ramteke, S Singh",6,Computer Science and Engineering 
Dr Samayveer Singh,Proficient QoS-based target coverage problem in wireless sensor networks,2020,https://scholar.google.com/citations?view_op=view_citation&hl=en&user=DONY6GUAAAAJ&pagesize=100&sortby=pubdate&citation_for_view=DONY6GUAAAAJ:HAmI6pRF5skC,"IEEE Access 8, 74315-74325, 2020","S Singh, S Kumar, A Nayyar, F Al-Turjman, L Mostarda",56,Computer Science and Engineering 
Dr Samayveer Singh,Learning automata based heuristics for target Q-coverage,2020,https://scholar.google.com/citations?view_op=view_citation&hl=en&user=DONY6GUAAAAJ&pagesize=100&sortby=pubdate&citation_for_view=DONY6GUAAAAJ:zGWyAL6qfKUC,"2020 8th International Conference on Reliability, Infocom Technologies and …, 2020","S Singh, AK Dwivedi, AK Sharma, PS Mehra",7,Computer Science and Engineering 
Dr Samayveer Singh,A Clustering-Based Optimized Stable,2020,https://scholar.google.com/citations?view_op=view_citation&hl=en&user=DONY6GUAAAAJ&pagesize=100&sortby=pubdate&citation_for_view=DONY6GUAAAAJ:GWiaReNCd0YC,"Applications in Ubiquitous Computing, 157, 2020",S Singh,,Computer Science and Engineering 
Dr Samayveer Singh,A Threshold‐Based Optimization Energy‐Efficient Routing Technique in Heterogeneous Wireless Sensor Networks,2020,https://scholar.google.com/citations?view_op=view_citation&hl=en&user=DONY6GUAAAAJ&pagesize=100&sortby=pubdate&citation_for_view=DONY6GUAAAAJ:DwFgw5hZUzMC,"Machine Learning and Cognitive Computing for Mobile Communications and …, 2020",S Singh,1,Computer Science and Engineering 
Dr Samayveer Singh,Adaptive PVD and LSB based high capacity data hiding scheme,2020,https://scholar.google.com/citations?view_op=view_citation&hl=en&user=DONY6GUAAAAJ&pagesize=100&sortby=pubdate&citation_for_view=DONY6GUAAAAJ:0Kh4an1R61UC,"Multimedia Tools and Applications 79 (25), 18815-18837, 2020",S Singh,40,Computer Science and Engineering 
Dr Samayveer Singh,An energy aware clustering and data gathering technique based on nature inspired optimization in WSNs,2020,https://scholar.google.com/citations?view_op=view_citation&hl=en&user=DONY6GUAAAAJ&pagesize=100&sortby=pubdate&citation_for_view=DONY6GUAAAAJ:WHBERAHVdrEC,"Peer-to-Peer Networking and Applications 13 (5), 1357-1374, 2020",S Singh,38,Computer Science and Engineering 
Dr Samayveer Singh,Evaluating authentication schemes for real-time data in wireless sensor network,2020,https://scholar.google.com/citations?view_op=view_citation&hl=en&user=DONY6GUAAAAJ&pagesize=100&sortby=pubdate&citation_for_view=DONY6GUAAAAJ:AubyX3KqGToC,"Wireless Personal Communications 114 (1), 629-655, 2020","D Singh, B Kumar, S Singh, S Chand",21,Computer Science and Engineering 
Dr Samayveer Singh,Energy efficient hotspot problem mitigation techniques using multiple mobile sink in heterogeneous wireless sensor network,2020,https://scholar.google.com/citations?view_op=view_citation&hl=en&user=DONY6GUAAAAJ&pagesize=100&sortby=pubdate&citation_for_view=DONY6GUAAAAJ:ZYLUaBFA95QC,"International Journal of Communication Systems 33 (18), e4641, 2020","P Gupta, S Tripathi, S Singh",10,Computer Science and Engineering 
Dr Samayveer Singh,RDA-BWO: hybrid energy efficient data transfer and mobile sink location prediction in heterogeneous WSN,2020,https://scholar.google.com/citations?view_op=view_citation&hl=en&user=DONY6GUAAAAJ&pagesize=100&sortby=pubdate&citation_for_view=DONY6GUAAAAJ:ocbgtyEEUOwC,"Wireless Networks, 1-20, 2020","P Gupta, S Tripathi, S Singh",25,Computer Science and Engineering 
Dr Samayveer Singh,SMAC-AS: MAC based secure authentication scheme for wireless sensor network,2019,https://scholar.google.com/citations?view_op=view_citation&hl=en&user=DONY6GUAAAAJ&cstart=100&pagesize=100&sortby=pubdate&citation_for_view=DONY6GUAAAAJ:RVqaWcrwK10C,"Wireless Personal Communications 107 (2), 1289-1308, 2019","D Singh, B Kumar, S Singh, S Chand",18,Computer Science and Engineering 
Dr Samayveer Singh,Sustainable Computing: Informatics and Systems,2019,https://scholar.google.com/citations?view_op=view_citation&hl=en&user=DONY6GUAAAAJ&cstart=100&pagesize=100&sortby=pubdate&citation_for_view=DONY6GUAAAAJ:YnriW4MgZhwC,,S Singh,,Computer Science and Engineering 
Dr Samayveer Singh,Human visual system based enhanced AMBTC for color image compression using interpolation,2019,https://scholar.google.com/citations?view_op=view_citation&hl=en&user=DONY6GUAAAAJ&cstart=100&pagesize=100&sortby=pubdate&citation_for_view=DONY6GUAAAAJ:gkldIfsazJcC,"Proceedings of the 2019 6th International Conference on Signal Processing …, 2019","R Kumar, S Singh, KH Jung",16,Computer Science and Engineering 
Dr Samayveer Singh,A sustainable data gathering technique based on nature inspired optimization in WSNs,2019,https://scholar.google.com/citations?view_op=view_citation&hl=en&user=DONY6GUAAAAJ&cstart=100&pagesize=100&sortby=pubdate&citation_for_view=DONY6GUAAAAJ:09LM3QYkMKUC,"Sustainable Computing: Informatics and Systems 24, 100354, 2019",S Singh,16,Computer Science and Engineering 
Dr Samayveer Singh,An optimal high capacity reversible data hiding scheme using move to front coding for LZW codes,2019,https://scholar.google.com/citations?view_op=view_citation&hl=en&user=DONY6GUAAAAJ&cstart=100&pagesize=100&sortby=pubdate&citation_for_view=DONY6GUAAAAJ:qSd0DAb9jMoC,"Multimedia Tools and Applications 78 (16), 22977-23001, 2019","R Kumar, S Chand, S Singh",28,Computer Science and Engineering 
Dr Samayveer Singh,A Clustering Based Optimized PEGASIS in Wireless Sensor Networks,2019,https://scholar.google.com/citations?view_op=view_citation&hl=en&user=DONY6GUAAAAJ&cstart=100&pagesize=100&sortby=pubdate&citation_for_view=DONY6GUAAAAJ:cTy_cm4PQvYC,"International Conference on Futuristic Trends in Networks and Computing …, 2019","S Singh, PK Singh",1,Computer Science and Engineering 
Dr Samayveer Singh,A reversible high capacity data hiding scheme using combinatorial strategy,2018,https://scholar.google.com/citations?view_op=view_citation&hl=en&user=DONY6GUAAAAJ&cstart=100&pagesize=100&sortby=pubdate&citation_for_view=DONY6GUAAAAJ:3BvdIg-l-ZAC,"International Journal of Multimedia Intelligence and Security 3 (2), 146-161, 2018","R Kumar, S Chand, S Singh",23,Computer Science and Engineering 
Dr Samayveer Singh,A Reversible High Capacity Data Hiding Scheme using Combinatorial Strategy,2018,https://scholar.google.com/citations?view_op=view_citation&hl=en&user=DONY6GUAAAAJ&cstart=100&pagesize=100&sortby=pubdate&citation_for_view=DONY6GUAAAAJ:_IwLajd9sWMC,,S Singh,,Computer Science and Engineering 
Dr Samayveer Singh,Recovery based high capacity reversible data hiding scheme using even-odd embedding,2018,https://scholar.google.com/citations?view_op=view_citation&hl=en&user=DONY6GUAAAAJ&cstart=100&pagesize=100&sortby=pubdate&citation_for_view=DONY6GUAAAAJ:8s22W2WWFy4C,"Springer New York LLC, 2018",S Singh,,Computer Science and Engineering 
Dr Samayveer Singh,Anonymity preserving authentication and key agreement scheme for wireless sensor networks,2018,https://scholar.google.com/citations?view_op=view_citation&hl=en&user=DONY6GUAAAAJ&cstart=100&pagesize=100&sortby=pubdate&citation_for_view=DONY6GUAAAAJ:adHtZc2wMuEC,"International Conference on Futuristic Trends in Network and Communication …, 2018","D Singh, S Singh, B Kumar, S Chand",3,Computer Science and Engineering 
Dr Samayveer Singh,Recovery based high capacity reversible data hiding scheme using even-odd embedding,2018,https://scholar.google.com/citations?view_op=view_citation&hl=en&user=DONY6GUAAAAJ&cstart=100&pagesize=100&sortby=pubdate&citation_for_view=DONY6GUAAAAJ:as0KMg8qHbkC,"Multimedia Tools and Applications 77 (12), 15803-15827, 2018","A Malik, S Singh, R Kumar",52,Computer Science and Engineering 
Dr Samayveer Singh,An improved histogram-shifting-imitated reversible data hiding based on HVS characteristics,2018,https://scholar.google.com/citations?view_op=view_citation&hl=en&user=DONY6GUAAAAJ&cstart=100&pagesize=100&sortby=pubdate&citation_for_view=DONY6GUAAAAJ:9NZAP19TdFAC,"Multimedia Tools and Applications 77 (11), 13445-13457, 2018","R Kumar, S Chand, S Singh",42,Computer Science and Engineering 
Dr Samayveer Singh,Performance investigation of energy efficient HetSEP for prolonging lifetime in WSNs,2018,https://scholar.google.com/citations?view_op=view_citation&hl=en&user=DONY6GUAAAAJ&cstart=100&pagesize=100&sortby=pubdate&citation_for_view=DONY6GUAAAAJ:vxA22ZmNLkoC,"International Conference on Futuristic Trends in Network and Communication …, 2018","S Singh, PK Singh",9,Computer Science and Engineering 
Dr Samayveer Singh,A reversible data hiding scheme using pixel location.,2018,https://scholar.google.com/citations?view_op=view_citation&hl=en&user=DONY6GUAAAAJ&cstart=100&pagesize=100&sortby=pubdate&citation_for_view=DONY6GUAAAAJ:ymY9cBF3mdcC,"Int. Arab J. Inf. Technol. 15 (4), 763-768, 2018","R Kumar, S Chand, S Singh",24,Computer Science and Engineering 
Dr Samayveer Singh,A New Image Steganography Technique Based on Pixel Intensity and Similarity in Secret Message,2018,https://scholar.google.com/citations?view_op=view_citation&hl=en&user=DONY6GUAAAAJ&cstart=100&pagesize=100&sortby=pubdate&citation_for_view=DONY6GUAAAAJ:ON9TkA72AHEC,"2018 International Conference on Advances in Computing, Communication …, 2018","A Malik, R Kumar, S Singh",12,Computer Science and Engineering 
Dr Samayveer Singh,An Efficient Biometric based three-factor authentication scheme for Wireless Sensor Network,2018,https://scholar.google.com/citations?view_op=view_citation&hl=en&user=DONY6GUAAAAJ&cstart=100&pagesize=100&sortby=pubdate&citation_for_view=DONY6GUAAAAJ:sfsSB7lKuh0C,"2018 International Conference on Advances in Computing, Communication …, 2018","D Singh, B Kumar, S Singh, S Chand",1,Computer Science and Engineering 
Dr Samayveer Singh,An Efficient and Secure Authentication Scheme using Markov Chain for Wireless Sensor Networks,2018,https://scholar.google.com/citations?view_op=view_citation&hl=en&user=DONY6GUAAAAJ&cstart=100&pagesize=100&sortby=pubdate&citation_for_view=DONY6GUAAAAJ:6pF0wJmtdfAC,"2018 IEEE 8th International Advance Computing Conference (IACC), 33-38, 2018","D Singh, B Kumar, S Singh, S Chand",5,Computer Science and Engineering 
Dr Samayveer Singh,Anonymity Preserving Authentication and Key Agreement Scheme for Wireless Sensor,2018,https://scholar.google.com/citations?view_op=view_citation&hl=en&user=DONY6GUAAAAJ&cstart=100&pagesize=100&sortby=pubdate&citation_for_view=DONY6GUAAAAJ:QSG1pgF8pGAC,"Futuristic Trends in Network and Communication Technologies: First …, 2018","S Singh, B Kumar¹",,Computer Science and Engineering 
Dr Samayveer Singh,A Proficient Node Deployment Mechanism Using Adjustable Sensing Range in Wireless Sensor Networks,2018,https://scholar.google.com/citations?view_op=view_citation&hl=en&user=DONY6GUAAAAJ&cstart=100&pagesize=100&sortby=pubdate&citation_for_view=DONY6GUAAAAJ:QKtdBID3u5MC,"Iranian Journal of Science and Technology, Transactions of Electrical …, 2018",S Singh,11,Computer Science and Engineering 
Dr Samayveer Singh,Multilevel heterogeneous network model for wireless sensor networks,2017,https://scholar.google.com/citations?view_op=view_citation&hl=en&user=DONY6GUAAAAJ&cstart=100&pagesize=100&sortby=pubdate&citation_for_view=DONY6GUAAAAJ:lg2tdxc6qMwC,"Telecommunication Systems 64 (2), 259-277, 2017","S Singh, S Chand, B Kumar",43,Computer Science and Engineering 
Dr Samayveer Singh,Energy efficient heterogeneous DEEC protocol for enhancing lifetime in WSNs,2017,https://scholar.google.com/citations?view_op=view_citation&hl=en&user=DONY6GUAAAAJ&cstart=100&pagesize=100&sortby=pubdate&citation_for_view=DONY6GUAAAAJ:WwIwg2wKZ0QC,"Engineering Science and Technology, an International Journal 20 (1), 345-353, 2017","S Singh, A Malik, R Kumar",167,Computer Science and Engineering 
Dr Samayveer Singh,hetSEP: heterogeneous SEP protocol for increasing lifetime in WSNs,2017,https://scholar.google.com/citations?view_op=view_citation&hl=en&user=DONY6GUAAAAJ&cstart=100&pagesize=100&sortby=pubdate&citation_for_view=DONY6GUAAAAJ:jg3FfqxSHJQC,"J Inf Opt Sci 38, 721-743, 2017","S Samayveer, M Aruna",2,Computer Science and Engineering 
Dr Samayveer Singh,Energy efficient multilevel network model for heterogeneous WSNs,2017,https://scholar.google.com/citations?view_op=view_citation&hl=en&user=DONY6GUAAAAJ&cstart=100&pagesize=100&sortby=pubdate&citation_for_view=DONY6GUAAAAJ:EaFouW7jFu4C,"Engineering Science and Technology, an International Journal 20 (1), 105-115, 2017",S Singh,53,Computer Science and Engineering 
Dr Samayveer Singh,hetSEP: Heterogeneous SEP protocol for increasing lifetime in WSNs,2017,https://scholar.google.com/citations?view_op=view_citation&hl=en&user=DONY6GUAAAAJ&cstart=100&pagesize=100&sortby=pubdate&citation_for_view=DONY6GUAAAAJ:RXiHnyRawswC,"Journal of Information and Optimization Sciences 38 (5), 721-743, 2017","S Singh, A Malik",29,Computer Science and Engineering 
Dr Samayveer Singh,hetDEEC: Heterogeneous DEEC protocol for prolonging lifetime in wireless sensor networks,2017,https://scholar.google.com/citations?view_op=view_citation&hl=en&user=DONY6GUAAAAJ&cstart=100&pagesize=100&sortby=pubdate&citation_for_view=DONY6GUAAAAJ:M_lZXyI38BkC,"Journal of Information and Optimization Sciences 38 (5), 699-720, 2017","S Singh, A Malik",20,Computer Science and Engineering 
Dr Samayveer Singh,NEECP: Novel energy-efficient clustering protocol for prolonging lifetime of WSNs,2016,https://scholar.google.com/citations?view_op=view_citation&hl=en&user=DONY6GUAAAAJ&cstart=100&pagesize=100&sortby=pubdate&citation_for_view=DONY6GUAAAAJ:n3vGvpFsckwC,"IET Wireless Sensor Systems 6 (5), 151-157, 2016","S Singh, S Chand, R Kumar, A Malik, B Kumar",60,Computer Science and Engineering 
Dr Samayveer Singh,Reversible data hiding scheme for LZW codes using LSB flipping strategy,2016,https://scholar.google.com/citations?view_op=view_citation&hl=en&user=DONY6GUAAAAJ&cstart=100&pagesize=100&sortby=pubdate&citation_for_view=DONY6GUAAAAJ:oTdOBqtIf_kC,"Proceedings of the International Conference on Advances in Information …, 2016","A Malik, R Kumar, S Singh",6,Computer Science and Engineering 
Dr Samayveer Singh,Optimum sink location for sensor deployment in wireless sensor networks,2016,https://scholar.google.com/citations?view_op=view_citation&hl=en&user=DONY6GUAAAAJ&cstart=100&pagesize=100&sortby=pubdate&citation_for_view=DONY6GUAAAAJ:ndLnGcHYRF0C,"Journal of Information and Optimization Sciences 37 (4), 605-619, 2016","S Singh, S Chand, B Kumar",4,Computer Science and Engineering 
Dr Samayveer Singh,A space based reversible high capacity text steganography scheme using font type and style,2016,https://scholar.google.com/citations?view_op=view_citation&hl=en&user=DONY6GUAAAAJ&cstart=100&pagesize=100&sortby=pubdate&citation_for_view=DONY6GUAAAAJ:QoJ_w57xiyAC,"2016 International Conference on Computing, Communication and Automation …, 2016","R Kumar, A Malik, S Singh, B Kumar, S Chand",29,Computer Science and Engineering 
Dr Samayveer Singh,Reversible data hiding scheme for LZW codes using even-odd embedding strategy,2016,https://scholar.google.com/citations?view_op=view_citation&hl=en&user=DONY6GUAAAAJ&cstart=100&pagesize=100&sortby=pubdate&citation_for_view=DONY6GUAAAAJ:6VlyvFCUEfcC,"2016 International Conference on Computing, Communication and Automation …, 2016","R Kumar, A Malik, S Singh, B Kumar, S Chand",16,Computer Science and Engineering 
Dr Samayveer Singh,A high capacity email based text steganography scheme using huffman compression,2016,https://scholar.google.com/citations?view_op=view_citation&hl=en&user=DONY6GUAAAAJ&cstart=100&pagesize=100&sortby=pubdate&citation_for_view=DONY6GUAAAAJ:Vr2j17o0sqMC,"2016 3rd International Conference on Signal Processing and Integrated …, 2016","R Kumar, A Malik, S Singh, S Chand",37,Computer Science and Engineering 
Dr Samayveer Singh,Reversible Data Hiding Scheme for LZW Codes using LSB Flipping Strategy,2016,https://scholar.google.com/citations?view_op=view_citation&hl=en&user=DONY6GUAAAAJ&cstart=100&pagesize=100&sortby=pubdate&citation_for_view=DONY6GUAAAAJ:tsQ8sfJ2mf4C,"BPB Publishers, 2016",S Singh,,Computer Science and Engineering 
Dr Samayveer Singh,Energy Efficient Scheduling Protocols for Heterogeneous WSNs,2016,https://scholar.google.com/citations?view_op=view_citation&hl=en&user=DONY6GUAAAAJ&cstart=100&pagesize=100&sortby=pubdate&citation_for_view=DONY6GUAAAAJ:Gb6Hms-Uo9kC,"THE INTERNATIONAL JOURNAL OF FORENSIC COMPUTER SCIENCE - IJoFCS 11 (1), 8-29, 2016",SSA Malik,5,Computer Science and Engineering 
Dr Samayveer Singh,Heterogeneous Energy Efficient Protocol for Enhancing the Lifetime in WSNs,2016,https://scholar.google.com/citations?view_op=view_citation&hl=en&user=DONY6GUAAAAJ&cstart=100&pagesize=100&sortby=pubdate&citation_for_view=DONY6GUAAAAJ:xm0LlTxljI0C,"I.J. Information Technology and Computer Science 2016, 62-72, 2016","S Singh, A Malik",6,Computer Science and Engineering 
Dr Samayveer Singh,Energy efficient clustering protocol using fuzzy logic for heterogeneous WSNs,2016,https://scholar.google.com/citations?view_op=view_citation&hl=en&user=DONY6GUAAAAJ&cstart=100&pagesize=100&sortby=pubdate&citation_for_view=DONY6GUAAAAJ:1r-w4gtu6w8C,"Wireless Personal Communications 86 (2), 451-475, 2016","S Singh, S Chand, B Kumar",101,Computer Science and Engineering 
Dr Samayveer Singh,Performance evaluation of distributed protocols using different levels of heterogeneity models in wireless sensor networks,2015,https://scholar.google.com/citations?view_op=view_citation&hl=en&user=DONY6GUAAAAJ&cstart=100&pagesize=100&sortby=pubdate&citation_for_view=DONY6GUAAAAJ:M0leSnx2MbUC,"International Journal Computer Network and Information Security 7 (1), 38-45, 2015","S Singh, S Chand, B Kumar",8,Computer Science and Engineering 
Dr Samayveer Singh,An efficient text steganography scheme using Unicode Space Characters,2015,https://scholar.google.com/citations?view_op=view_citation&hl=en&user=DONY6GUAAAAJ&cstart=100&pagesize=100&sortby=pubdate&citation_for_view=DONY6GUAAAAJ:DXE8ND7PrJAC,"Int. J. Forensic Comput. Sci 10 (1), 8-14, 2015","R Kumar, S Chand, S Singh",30,Computer Science and Engineering 
Dr Samayveer Singh,An Email based high capacity text steganography scheme using combinatorial compression,2014,https://scholar.google.com/citations?view_op=view_citation&hl=en&user=DONY6GUAAAAJ&cstart=100&pagesize=100&sortby=pubdate&citation_for_view=DONY6GUAAAAJ:ji7lAbPyDbYC,"2014 5th international conference-confluence the next generation information …, 2014","R Kumar, S Chand, S Singh",31,Computer Science and Engineering 
Dr Samayveer Singh,A stage-4 heterogeneous network model in WSNs,2014,https://scholar.google.com/citations?view_op=view_citation&hl=en&user=DONY6GUAAAAJ&cstart=100&pagesize=100&sortby=pubdate&citation_for_view=DONY6GUAAAAJ:N4u4nq0IxgcC,"2014 International Conference on Advances in Computing, Communications and …, 2014","S Singh, S Chand, B Kumar",4,Computer Science and Engineering 
Dr Samayveer Singh,Heterogeneous HEED protocol for wireless sensor networks,2014,https://scholar.google.com/citations?view_op=view_citation&hl=en&user=DONY6GUAAAAJ&cstart=100&pagesize=100&sortby=pubdate&citation_for_view=DONY6GUAAAAJ:m4fbC6XIj1kC,"Wireless personal communications 77 (3), 2117-2139, 2014","S Chand, S Singh, B Kumar",149,Computer Science and Engineering 
Dr Samayveer Singh,Optimum deployment of sensors in WSNs,2014,https://scholar.google.com/citations?view_op=view_citation&hl=en&user=DONY6GUAAAAJ&cstart=100&pagesize=100&sortby=pubdate&citation_for_view=DONY6GUAAAAJ:QsKbpXNoaWkC,"2014 International Conference on Information Systems and Computer Networks …, 2014","S Singh, S Chand, B Kumar",5,Computer Science and Engineering 
Dr Samayveer Singh,An energy efficient clustering protocol with fuzzy logic for WSNs,2014,https://scholar.google.com/citations?view_op=view_citation&hl=en&user=DONY6GUAAAAJ&cstart=100&pagesize=100&sortby=pubdate&citation_for_view=DONY6GUAAAAJ:nPTYJWkExTIC,"2014 5th International Conference-Confluence The Next Generation Information …, 2014","S Singh, S Chand, B Kumar",15,Computer Science and Engineering 
Dr Samayveer Singh,Performance investigation of heterogeneous algorithms in WSNs,2013,https://scholar.google.com/citations?view_op=view_citation&hl=en&user=DONY6GUAAAAJ&cstart=100&pagesize=100&sortby=pubdate&citation_for_view=DONY6GUAAAAJ:pYKElYtJMmwC,"2013 3rd IEEE International Advance Computing Conference (IACC), 1051-1054, 2013","S Singh, S Chand, B Kumar",11,Computer Science and Engineering 
Dr Samayveer Singh,Distributed algorithms for maximizing lifetime of WSNs with heterogeneity and adjustable sensing range for different deployment strategies,2013,https://scholar.google.com/citations?view_op=view_citation&hl=en&user=DONY6GUAAAAJ&cstart=100&pagesize=100&sortby=pubdate&citation_for_view=DONY6GUAAAAJ:4Yq6kJLCcecC,"International Journal of Information Technology and Computer Science (IJITCS …, 2013","S Singh, AK Sharma",9,Computer Science and Engineering 
Dr Samayveer Singh,Distributed algorithms for maximizing the lifetime of WSNs with heterogeneity for adjustable sensing ranges,2013,https://scholar.google.com/citations?view_op=view_citation&hl=en&user=DONY6GUAAAAJ&cstart=100&pagesize=100&sortby=pubdate&citation_for_view=DONY6GUAAAAJ:orDZ08hpP44C,"Electrical Engineering Research 1 (1), 10-17, 2013","S Singh, S Chand, B Kumar",5,Computer Science and Engineering 
Dr Samayveer Singh,Abstracting & Indexing Paper Infomation,2013,https://scholar.google.com/citations?view_op=view_citation&hl=en&user=DONY6GUAAAAJ&cstart=100&pagesize=100&sortby=pubdate&citation_for_view=DONY6GUAAAAJ:KS-xo-ZNxMsC,,"S Singh, S Chand, B Kumar",,Computer Science and Engineering 
Dr Samayveer Singh,3-Tier heterogeneous network model for increasing lifetime in three dimensional WSNs,2013,https://scholar.google.com/citations?view_op=view_citation&hl=en&user=DONY6GUAAAAJ&cstart=100&pagesize=100&sortby=pubdate&citation_for_view=DONY6GUAAAAJ:qmtmRrLr0tkC,"International Conference on Heterogeneous Networking for Quality …, 2013","S Singh, S Chand, B Kumar",10,Computer Science and Engineering 
Dr Samayveer Singh,3-Level heterogeneity model for wireless sensor networks,2013,https://scholar.google.com/citations?view_op=view_citation&hl=en&user=DONY6GUAAAAJ&cstart=100&pagesize=100&sortby=pubdate&citation_for_view=DONY6GUAAAAJ:m92CDrhVnKEC,"International Journal of Computer Network and Information Security 5 (4), 40-47, 2013","S Chand, S Singh, B Kumar",16,Computer Science and Engineering 
Dr Samayveer Singh,Optimal sensor deployment for WSNs in grid environment,2013,https://scholar.google.com/citations?view_op=view_citation&hl=en&user=DONY6GUAAAAJ&cstart=100&pagesize=100&sortby=pubdate&citation_for_view=DONY6GUAAAAJ:sfnaS5RM6jYC,"Electronics Letters 49 (16), 1040-1041, 2013","S Singh, S Chand, R Kumar, B Kumar",15,Computer Science and Engineering 
Dr Samayveer Singh,A heterogeneous network model for prolonging lifetime in 3-D WSNs,2013,https://scholar.google.com/citations?view_op=view_citation&hl=en&user=DONY6GUAAAAJ&cstart=100&pagesize=100&sortby=pubdate&citation_for_view=DONY6GUAAAAJ:R-LXmdHK_14C,"Confluence 2013: The Next Generation Information Technology Summit (4th …, 2013","S Singh, S Chand, B Kumar, R Kumar",6,Computer Science and Engineering 
Dr Samayveer Singh,hetADEEPS: ADEEPS for heterogeneous wireless sensor networks,2013,https://scholar.google.com/citations?view_op=view_citation&hl=en&user=DONY6GUAAAAJ&cstart=100&pagesize=100&sortby=pubdate&citation_for_view=DONY6GUAAAAJ:iyewoVqAXLQC,"International Journal of Future Generation Communication and Networking 6 (5 …, 2013","S Chand, S Singh, B Kumar",17,Computer Science and Engineering 
Dr Samayveer Singh,A distributed energy-efficient target tracking protocol for three level heterogeneous sensor networks,2012,https://scholar.google.com/citations?view_op=view_citation&hl=en&user=DONY6GUAAAAJ&cstart=100&pagesize=100&sortby=pubdate&citation_for_view=DONY6GUAAAAJ:ExBYd_ZNEOYC,"International Journal of Computer Applications 51 (11), 2012","Y Singh, S Singh, R Kumar",12,Computer Science and Engineering 
Dr Samayveer Singh,Performance Investigation of Routing Protocols of Mobile Ad-Hoc Networks Using CBR and TCP Traffic,2011,https://scholar.google.com/citations?view_op=view_citation&hl=en&user=DONY6GUAAAAJ&cstart=100&pagesize=100&sortby=pubdate&citation_for_view=DONY6GUAAAAJ:x21FZCSn4ZoC,"Journal of Global Research in Computer Science 2 (6), 29-34, 2011",S Singh,,Computer Science and Engineering 
Dr Samayveer Singh,Energy-efficient target monitoring algorithm for wireless sensor networks,2011,https://scholar.google.com/citations?view_op=view_citation&hl=en&user=DONY6GUAAAAJ&cstart=100&pagesize=100&sortby=pubdate&citation_for_view=DONY6GUAAAAJ:jlhcAiayVhoC,"Journal of Global Research in Computer Science 2 (4), 186-189, 2011","S Singh, AK Sharma",6,Computer Science and Engineering 
Dr Samayveer Singh,Heterogeneous protocols for increasing lifetime of wireless sensor networks,2011,https://scholar.google.com/citations?view_op=view_citation&hl=en&user=DONY6GUAAAAJ&cstart=100&pagesize=100&sortby=pubdate&citation_for_view=DONY6GUAAAAJ:wUn16MOA3RoC,"Journal of Global Research in Computer Science 2 (4), 172-176, 2011","S Singh, AK Sharma",14,Computer Science and Engineering 
Dr Samayveer Singh,Distributed Energy-Efficient Algorithm for Wireless Sensor Networks.,2011,https://scholar.google.com/citations?view_op=view_citation&hl=en&user=DONY6GUAAAAJ&cstart=100&pagesize=100&sortby=pubdate&citation_for_view=DONY6GUAAAAJ:hNSvKAmkeYkC,"International Journal of Advanced Research in Computer Science 2 (3), 2011","S Singh, AK Sharma",5,Computer Science and Engineering 
Dr Samayveer Singh,Performance Evaluation of Mobile Ad-Hoc Network (MANET) Routing Protocols by Varying Mobility,2011,https://scholar.google.com/citations?view_op=view_citation&hl=en&user=DONY6GUAAAAJ&cstart=100&pagesize=100&sortby=pubdate&citation_for_view=DONY6GUAAAAJ:2hrGa7H818QC,"IJARCS, 2011",S Singh,,Computer Science and Engineering 
Dr Samayveer Singh,A heterogeneous power efficient load balancing target-monitoring protocol for sensor networks,2010,https://scholar.google.com/citations?view_op=view_citation&hl=en&user=DONY6GUAAAAJ&cstart=100&pagesize=100&sortby=pubdate&citation_for_view=DONY6GUAAAAJ:9DLIHnF0jcYC,"2010 First International Conference On Parallel, Distributed and Grid …, 2010","S Singh, AK Sharma",5,Computer Science and Engineering 
Dr Samayveer Singh,Energy-efficient data gathering algorithms for improving lifetime of WSNs with heterogeneity and adjustable sensing range,2010,https://scholar.google.com/citations?view_op=view_citation&hl=en&user=DONY6GUAAAAJ&cstart=100&pagesize=100&sortby=pubdate&citation_for_view=DONY6GUAAAAJ:4e5Qn2KL_jwC,"International Journal of Computer Applications 4 (2), 17-21, 2010","S Singh, AK Sharma",11,Computer Science and Engineering 
Dr Samayveer Singh,Design and performance evaluation of techniques for enhancing the lifetime in wireless sensor networks,,https://scholar.google.com/citations?view_op=view_citation&hl=en&user=DONY6GUAAAAJ&cstart=100&pagesize=100&sortby=pubdate&citation_for_view=DONY6GUAAAAJ:7f0ks1Axv_QC,"New Delhi, 0",S Singh,,Computer Science and Engineering 
Dr Rajneesh Rani,LUNet: Lightweight U-Net with adaptive scaling for Devanagari handwritten word segmentation,2025,https://scholar.google.com/citations?view_op=view_citation&hl=en&user=VUihxm8AAAAJ&pagesize=100&sortby=pubdate&citation_for_view=VUihxm8AAAAJ:uLbwQdceFCQC,"Engineering Applications of Artificial Intelligence 159, 111618, 2025","R Kaur, R Rani, R Pahuja",,
Dr Rajneesh Rani,Recent Advances in Image Forgery Detection: Handcrafted Feature Extraction and Deep Learning-Based Approaches,2025,https://scholar.google.com/citations?view_op=view_citation&hl=en&user=VUihxm8AAAAJ&pagesize=100&sortby=pubdate&citation_for_view=VUihxm8AAAAJ:Fu2w8maKXqMC,"2025 International Conference on Electronics, AI and Computing (EAIC), 1-6, 2025","N Garg, R Rani",,
Dr Rajneesh Rani,A Lightweight Deep Learning Based Image Captioning Model for Hindi Caption Generation,2025,https://scholar.google.com/citations?view_op=view_citation&hl=en&user=VUihxm8AAAAJ&pagesize=100&sortby=pubdate&citation_for_view=VUihxm8AAAAJ:_Ybze24A_UAC,"2025 3rd International Conference on Communication, Security, and Artificial …, 2025","V Jayaswal, R Rani, J Kaur",,
Dr Rajneesh Rani,LightSiameResNet: a nimble solution for writer verification with ResNet and Laplacian embeddings,2025,https://scholar.google.com/citations?view_op=view_citation&hl=en&user=VUihxm8AAAAJ&pagesize=100&sortby=pubdate&citation_for_view=VUihxm8AAAAJ:UHK10RUVsp4C,"Sādhanā 50 (2), 69, 2025","K Trehan, R Rani",,
Dr Rajneesh Rani,Deep learning-based modified-EAST scene text detector: insights from a novel multiscript dataset,2025,https://scholar.google.com/citations?view_op=view_citation&hl=en&user=VUihxm8AAAAJ&pagesize=100&sortby=pubdate&citation_for_view=VUihxm8AAAAJ:ye4kPcJQO24C,"International Journal on Document Analysis and Recognition (IJDAR) 28 (1 …, 2025","S Mahajan, R Rani, A Kamboj",,
Dr Rajneesh Rani,Leveraging Neural Networks and Advanced LBP Features by Performance Driven Breast Cancer Detection,2025,https://scholar.google.com/citations?view_op=view_citation&hl=en&user=VUihxm8AAAAJ&pagesize=100&sortby=pubdate&citation_for_view=VUihxm8AAAAJ:JQOojiI6XY0C,"Journal of Electrical Systems, 2025","AV Shairal Verma, Rajneesh Rani",,
Dr Rajneesh Rani,An AI Based Optimized Router Placement: A Comprehensive Review,2024,https://scholar.google.com/citations?view_op=view_citation&hl=en&user=VUihxm8AAAAJ&pagesize=100&sortby=pubdate&citation_for_view=VUihxm8AAAAJ:dQ2og3OwTAUC,"2024 4th International Conference on Advancement in Electronics …, 2024","A Singh, AL Sangal, R Rani",,
Dr Rajneesh Rani,Enhancing Signal Coverage and Performance for Router Placement Using Deep Learning Model,2024,https://scholar.google.com/citations?view_op=view_citation&hl=en&user=VUihxm8AAAAJ&pagesize=100&sortby=pubdate&citation_for_view=VUihxm8AAAAJ:hkOj_22Ku90C,"2024 4th International Conference on Advancement in Electronics …, 2024","A Singh, AL Sangal, R Rani",1,
Dr Rajneesh Rani,Skill Gradient Descent Algorithm Based Convolutional Neural Network for Plant Growth and Crop Yield Prediction using Satellite Images,2024,https://scholar.google.com/citations?view_op=view_citation&hl=en&user=VUihxm8AAAAJ&pagesize=100&sortby=pubdate&citation_for_view=VUihxm8AAAAJ:N5tVd3kTz84C,"2024 International Conference on Intelligent Algorithms for Computational …, 2024","SS Kushwah, R Rani",,
Dr Rajneesh Rani,Enhancing facial expression recognition through generative adversarial networks-based augmentation,2024,https://scholar.google.com/citations?view_op=view_citation&hl=en&user=VUihxm8AAAAJ&pagesize=100&sortby=pubdate&citation_for_view=VUihxm8AAAAJ:9vf0nzSNQJEC,"International Journal of System Assurance Engineering and Management 15 (3 …, 2024","R Rani, S Arora, V Verma, S Mahajan, R Sharma",5,
Dr Rajneesh Rani,Random projection-based cancelable iris biometrics for human identification using deep learning,2024,https://scholar.google.com/citations?view_op=view_citation&hl=en&user=VUihxm8AAAAJ&pagesize=100&sortby=pubdate&citation_for_view=VUihxm8AAAAJ:PELIpwtuRlgC,"Arabian Journal for Science and Engineering 49 (3), 3815-3828, 2024","R Rani, R Dhir, K Sonkar",6,
Dr Rajneesh Rani,Vresnet: A deep learning architecture for image inpainting of irregular damaged images,2024,https://scholar.google.com/citations?view_op=view_citation&hl=en&user=VUihxm8AAAAJ&pagesize=100&sortby=pubdate&citation_for_view=VUihxm8AAAAJ:WqliGbK-hY8C,"SN Computer Science 5 (2), 209, 2024","S Sharma, R Rani",1,
Dr Rajneesh Rani,A Deep Learning-Based Efficient Image Captioning Approach for Hindi Language,2024,https://scholar.google.com/citations?view_op=view_citation&hl=en&user=VUihxm8AAAAJ&pagesize=100&sortby=pubdate&citation_for_view=VUihxm8AAAAJ:LjlpjdlvIbIC,"Developments Towards Next Generation Intelligent Systems for Sustainable …, 2024","V Jayaswal, R Rani, J Kaur",4,
Dr Rajneesh Rani,DELIGHT-Net: DEep and LIGHTweight network to segment Indian text at word level from wild scenic images,2023,https://scholar.google.com/citations?view_op=view_citation&hl=en&user=VUihxm8AAAAJ&pagesize=100&sortby=pubdate&citation_for_view=VUihxm8AAAAJ:JoZmwDi-zQgC,"International Journal of Multimedia Information Retrieval 12 (2), 29, 2023","S Mahajan, R Rani, K Trehan",5,
Dr Rajneesh Rani,"A Comprehensive Survey on Image Captioning for Indian Languages: Techniques, Datasets, and Challenges",2023,https://scholar.google.com/citations?view_op=view_citation&hl=en&user=VUihxm8AAAAJ&pagesize=100&sortby=pubdate&citation_for_view=VUihxm8AAAAJ:SdhP9T11ey4C,,"V Jayaswal, R Rani, J Kaur",2,
Dr Rajneesh Rani,Review on Writer Identification and Verification Methods,2023,https://scholar.google.com/citations?view_op=view_citation&hl=en&user=VUihxm8AAAAJ&pagesize=100&sortby=pubdate&citation_for_view=VUihxm8AAAAJ:eq2jaN3J8jMC,"2023 14th International Conference on Computing Communication and Networking …, 2023","K Trehan, R Rani",2,
Dr Rajneesh Rani,Multi-level taxonomy review for sign language recognition: Emphasis on indian sign language,2023,https://scholar.google.com/citations?view_op=view_citation&hl=en&user=VUihxm8AAAAJ&pagesize=100&sortby=pubdate&citation_for_view=VUihxm8AAAAJ:VOx2b1Wkg3QC,"ACM Transactions on Asian and Low-Resource Language Information Processing …, 2023","NK Bahia, R Rani",24,
Dr Rajneesh Rani,Trends and Future Directions for Tuberculosis Detection Research: A Study from 2018 to 2022,2023,https://scholar.google.com/citations?view_op=view_citation&hl=en&user=VUihxm8AAAAJ&pagesize=100&sortby=pubdate&citation_for_view=VUihxm8AAAAJ:Y5dfb0dijaUC,"2023 Third International Conference on Secure Cyber Computing and …, 2023","LK Saini, R Rani",1,
Dr Rajneesh Rani,Advances In Diabetic Retinopathy Classification Using Deep Learning: The Last 5 Years Review,2023,https://scholar.google.com/citations?view_op=view_citation&hl=en&user=VUihxm8AAAAJ&pagesize=100&sortby=pubdate&citation_for_view=VUihxm8AAAAJ:eMMeJKvmdy0C,"2023 Third International Conference On Secure Cyber Computing And …, 2023","S Kumar, R Rani",1,
Dr Rajneesh Rani,A Comprehensive Review on State-of-the-Art Techniques of Image Inpainting,2023,https://scholar.google.com/citations?view_op=view_citation&hl=en&user=VUihxm8AAAAJ&pagesize=100&sortby=pubdate&citation_for_view=VUihxm8AAAAJ:V3AGJWp-ZtQC,"Advancement of Deep Learning and its Applications in Object Detection and …, 2023","S Sharma, R Rani",,
Dr Rajneesh Rani,A survey of recent advances in image steganography,2023,https://scholar.google.com/citations?view_op=view_citation&hl=en&user=VUihxm8AAAAJ&pagesize=100&sortby=pubdate&citation_for_view=VUihxm8AAAAJ:eflP2zaiRacC,"Security and Privacy 6 (3), e281, 2023","A Kumar, R Rani, S Singh",22,
Dr Rajneesh Rani,Hybrid architecture using CNN and LSTM for image captioning in Hindi language,2023,https://scholar.google.com/citations?view_op=view_citation&hl=en&user=VUihxm8AAAAJ&pagesize=100&sortby=pubdate&citation_for_view=VUihxm8AAAAJ:kRWSkSYxWN8C,"Procedia Computer Science 218, 686-696, 2023","AK Poddar, R Rani",35,
Dr Rajneesh Rani,Encoder-Decoder Architecture for Image Steganography using Skip Connections.,2023,https://scholar.google.com/citations?view_op=view_citation&hl=en&user=VUihxm8AAAAJ&pagesize=100&sortby=pubdate&citation_for_view=VUihxm8AAAAJ:mvPsJ3kp5DgC,"Procedia Computer Science 218, 1122-1131, 2023","A Kumar, R Rani, S Singh",15,
Dr Rajneesh Rani,Quantitative analysis of perception ability in autism spectrum disorder,2023,https://scholar.google.com/citations?view_op=view_citation&hl=en&user=VUihxm8AAAAJ&pagesize=100&sortby=pubdate&citation_for_view=VUihxm8AAAAJ:q3oQSFYPqjQC,"International Journal of Learning and Change 15 (1), 70-84, 2023","T Wadhera, D Kakkar, JK Singh, N Sharma, R Rani",1,
Dr Rajneesh Rani,Breast cancer classification using snapshot ensemble deep learning model and t-distributed stochastic neighbor embedding,2023,https://scholar.google.com/citations?view_op=view_citation&hl=en&user=VUihxm8AAAAJ&pagesize=100&sortby=pubdate&citation_for_view=VUihxm8AAAAJ:LPZeul_q3PIC,"Multimedia Tools and Applications 82 (3), 4011-4029, 2023","N Sharma, KP Sharma, M Mangla, R Rani",41,
Dr Rajneesh Rani,EIQA: ear image quality assessment using deep convolutional neural network,2022,https://scholar.google.com/citations?view_op=view_citation&hl=en&user=VUihxm8AAAAJ&pagesize=100&sortby=pubdate&citation_for_view=VUihxm8AAAAJ:BrmTIyaxlBUC,"Sādhanā 47 (4), 245, 2022","A Kamboj, R Rani, A Nigam",2,
Dr Rajneesh Rani,An Ensembled Intense Approach for Image Inpainting,2022,https://scholar.google.com/citations?view_op=view_citation&hl=en&user=VUihxm8AAAAJ&pagesize=100&sortby=pubdate&citation_for_view=VUihxm8AAAAJ:D_sINldO8mEC,"Recent Advances in Mechanical Engineering: Select Proceedings of CAMSE 2021 …, 2022","S Sharma, R Rani",,
Dr Rajneesh Rani,LiteCovidNet: A lightweight deep neural network model for detection of COVID‐19 using X‐ray images,2022,https://scholar.google.com/citations?view_op=view_citation&hl=en&user=VUihxm8AAAAJ&pagesize=100&sortby=pubdate&citation_for_view=VUihxm8AAAAJ:geHnlv5EZngC,"International Journal of Imaging Systems and Technology 32 (5), 1464-1480, 2022","S Kumar, S Shastri, S Mahajan, K Singh, S Gupta, R Rani, N Mohan, ...",40,
Dr Rajneesh Rani,A review on deepfake media detection,2022,https://scholar.google.com/citations?view_op=view_citation&hl=en&user=VUihxm8AAAAJ&pagesize=100&sortby=pubdate&citation_for_view=VUihxm8AAAAJ:fQNAKQ3IYiAC,"Communication and Intelligent Systems: Proceedings of ICCIS 2021, 343-356, 2022","R Rani, T Kumar, MP Sah",6,
Dr Rajneesh Rani,A comprehensive survey and deep learning-based approach for human recognition using ear biometric,2022,https://scholar.google.com/citations?view_op=view_citation&hl=en&user=VUihxm8AAAAJ&pagesize=100&sortby=pubdate&citation_for_view=VUihxm8AAAAJ:1sJd4Hv_s6UC,"The Visual Computer 38 (7), 2383-2416, 2022","A Kamboj, R Rani, A Nigam",77,
Dr Rajneesh Rani,Image forgery detection using multi-layer convolutional neural network,2022,https://scholar.google.com/citations?view_op=view_citation&hl=en&user=VUihxm8AAAAJ&pagesize=100&sortby=pubdate&citation_for_view=VUihxm8AAAAJ:8AbLer7MMksC,"Advanced Machine Intelligence and Signal Processing, 855-866, 2022","S Kaur, R Rani",3,
Dr Rajneesh Rani,Hand Gesture Recognition on Skeletal Data Using Multi-head Neural Network,2022,https://scholar.google.com/citations?view_op=view_citation&hl=en&user=VUihxm8AAAAJ&pagesize=100&sortby=pubdate&citation_for_view=VUihxm8AAAAJ:1qzjygNMrQYC,"International Conference on Frontiers of Intelligent Computing: Theory and …, 2022","A Rai, R Rani",,
Dr Rajneesh Rani,Iris biometric presentation attack: Types and detection techniques—A review,2022,https://scholar.google.com/citations?view_op=view_citation&hl=en&user=VUihxm8AAAAJ&pagesize=100&sortby=pubdate&citation_for_view=VUihxm8AAAAJ:B3FOqHPlNUQC,"Soft Computing: Theories and Applications: Proceedings of SoCTA 2021, 415-426, 2022","AB Singh, R Rani",2,
Dr Rajneesh Rani,An optimized approach for intra-class fruit classification using deep convolutional neural network,2022,https://scholar.google.com/citations?view_op=view_citation&hl=en&user=VUihxm8AAAAJ&pagesize=100&sortby=pubdate&citation_for_view=VUihxm8AAAAJ:abG-DnoFyZgC,"International Journal of Image and Graphics 22 (03), 2140014, 2022","R Singh, R Rani, A Kamboj",1,
Dr Rajneesh Rani,Script identification for printed and handwritten Indian documents: An empirical study of different feature classifier combinations,2022,https://scholar.google.com/citations?view_op=view_citation&hl=en&user=VUihxm8AAAAJ&pagesize=100&sortby=pubdate&citation_for_view=VUihxm8AAAAJ:NhqRSupF_l8C,"International Journal of Image and Graphics 22 (03), 2140011, 2022","R Rani, R Dhir, D Kakkar, N Sharma",6,
Dr Rajneesh Rani,Iris recognition using transfer learning of inception v3,2022,https://scholar.google.com/citations?view_op=view_citation&hl=en&user=VUihxm8AAAAJ&pagesize=100&sortby=pubdate&citation_for_view=VUihxm8AAAAJ:4fKUyHm3Qg0C,"Applications of Machine intelligence in Engineering, 531-540, 2022","K Sonkar, R Rani, R Dhir",4,
Dr Rajneesh Rani,A review of prediction of software defect by using machine learning algorithms,2022,https://scholar.google.com/citations?view_op=view_citation&hl=en&user=VUihxm8AAAAJ&pagesize=100&sortby=pubdate&citation_for_view=VUihxm8AAAAJ:tS2w5q8j5-wC,"Recent Innovations in Computing: Proceedings of ICRIC 2021, Volume 1, 61-70, 2022","SD Jena, J Kaur, R Rani",3,
Dr Rajneesh Rani,Word level script identification using convolutional neural network enhancement for scenic images,2022,https://scholar.google.com/citations?view_op=view_citation&hl=en&user=VUihxm8AAAAJ&pagesize=100&sortby=pubdate&citation_for_view=VUihxm8AAAAJ:08ZZubdj9fEC,"Transactions on Asian and Low-Resource Language Information Processing 21 (4 …, 2022","S Mahajan, R Rani",23,
Dr Rajneesh Rani,High‐quality reversible data hiding scheme using sorting and enhanced pairwise PEE,2022,https://scholar.google.com/citations?view_op=view_citation&hl=en&user=VUihxm8AAAAJ&pagesize=100&sortby=pubdate&citation_for_view=VUihxm8AAAAJ:P5F9QuxV20EC,"IET image processing 16 (4), 1096-1110, 2022","G Kaur, S Singh, R Rani, R Kumar, A Malik",21,
Dr Rajneesh Rani,State-of-the-art techniques for passive image forgery detection: a brief review,2022,https://scholar.google.com/citations?view_op=view_citation&hl=en&user=VUihxm8AAAAJ&pagesize=100&sortby=pubdate&citation_for_view=VUihxm8AAAAJ:eJXPG6dFmWUC,"International Journal of Electronic Security and Digital Forensics 14 (5 …, 2022","S Kaur, R Rani, R Garg, N Sharma",8,
Dr Rajneesh Rani,Text-dependent and text-independent writer identification approaches: challenges and future directions,2022,https://scholar.google.com/citations?view_op=view_citation&hl=en&user=VUihxm8AAAAJ&pagesize=100&sortby=pubdate&citation_for_view=VUihxm8AAAAJ:vRqMK49ujn8C,"International Journal of Software Innovation (IJSI) 10 (1), 1-23, 2022","R Kaur, R Rani, R Pahuja",4,
Dr Rajneesh Rani,A Brief Review on Existing Techniques for Detecting Digital Image Forgery,2021,https://scholar.google.com/citations?view_op=view_citation&hl=en&user=VUihxm8AAAAJ&pagesize=100&sortby=pubdate&citation_for_view=VUihxm8AAAAJ:tOudhMTPpwUC,"2021 Sixth International Conference on Image Information Processing (ICIIP …, 2021","R Rani, A Kumar, A Rai",5,
Dr Rajneesh Rani,Identification of tomato leaf diseases using deep Convolutional Neural Networks,2021,https://scholar.google.com/citations?view_op=view_citation&hl=en&user=VUihxm8AAAAJ&pagesize=100&sortby=pubdate&citation_for_view=VUihxm8AAAAJ:XiSMed-E-HIC,"International Journal of Agricultural and Environmental Information Systems …, 2021","GB Singh, R Rani, N Sharma, D Kakkar",16,
Dr Rajneesh Rani,Behavioral modeling using deep neural network framework for ASD diagnosis and prognosis,2021,https://scholar.google.com/citations?view_op=view_citation&hl=en&user=VUihxm8AAAAJ&pagesize=100&sortby=pubdate&citation_for_view=VUihxm8AAAAJ:OU6Ihb5iCvQC,"Emerging Technologies for Healthcare: Internet of Things and Deep Learning …, 2021","T Wadhera, D Kakkar, R Rani",15,
Dr Rajneesh Rani,Recognition of facial expressions using a deep neural network,2021,https://scholar.google.com/citations?view_op=view_citation&hl=en&user=VUihxm8AAAAJ&pagesize=100&sortby=pubdate&citation_for_view=VUihxm8AAAAJ:Tiz5es2fbqcC,"2021 8th International conference on signal processing and integrated …, 2021","V Verma, R Rani",2,
Dr Rajneesh Rani,Text detection and localization in scene images: a broad review,2021,https://scholar.google.com/citations?view_op=view_citation&hl=en&user=VUihxm8AAAAJ&pagesize=100&sortby=pubdate&citation_for_view=VUihxm8AAAAJ:CHSYGLWDkRkC,"Artificial Intelligence Review 54 (6), 4317-4377, 2021","S Mahajan, R Rani",46,
Dr Rajneesh Rani,A Comprehensive Study of Reversible Data Hiding (RDH) Schemes Based on Pixel Value Ordering (PVO) G. Kaur et al.,2021,https://scholar.google.com/citations?view_op=view_citation&hl=en&user=VUihxm8AAAAJ&pagesize=100&sortby=pubdate&citation_for_view=VUihxm8AAAAJ:bFI3QPDXJZMC,"Archives of Computational Methods in Engineering 28 (5), 3517-3568, 2021","G Kaur, S Singh, R Rani, R Kumar",58,
Dr Rajneesh Rani,CG-ERNet: A lightweight Curvature Gabor filtering based ear recognition network for data scarce scenario,2021,https://scholar.google.com/citations?view_op=view_citation&hl=en&user=VUihxm8AAAAJ&pagesize=100&sortby=pubdate&citation_for_view=VUihxm8AAAAJ:nb7KW1ujOQ8C,"Multimedia Tools and Applications 80 (17), 26571-26613, 2021","A Kamboj, R Rani, A Nigam",8,
Dr Rajneesh Rani,Cancelable iris biometric: A review,2021,https://scholar.google.com/citations?view_op=view_citation&hl=en&user=VUihxm8AAAAJ&pagesize=100&sortby=pubdate&citation_for_view=VUihxm8AAAAJ:uWQEDVKXjbEC,"2021 2nd International Conference on Secure Cyber Computing and …, 2021","K Sonkar, R Rani",3,
Dr Rajneesh Rani,Facial expression recognition: A review,2021,https://scholar.google.com/citations?view_op=view_citation&hl=en&user=VUihxm8AAAAJ&pagesize=100&sortby=pubdate&citation_for_view=VUihxm8AAAAJ:SP6oXDckpogC,"2021 2nd International Conference on Secure Cyber Computing and …, 2021","V Verma, R Rani",5,
Dr Rajneesh Rani,CED-Net: context-aware ear detection network for unconstrained images,2021,https://scholar.google.com/citations?view_op=view_citation&hl=en&user=VUihxm8AAAAJ&pagesize=100&sortby=pubdate&citation_for_view=VUihxm8AAAAJ:_xSYboBqXhAC,"Pattern Analysis and Applications 24 (2), 779-800, 2021","A Kamboj, R Rani, A Nigam, RR Jha",25,
Dr Rajneesh Rani,PVO based reversible data hiding technique for roughly textured images,2021,https://scholar.google.com/citations?view_op=view_citation&hl=en&user=VUihxm8AAAAJ&pagesize=100&sortby=pubdate&citation_for_view=VUihxm8AAAAJ:EUQCXRtRnyEC,"Multidimensional Systems and Signal Processing 32 (2), 533-558, 2021","G Kaur, S Singh, R Rani",10,
Dr Rajneesh Rani,An ensemble approach to forecast COVID-19 incidences using linear and non-linear statistical models,2021,https://scholar.google.com/citations?view_op=view_citation&hl=en&user=VUihxm8AAAAJ&pagesize=100&sortby=pubdate&citation_for_view=VUihxm8AAAAJ:l7t_Zn2s7bgC,"International Journal of Computer Applications in Technology 66 (3-4), 415-426, 2021","A Mahajan, N Sharma, FH Almukhtar, M Mangla, KP Sharma, R Rani",3,
Dr Rajneesh Rani,Automated melanoma skin cancer detection from digital images,2021,https://scholar.google.com/citations?view_op=view_citation&hl=en&user=VUihxm8AAAAJ&pagesize=100&sortby=pubdate&citation_for_view=VUihxm8AAAAJ:K3LRdlH-MEoC,"International Journal of Biomedical Engineering and Technology 37 (3), 275-289, 2021","Shalu, R Rani, A Kamboj",2,
Dr Rajneesh Rani,Adaptive neuro-fuzzy-based attention deficit/hyperactivity disorder diagnostic system,2021,https://scholar.google.com/citations?view_op=view_citation&hl=en&user=VUihxm8AAAAJ&pagesize=100&sortby=pubdate&citation_for_view=VUihxm8AAAAJ:738O_yMBCRsC,"International Journal of Medical Engineering and Informatics 13 (6), 487-496, 2021","AK Singh, D Kakkar, T Wadhera, R Rani",4,
Dr Rajneesh Rani,Fingerprint presentation attack detection using transfer learning approach,2021,https://scholar.google.com/citations?view_op=view_citation&hl=en&user=VUihxm8AAAAJ&pagesize=100&sortby=pubdate&citation_for_view=VUihxm8AAAAJ:xtRiw3GOFMkC,"International Journal of Intelligent Information Technologies (IJIIT) 17 (1 …, 2021","R Rani, H Singh",5,
Dr Rajneesh Rani,A Review of Recent Issues and Challenges of Fault Management Techniques in Underwater Wireless Sensor Network,2021,https://scholar.google.com/citations?view_op=view_citation&hl=en&user=VUihxm8AAAAJ&pagesize=100&sortby=pubdate&citation_for_view=VUihxm8AAAAJ:cFHS6HbyZ2cC,"Energy-Efficient Underwater Wireless Communications and Networking, 101-119, 2021","N Sharma, KP Sharma, R Rani",,
Dr Rajneesh Rani,Deep learning-based approach for segmentation of glioma sub-regions in MRI,2020,https://scholar.google.com/citations?view_op=view_citation&hl=en&user=VUihxm8AAAAJ&pagesize=100&sortby=pubdate&citation_for_view=VUihxm8AAAAJ:zA6iFVUQeVQC,"International Journal of Intelligent Computing and Cybernetics 13 (4), 389-406, 2020","J Chaudhary, R Rani, A Kamboj",6,
Dr Rajneesh Rani,UESegNet: Context Aware Unconstrained ROI Segmentation Networks for Ear Biometric,2020,https://scholar.google.com/citations?view_op=view_citation&hl=en&user=VUihxm8AAAAJ&pagesize=100&sortby=pubdate&citation_for_view=VUihxm8AAAAJ:pyW8ca7W8N0C,"arXiv preprint arXiv:2010.03990, 2020","A Kamboj, R Rani, A Nigam, RR Jha",,
Dr Rajneesh Rani,Plant-seedling classification using transfer learning-based deep convolutional neural networks,2020,https://scholar.google.com/citations?view_op=view_citation&hl=en&user=VUihxm8AAAAJ&pagesize=100&sortby=pubdate&citation_for_view=VUihxm8AAAAJ:a0OBvERweLwC,"International Journal of Agricultural and Environmental Information Systems …, 2020","K Gupta, R Rani, NK Bahia",39,
Dr Rajneesh Rani,CRACK DETECTION IN CONCRETE USING TRANSFER LEARNING,2020,https://scholar.google.com/citations?view_op=view_citation&hl=en&user=VUihxm8AAAAJ&pagesize=100&sortby=pubdate&citation_for_view=VUihxm8AAAAJ:4OULZ7Gr8RgC,"Advances in Mathematics: Scientific Journal 9 (6), 3895–3906, 2020","RR Nikkey Sharma, Renu Dhir",15,
Dr Rajneesh Rani,Semantic segmentation using deep convolutional neural network: A review,2020,https://scholar.google.com/citations?view_op=view_citation&hl=en&user=VUihxm8AAAAJ&pagesize=100&sortby=pubdate&citation_for_view=VUihxm8AAAAJ:ldfaerwXgEUC,"Proceedings of the international conference on innovative computing …, 2020","R Singh, R Rani",26,
Dr Rajneesh Rani,Agricultural crops disease identification and classification through leaf images using machine learning and deep learning technique: a review,2020,https://scholar.google.com/citations?view_op=view_citation&hl=en&user=VUihxm8AAAAJ&pagesize=100&sortby=pubdate&citation_for_view=VUihxm8AAAAJ:pqnbT2bcN3wC,"Proceedings of the International Conference on Innovative Computing …, 2020","G Bhadur, R Rani",14,
Dr Rajneesh Rani,A high capacity reversible data hiding technique based on pixel value ordering using interlock partitioning,2020,https://scholar.google.com/citations?view_op=view_citation&hl=en&user=VUihxm8AAAAJ&pagesize=100&sortby=pubdate&citation_for_view=VUihxm8AAAAJ:lSLTfruPkqcC,"2020 7Th international conference on signal processing and integrated …, 2020","G Kaur, S Singh, R Rani",17,
Dr Rajneesh Rani,Detection and classification of citrus leaf disease using hybrid features,2020,https://scholar.google.com/citations?view_op=view_citation&hl=en&user=VUihxm8AAAAJ&pagesize=100&sortby=pubdate&citation_for_view=VUihxm8AAAAJ:g5m5HwL7SMYC,"Soft Computing: Theories and Applications: Proceedings of SoCTA 2018, 737-745, 2020","H Singh, R Rani, S Mahajan",20,
Dr Rajneesh Rani,Connected component analysis with rnn for performing secured data management with hidden data in finger prints,2020,https://scholar.google.com/citations?view_op=view_citation&hl=en&user=VUihxm8AAAAJ&pagesize=100&sortby=pubdate&citation_for_view=VUihxm8AAAAJ:p2g8aNsByqUC,"Institute of Advanced Scientific Research, Inc., 2020","A Kumar, R Rani, N Sharma, S Purohit",1,
Dr Rajneesh Rani,Comparative study on ASD identification using machine and deep learning,2020,https://scholar.google.com/citations?view_op=view_citation&hl=en&user=VUihxm8AAAAJ&pagesize=100&sortby=pubdate&citation_for_view=VUihxm8AAAAJ:M05iB0D1s5AC,"Interdisciplinary approaches to altering neurodevelopmental disorders, 250-270, 2020","R Kaur, R Rani",1,
Dr Rajneesh Rani,A decade on script identification from natural images/videos: a review,2019,https://scholar.google.com/citations?view_op=view_citation&hl=en&user=VUihxm8AAAAJ&pagesize=100&sortby=pubdate&citation_for_view=VUihxm8AAAAJ:RYcK_YlVTxYC,"2019 international conference on issues and challenges in intelligent …, 2019","S Mahajan, R Rani",6,
Dr Rajneesh Rani,Home automation and security system using internet of things,2019,https://scholar.google.com/citations?view_op=view_citation&hl=en&user=VUihxm8AAAAJ&pagesize=100&sortby=pubdate&citation_for_view=VUihxm8AAAAJ:D03iK_w7-QYC,"Handbook of Research on the IoT, Cloud Computing, and Wireless Network …, 2019","M Kushwah, R Rani",5,
Dr Rajneesh Rani,Hybrid Feature Extraction and Machine Learning Approach for Fruits and Vegetable Classification,2019,https://scholar.google.com/citations?view_op=view_citation&hl=en&user=VUihxm8AAAAJ&pagesize=100&sortby=pubdate&citation_for_view=VUihxm8AAAAJ:2P1L_qKh6hAC,"Pretanika Journal of Science and Technology, 2019","NK Bahia, R Rani, A Kamboj, D Kakkar",6,
Dr Rajneesh Rani,Brain tumor classification for MR imaging using support vector machine,2019,https://scholar.google.com/citations?view_op=view_citation&hl=en&user=VUihxm8AAAAJ&pagesize=100&sortby=pubdate&citation_for_view=VUihxm8AAAAJ:ns9cj8rnVeAC,"Progress in Advanced Computing and Intelligent Engineering: Proceedings of …, 2019","Monika, R Rani, A Kamboj",,
Dr Rajneesh Rani,EarLocalizer: A Deep-Learning-Based Ear Localization Model for Side Face Images in the Wild,2019,https://scholar.google.com/citations?view_op=view_citation&hl=en&user=VUihxm8AAAAJ&pagesize=100&sortby=pubdate&citation_for_view=VUihxm8AAAAJ:BqipwSGYUEgC,"Design and Implementation of Healthcare Biometric Systems, 137-159, 2019","A Kamboj, R Rani, A Nigam",3,
Dr Rajneesh Rani,"Improved (k, n) Visual Secret Sharing Based on Random Grids",2018,https://scholar.google.com/citations?view_op=view_citation&hl=en&user=VUihxm8AAAAJ&pagesize=100&sortby=pubdate&citation_for_view=VUihxm8AAAAJ:J_g5lzvAfSwC,"Progress in Advanced Computing and Intelligent Engineering: Proceedings of …, 2018","P Kumari, R Rani",,
Dr Rajneesh Rani,Enhanced digital video watermarking technique using 2-level DWT,2018,https://scholar.google.com/citations?view_op=view_citation&hl=en&user=VUihxm8AAAAJ&pagesize=100&sortby=pubdate&citation_for_view=VUihxm8AAAAJ:NaGl4SEjCO4C,"Progress in Advanced Computing and Intelligent Engineering: Proceedings of …, 2018","R Jakhmola, R Rani",3,
Dr Rajneesh Rani,Text extraction from Indian and non-Indian natural scene images: a review,2018,https://scholar.google.com/citations?view_op=view_citation&hl=en&user=VUihxm8AAAAJ&pagesize=100&sortby=pubdate&citation_for_view=VUihxm8AAAAJ:RGFaLdJalmkC,"2018 First International Conference on Secure Cyber Computing and …, 2018","S Mahajan, R Rani",8,
Dr Rajneesh Rani,ROI and Non-ROI based medical image compression techniques: a survey and comparative review,2018,https://scholar.google.com/citations?view_op=view_citation&hl=en&user=VUihxm8AAAAJ&pagesize=100&sortby=pubdate&citation_for_view=VUihxm8AAAAJ:O3NaXMp0MMsC,"2018 First International Conference on Secure Cyber Computing and …, 2018","R Kaur, R Rani",14,
Dr Rajneesh Rani,Deep leaming approaches for brain tumor segmentation: a review,2018,https://scholar.google.com/citations?view_op=view_citation&hl=en&user=VUihxm8AAAAJ&pagesize=100&sortby=pubdate&citation_for_view=VUihxm8AAAAJ:GnPB-g6toBAC,"2018 First International Conference on Secure Cyber Computing and …, 2018","A Kamboj, R Rani, J Chaudhary",16,
Dr Rajneesh Rani,Brain tumor classification for MR imaging using support vector machine,2018,https://scholar.google.com/citations?view_op=view_citation&hl=en&user=VUihxm8AAAAJ&pagesize=100&sortby=pubdate&citation_for_view=VUihxm8AAAAJ:b0M2c_1WBrUC,"Progress in Advanced Computing and Intelligent Engineering: Proceedings of …, 2018","Monika, R Rani, A Kamboj",18,
Dr Rajneesh Rani,Iot based home security system using raspberry pi with email and voice alert,2018,https://scholar.google.com/citations?view_op=view_citation&hl=en&user=VUihxm8AAAAJ&pagesize=100&sortby=pubdate&citation_for_view=VUihxm8AAAAJ:KxtntwgDAa4C,"International Journals of Advanced Research in Computer Science and Software …, 2018","R Rani, S Lavanya, B Poojitha",14,
Dr Rajneesh Rani,Significant secret image sharing scheme based on boolean operation,2017,https://scholar.google.com/citations?view_op=view_citation&hl=en&user=VUihxm8AAAAJ&pagesize=100&sortby=pubdate&citation_for_view=VUihxm8AAAAJ:RHpTSmoSYBkC,"Cybernetics and Information Technologies 17 (2), 134-150, 2017","M Verma, R Rani",4,
Dr Rajneesh Rani,Identification of olfactory receptors using a parametric model,2016,https://scholar.google.com/citations?view_op=view_citation&hl=en&user=VUihxm8AAAAJ&pagesize=100&sortby=pubdate&citation_for_view=VUihxm8AAAAJ:mVmsd5A6BfQC,"2016 International Conference on Advances in Computing, Communications and …, 2016","P Sakhare, R Rani, RK Rout",,
Dr Rajneesh Rani,Pattern generation and symmetric key block ciphering using cellular automata,2016,https://scholar.google.com/citations?view_op=view_citation&hl=en&user=VUihxm8AAAAJ&pagesize=100&sortby=pubdate&citation_for_view=VUihxm8AAAAJ:Wp0gIr-vW9MC,"2016 International Conference on Advances in Computing, Communications and …, 2016","RK Mehta, R Rani",7,
Dr Rajneesh Rani,Inverse Dispersion Modelling for Identification of Multiple-Point Source Emissions in Atmosphere,2016,https://scholar.google.com/citations?view_op=view_citation&hl=en&user=VUihxm8AAAAJ&pagesize=100&sortby=pubdate&citation_for_view=VUihxm8AAAAJ:HE397vMXCloC,"HARMO 17, 2016","SK Singh, R Rani, G Turbelin, P Kumar, AA Feiz, P Ngae",3,
Dr Rajneesh Rani,Strong threshold secret image sharing based on boolean operation,2016,https://scholar.google.com/citations?view_op=view_citation&hl=en&user=VUihxm8AAAAJ&pagesize=100&sortby=pubdate&citation_for_view=VUihxm8AAAAJ:3fE2CSJIrl8C,"2016 International Conference on Computing, Communication and Automation …, 2016","M Verma, R Rani",3,
Dr Rajneesh Rani,Performance analysis of different classifiers for recognition of handwritten Gurmukhi characters using hybrid features,2015,https://scholar.google.com/citations?view_op=view_citation&hl=en&user=VUihxm8AAAAJ&pagesize=100&sortby=pubdate&citation_for_view=VUihxm8AAAAJ:5nxA0vEk-isC,"International Conference on Computing, Communication & Automation, 1091-1095, 2015","G Singh, CJ Kumar, R Rani",3,
Dr Rajneesh Rani,MULTILEVEL SCRIPT IDENTIFICATION FOR PRINTED DOCUMENTS,2015,https://scholar.google.com/citations?view_op=view_citation&hl=en&user=VUihxm8AAAAJ&pagesize=100&sortby=pubdate&citation_for_view=VUihxm8AAAAJ:u9iWguZQMMsC,"Dr. BR Ambedkar National Institute of Technology, Jalandhar, 2015",R Rani,,
Dr Rajneesh Rani,Gabor features based script identification of lines within a bilingual/trilingual document,2014,https://scholar.google.com/citations?view_op=view_citation&hl=en&user=VUihxm8AAAAJ&pagesize=100&sortby=pubdate&citation_for_view=VUihxm8AAAAJ:Se3iqnhoufwC,"Int J Adv Sci Technol 66, 1-12, 2014","R Rani, R Dhir, GS Lehal",9,
Dr Rajneesh Rani,Digital image mosaicing using optimized KD-tree search,2014,https://scholar.google.com/citations?view_op=view_citation&hl=en&user=VUihxm8AAAAJ&pagesize=100&sortby=pubdate&citation_for_view=VUihxm8AAAAJ:J-pR_7NvFogC,"Int. J. Eng. Res. Technol 3 (8), 181-183, 2014","S Shukla, R Dhir, MR Rani",2,
Dr Rajneesh Rani,Rare presentation of chorioadenoma destruens as acute haemoperitoneum mimicking ruptured ectopic pregnancy,2014,https://scholar.google.com/citations?view_op=view_citation&hl=en&user=VUihxm8AAAAJ&pagesize=100&sortby=pubdate&citation_for_view=VUihxm8AAAAJ:yD5IFk8b50cC,"Kathmandu University Medical Journal 12 (4), 288-291, 2014","M Sinha, R Kaur, R Gupta, R Rani, A Aggarwal",4,
Dr Rajneesh Rani,Modified Gabor feature extraction method for word level script identification-experimentation with Gurumukhi and English scripts,2013,https://scholar.google.com/citations?view_op=view_citation&hl=en&user=VUihxm8AAAAJ&pagesize=100&sortby=pubdate&citation_for_view=VUihxm8AAAAJ:_FxGoFyzp5QC,"International journal of signal processing, image processing and pattern …, 2013","R Rani, R Dhir, GS Lehal",17,
Dr Rajneesh Rani,Script identification of pre-segmented multi-font characters and digits,2013,https://scholar.google.com/citations?view_op=view_citation&hl=en&user=VUihxm8AAAAJ&pagesize=100&sortby=pubdate&citation_for_view=VUihxm8AAAAJ:Y0pCki6q_DkC,"2013 12th international conference on document analysis and recognition …, 2013","R Rani, R Dhir, GS Lehal",43,
Dr Rajneesh Rani,Development of ‘environmental friendly aminated nanocrystalline cellulose’for decontamination of arsenic species from water bodies: bioremediation,2013,https://scholar.google.com/citations?view_op=view_citation&hl=en&user=VUihxm8AAAAJ&pagesize=100&sortby=pubdate&citation_for_view=VUihxm8AAAAJ:fPk4N6BV_jEC,"Int J Environ Eng Manag 4, 323-330, 2013","K Singh, R Rani, TJM Sinha, S Srivastava",3,
Dr Rajneesh Rani,Handwritten Segmentation in Bangla script: A Review of Offline Techniques,2013,https://scholar.google.com/citations?view_op=view_citation&hl=en&user=VUihxm8AAAAJ&pagesize=100&sortby=pubdate&citation_for_view=VUihxm8AAAAJ:IWHjjKOFINEC,"International Journal of Advanced Research in Computer Science and Software …, 2013","CJ Kumar, G Singh, R Rani, R Dhir",5,
Dr Rajneesh Rani,Feature extraction of Gurmukhi script and numerals: a review of offline techniques,2013,https://scholar.google.com/citations?view_op=view_citation&hl=en&user=VUihxm8AAAAJ&pagesize=100&sortby=pubdate&citation_for_view=VUihxm8AAAAJ:L8Ckcad2t8MC,"International Journal of Advanced Research in Computer Science and Software …, 2013","G Singh, CJ Kumar, R Rani, R Dhir",19,
Dr Rajneesh Rani,Performance analysis of feature extractors and classifiers for script recognition of English and Gurmukhi words,2012,https://scholar.google.com/citations?view_op=view_citation&hl=en&user=VUihxm8AAAAJ&pagesize=100&sortby=pubdate&citation_for_view=VUihxm8AAAAJ:roLk4NBRz8UC,"Proceeding of the workshop on Document Analysis and Recognition, 30-36, 2012","R Rani, R Dhir, GS Lehal",15,
Dr Rajneesh Rani,Handwritten Hindi text segmentation techniques for lines and characters,2012,https://scholar.google.com/citations?view_op=view_citation&hl=en&user=VUihxm8AAAAJ&pagesize=100&sortby=pubdate&citation_for_view=VUihxm8AAAAJ:zYLM7Y9cAGgC,"Proceedings of the world congress on engineering and computer science 1, 24-26, 2012","S Palakollu, R Dhir, R Rani",36,
Dr Rajneesh Rani,Handwritten Devanagari Numeral Recognition Using Zonal Based Feature Extraction Method and SVM Classifier,2012,https://scholar.google.com/citations?view_op=view_citation&hl=en&user=VUihxm8AAAAJ&pagesize=100&sortby=pubdate&citation_for_view=VUihxm8AAAAJ:3s1wT3WcHBgC,"International Journal of Advanced Research in Computer Science and Software …, 2012","G Sinha, R Rani, R Dhir",,
Dr Rajneesh Rani,Handwritten Gurmukhi character recognition using K-NN and SVM classifier,2012,https://scholar.google.com/citations?view_op=view_citation&hl=en&user=VUihxm8AAAAJ&pagesize=100&sortby=pubdate&citation_for_view=VUihxm8AAAAJ:HoB7MX3m0LUC,"Int. J. Adv. Res. Comput. Sci. Soft. Eng 2 (6), 288-293, 2012","G Sinha, R Rani, R Dhir",7,
Dr Rajneesh Rani,Zone-based feature extraction techniques and SVM for handwritten gurmukhi character recognition,2012,https://scholar.google.com/citations?view_op=view_citation&hl=en&user=VUihxm8AAAAJ&pagesize=100&sortby=pubdate&citation_for_view=VUihxm8AAAAJ:35N4QoGY0k4C,"International Journal of Advanced Research in Computer Science and Software …, 2012","G Sinha, A Rani, R Dhir, R Rani",14,
Dr Rajneesh Rani,Design and Implementation of Embedded Control Warning System for Vehicle Reversing,2012,https://scholar.google.com/citations?view_op=view_citation&hl=en&user=VUihxm8AAAAJ&pagesize=100&sortby=pubdate&citation_for_view=VUihxm8AAAAJ:dshw04ExmUIC,"International Conference on Electronics and Communication Engineering …, 2012","R Rani, MS Reddy",1,
Dr Rajneesh Rani,Diagonal features and SVM classifier for handwritten Gurumukhi character recognition,2012,https://scholar.google.com/citations?view_op=view_citation&hl=en&user=VUihxm8AAAAJ&cstart=100&pagesize=100&sortby=pubdate&citation_for_view=VUihxm8AAAAJ:UeHWp8X0CEIC,"International Journal of Advanced Research in Computer Science and Software …, 2012","A Jindal, R Dhir, R Rani",30,
Dr Rajneesh Rani,Handwritten Devanagari character recognition using gradient features,2012,https://scholar.google.com/citations?view_op=view_citation&hl=en&user=VUihxm8AAAAJ&cstart=100&pagesize=100&sortby=pubdate&citation_for_view=VUihxm8AAAAJ:qjMakFHDy7sC,"International Journal of Advanced Research in Computer Science and Software …, 2012","A Aggarwal, R Rani, R Dhir",60,
Dr Rajneesh Rani,Comparative recognition of handwritten Gurmukhi numerals using different feature sets and classifiers,2012,https://scholar.google.com/citations?view_op=view_citation&hl=en&user=VUihxm8AAAAJ&cstart=100&pagesize=100&sortby=pubdate&citation_for_view=VUihxm8AAAAJ:IjCSPb-OGe4C,"International conference on recent advances and future trends in information …, 2012","KS Siddharth, R Dhir, R Rani, M Jangid, K Singh",43,
Dr Rajneesh Rani,Handwritten Gurmukhi numeral recognition using zone-based hybrid feature extraction techniques,2012,https://scholar.google.com/citations?view_op=view_citation&hl=en&user=VUihxm8AAAAJ&cstart=100&pagesize=100&sortby=pubdate&citation_for_view=VUihxm8AAAAJ:ZHo1McVdvXMC,"International Journal of Computer Applications 47 (21), 2012","G Sinha, R Rani, R Dhir",26,
Dr Rajneesh Rani,Recognition of Devanagari handwritten numerals using gradient features and SVM,2012,https://scholar.google.com/citations?view_op=view_citation&hl=en&user=VUihxm8AAAAJ&cstart=100&pagesize=100&sortby=pubdate&citation_for_view=VUihxm8AAAAJ:qxL8FJ1GzNcC,"International Journal of Computer Applications 48 (8), 2012","A Aggarwal, R Rani, R Dhir",15,
Dr Rajneesh Rani,Combination of different feature sets and SVM classifier for handwritten Gurumukhi numeral recognition,2012,https://scholar.google.com/citations?view_op=view_citation&hl=en&user=VUihxm8AAAAJ&cstart=100&pagesize=100&sortby=pubdate&citation_for_view=VUihxm8AAAAJ:eQOLeE2rZwMC,"International Journal of Computer Applications 47 (18), 2012","A Rani, R Rani, R Dhir",14,
Dr Rajneesh Rani,A new technique for line segmentation of handwritten Hindi text,2011,https://scholar.google.com/citations?view_op=view_citation&hl=en&user=VUihxm8AAAAJ&cstart=100&pagesize=100&sortby=pubdate&citation_for_view=VUihxm8AAAAJ:ULOm3_A8WrAC,"Special Issue of International Journal of Computer Applications 5, 0975-8887, 2011","S Palakollu, R Dhir, R Rani",6,
Dr Rajneesh Rani,SVM classifier for recognition of handwritten devanagari numeral,2011,https://scholar.google.com/citations?view_op=view_citation&hl=en&user=VUihxm8AAAAJ&cstart=100&pagesize=100&sortby=pubdate&citation_for_view=VUihxm8AAAAJ:WF5omc3nYNoC,"2011 International Conference on Image Information Processing, 1-5, 2011","M Jangid, R Dhir, R Rani, K Singh",25,
Dr Rajneesh Rani,Performance comparison of devanagari handwritten numerals recognition,2011,https://scholar.google.com/citations?view_op=view_citation&hl=en&user=VUihxm8AAAAJ&cstart=100&pagesize=100&sortby=pubdate&citation_for_view=VUihxm8AAAAJ:2osOgNQ5qMEC,"Int. J. Comput. Appl 22, 2011","MJK Singh, R Dhir, R Rani",26,
Dr Rajneesh Rani,Comparative analysis of Gabor and discriminating feature extraction techniques for script identification,2011,https://scholar.google.com/citations?view_op=view_citation&hl=en&user=VUihxm8AAAAJ&cstart=100&pagesize=100&sortby=pubdate&citation_for_view=VUihxm8AAAAJ:LkGwnXOMwfcC,"International Conference on Information Systems for Indian Languages, 174-179, 2011","R Rani, R Dhir, GS Lehal",6,
Dr Rajneesh Rani,Segmentation of handwritten Devanagri Script,2011,https://scholar.google.com/citations?view_op=view_citation&hl=en&user=VUihxm8AAAAJ&cstart=100&pagesize=100&sortby=pubdate&citation_for_view=VUihxm8AAAAJ:rO6llkc54NcC,"Int J Comput Sci Inf Technol 2 (3), 1244-1247, 2011","S Palakollu, R Dhir, R Rani",3,
Dr Rajneesh Rani,Handwritten Gurumukhi character recognition using zoning density and background directional distribution feature,2011,https://scholar.google.com/citations?view_op=view_citation&hl=en&user=VUihxm8AAAAJ&cstart=100&pagesize=100&sortby=pubdate&citation_for_view=VUihxm8AAAAJ:SeFeTyx0c_EC,"Int. J. Comput. Sci. Inform. Technol 2, 1036-1041, 2011","S Kartar, R Dhir, R Rani",,
Dr Rajneesh Rani,Novel approach: Recognition of Devanagari handwritten numerals,2011,https://scholar.google.com/citations?view_op=view_citation&hl=en&user=VUihxm8AAAAJ&cstart=100&pagesize=100&sortby=pubdate&citation_for_view=VUihxm8AAAAJ:hqOjcs7Dif8C,"International Journal of Electrical, Electronics and Computer Science …, 2011","M Jangid, R Dhir, R Rani",4,
Dr Rajneesh Rani,Identification of printed Punjabi words and English numerals using Gabor features,2011,https://scholar.google.com/citations?view_op=view_citation&hl=en&user=VUihxm8AAAAJ&cstart=100&pagesize=100&sortby=pubdate&citation_for_view=VUihxm8AAAAJ:YsMSGLbcyi4C,"World Academy of Science, Engineering and Technology 73 (1), 392-395, 2011","R Rani, R Dhir, GS Lehal",10,
Dr Rajneesh Rani,Handwritten Gurumukhi character recognition using zoning density and background directional distribution features,2011,https://scholar.google.com/citations?view_op=view_citation&hl=en&user=VUihxm8AAAAJ&cstart=100&pagesize=100&sortby=pubdate&citation_for_view=VUihxm8AAAAJ:Tyk-4Ss8FVUC,"International Journal of Computer Science and Information Technologies 2 (3 …, 2011","KS Siddharth, R Dhir, R Rani",27,
Dr Rajneesh Rani,Handwritten Gurmukhi character recognition using statistical and background directional distribution,2011,https://scholar.google.com/citations?view_op=view_citation&hl=en&user=VUihxm8AAAAJ&cstart=100&pagesize=100&sortby=pubdate&citation_for_view=VUihxm8AAAAJ:9yKSN-GCB0IC,"Int. J. Comput. Sci. Eng.(IJCSE) 3 (06), 2332-2345, 2011","KS Siddharth, M Jangid, R Dhir, R Rani",89,
Dr Rajneesh Rani,A Scheme for Script Identification of Printed Punjabi Words and English Numerals,2010,https://scholar.google.com/citations?view_op=view_citation&hl=en&user=VUihxm8AAAAJ&cstart=100&pagesize=100&sortby=pubdate&citation_for_view=VUihxm8AAAAJ:8k81kl-MbHgC,"Proceedings of the 2010 International Conference on Advances in …, 2010","R Rani, R Dhir",,
Dr Rajneesh Rani,A survey: Recognition of scripts in bi-lingual/multi-lingual indian documents,2009,https://scholar.google.com/citations?view_op=view_citation&hl=en&user=VUihxm8AAAAJ&cstart=100&pagesize=100&sortby=pubdate&citation_for_view=VUihxm8AAAAJ:W7OEmFMy1HYC,"national journal of PIMT Journal of Research 2 (1), 55-60, 2009","R Rani, R Dhir",7,
Dr Rajneesh Rani,Signdetectnet: A Lightweight Sign Language Detection Model with a New Benchmark Dataset for Indian Sign Gestures in Real-World Scenes,,https://scholar.google.com/citations?view_op=view_citation&hl=en&user=VUihxm8AAAAJ&cstart=100&pagesize=100&sortby=pubdate&citation_for_view=VUihxm8AAAAJ:kzcrU_BdoSEC,"Available at SSRN 5389831, 0","N Kaur, R Rani",,
Dr Rajneesh Rani,Leveraging Neural Networks and Advanced LBP Features by Performance Driven Breast Cancer Detection,,https://scholar.google.com/citations?view_op=view_citation&hl=en&user=VUihxm8AAAAJ&cstart=100&pagesize=100&sortby=pubdate&citation_for_view=VUihxm8AAAAJ:ZuybSZzF8UAC,"journal of electrical systems, 0",,,
Dr Rajneesh Rani,A survey of recent advances in image steganography,,https://scholar.google.com/citations?view_op=view_citation&hl=en&user=VUihxm8AAAAJ&cstart=100&pagesize=100&sortby=pubdate&citation_for_view=VUihxm8AAAAJ:Mojj43d5GZwC,,,,
Dr Rajneesh Rani,Identification of Printed English Numerals and Punjabi Words using Morphological Features and SVM Classifier,,https://scholar.google.com/citations?view_op=view_citation&hl=en&user=VUihxm8AAAAJ&cstart=100&pagesize=100&sortby=pubdate&citation_for_view=VUihxm8AAAAJ:0EnyYjriUFMC,,"R Rani, R Dhir, GS Lehal",,
Dr Pranjal Kumar,A Private Blockchain-Based Secure Framework for Patient-Centric Medical Data Management with Off-Chain Storage and Machine Learning Integration,2025,DOI:10.1109/EAIC66483.2025.11101451,International Conference on Electronics AI and Computing Innovating for A Sustainable and Connected Future Eaic 2025,Gupta S.;Sangal A.L.,,Computer Science and Engineering 
Dr Pranjal Kumar,Alleviating Class Imbalance Issue in Software Fault Prediction Using DBSCAN-Based Induced Graph Under-Sampling Method,2024,DOI:10.1007/s13369-024-08740-0,Arabian Journal for Science and Engineering,Bhandari K.;Kumar K.;Sangal A.L.,,Computer Science and Engineering 
Dr Pranjal Kumar,MedHAI: Improved Framework for medical diagnosis using human experts,2024,DOI:10.1109/INDISCON62179.2024.10744362,Indiscon 2024 5th IEEE India Council International Subsections Conference Science Technology and Society,Gunika ;Sangal A.L.,,Computer Science and Engineering 
Dr Pranjal Kumar,An AI Based Optimized Router Placement: A Comprehensive Review,2024,DOI:10.1109/AECE62803.2024.10911093,2024 4th International Conference on Advancement in Electronics and Communication Engineering Aece 2024,Singh A.;Sangal A.L.;Rani R.,,Computer Science and Engineering 
Dr Pranjal Kumar,Enhancing Signal Coverage and Performance for Router Placement Using Deep Learning Model,2024,DOI:10.1109/AECE62803.2024.10911180,2024 4th International Conference on Advancement in Electronics and Communication Engineering Aece 2024,Singh A.;Sangal A.L.;Rani R.,,Computer Science and Engineering 
Dr Pranjal Kumar,DBOS_US: a density-based graph under-sampling method to handle class imbalance and class overlap issues in software fault prediction,2024,DOI:10.1007/s11227-024-06312-5,Journal of Supercomputing,Bhandari K.;Kumar K.;Sangal A.L.,,Computer Science and Engineering 
Dr Pranjal Kumar,Enhancing IoT Security: Federated Learning with Autoencoder Model for IoT Attacks Detection,2024,DOI:10.1109/AMATHE61652.2024.10582233,2024 International Conference on Advances in Modern Age Technologies for Health and Engineering Science Amathe 2024,Majeed R.;Sangal A.L.,,Computer Science and Engineering 
Dr Pranjal Kumar,5G Traffic Forecasting using Federated Learning,2023,DOI:10.1109/ICSCCC58608.2023.10177003,Icsccc 2023 3rd International Conference on Secure Cyber Computing and Communications,Kalam A.;Singh S.;Sangal A.,,Computer Science and Engineering 
Dr Pranjal Kumar,Data quality issues in software fault prediction: a systematic literature review,2023,DOI:10.1007/s10462-022-10371-6,Artificial Intelligence Review,Bhandari K.;Kumar K.;Sangal A.L.,,Computer Science and Engineering 
Dr Swarnima Singh Gautam,SelTCS: a framework for selecting trustworthy cloud services,2023,DOI:10.1007/s12046-023-02147-7,Sadhana Academy Proceedings in Engineering Sciences,Thakur N.;Singh A.;Sangal A.L.,,Computer Science and Engineering 
Dr Swarnima Singh Gautam,Artificial Intelligence in Software Engineering: Perspectives and Challenges,2023,DOI:10.1109/ICSCCC58608.2023.10176436,Icsccc 2023 3rd International Conference on Secure Cyber Computing and Communications,Bhandari K.;Kumar K.;Sangal A.L.,,Computer Science and Engineering 
Dr Swarnima Singh Gautam,Message from the ICSCCC 2023 Executive General Chair,2023,DOI:10.1109/ICSCCC58608.2023.10176442,Icsccc 2023 3rd International Conference on Secure Cyber Computing and Communications,Sikka G.,,Computer Science and Engineering 
Dr Swarnima Singh Gautam,Review Of The Recent Methods For Classification Of Colorectal Polyps Using Computer Aided Diagnosis,2023,DOI:10.1109/ICSCCC58608.2023.10176638,Icsccc 2023 3rd International Conference on Secure Cyber Computing and Communications,Nair A.;Sangal A.L.,,Computer Science and Engineering 
Dr Swarnima Singh Gautam,Impact of Data Mining Techniques for Detecting the Anxiety Disorders: A Literature Review,2023,DOI:10.1109/ICCCNT56998.2023.10307932,2023 14th International Conference on Computing Communication and Networking Technologies Icccnt 2023,Saxena S.;Sangal A.L.,,Computer Science and Engineering 
Prof Amrit Lal Sangal,ARAFL-BAD: adversarial resilient asynchronous federated learning framework for zero-day IoT botnet attack detection,2025,https://scholar.google.com/citations?view_op=view_citation&hl=en&user=S2tBrxcAAAAJ&pagesize=100&sortby=pubdate&citation_for_view=S2tBrxcAAAAJ:SP6oXDckpogC,"Sādhanā 50 (4), 302, 2025","C LOHANI, ALAL SANGAL",,
Prof Amrit Lal Sangal,Privacy-Preserving Prosumer Profiling using Smart Meter Data,2025,https://scholar.google.com/citations?view_op=view_citation&hl=en&user=S2tBrxcAAAAJ&pagesize=100&sortby=pubdate&citation_for_view=S2tBrxcAAAAJ:UxriW0iASnsC,"Sustainable Energy, Grids and Networks, 101784, 2025","A Sharma, AL Sangal, KC Sharma",1,
Prof Amrit Lal Sangal,Brain Tumor Classification Using Modified ResNet50,2025,https://scholar.google.com/citations?view_op=view_citation&hl=en&user=S2tBrxcAAAAJ&pagesize=100&sortby=pubdate&citation_for_view=S2tBrxcAAAAJ:dshw04ExmUIC,"2025 International Conference on Electronics, AI and Computing (EAIC), 1-6, 2025","KK Maury, AL Sangal, C Lohani",,
Prof Amrit Lal Sangal,A Private Blockchain-Based Secure Framework for Patient-Centric Medical Data Management with Off-Chain Storage and Machine Learning Integration,2025,https://scholar.google.com/citations?view_op=view_citation&hl=en&user=S2tBrxcAAAAJ&pagesize=100&sortby=pubdate&citation_for_view=S2tBrxcAAAAJ:KxtntwgDAa4C,"2025 International Conference on Electronics, AI and Computing (EAIC), 1-5, 2025","S Gupta, AL Sangal",,
Prof Amrit Lal Sangal,Optimized Framework for Mental Health Detection Using Deep Learning Technique,2025,https://scholar.google.com/citations?view_op=view_citation&hl=en&user=S2tBrxcAAAAJ&pagesize=100&sortby=pubdate&citation_for_view=S2tBrxcAAAAJ:nb7KW1ujOQ8C,"2025 International Conference on Electronics, AI and Computing (EAIC), 1-5, 2025","R Jangra, AL Sangal",,
Prof Amrit Lal Sangal,An AI Based Optimized Router Placement: A Comprehensive Review,2024,https://scholar.google.com/citations?view_op=view_citation&hl=en&user=S2tBrxcAAAAJ&pagesize=100&sortby=pubdate&citation_for_view=S2tBrxcAAAAJ:1sJd4Hv_s6UC,"2024 4th International Conference on Advancement in Electronics …, 2024","A Singh, AL Sangal, R Rani",,
Prof Amrit Lal Sangal,Enhancing Signal Coverage and Performance for Router Placement Using Deep Learning Model,2024,https://scholar.google.com/citations?view_op=view_citation&hl=en&user=S2tBrxcAAAAJ&pagesize=100&sortby=pubdate&citation_for_view=S2tBrxcAAAAJ:CHSYGLWDkRkC,"2024 4th International Conference on Advancement in Electronics …, 2024","A Singh, AL Sangal, R Rani",1,
Prof Amrit Lal Sangal,DBOS_US: a density-based graph under-sampling method to handle class imbalance and class overlap issues in software fault prediction,2024,https://scholar.google.com/citations?view_op=view_citation&hl=en&user=S2tBrxcAAAAJ&pagesize=100&sortby=pubdate&citation_for_view=S2tBrxcAAAAJ:b0M2c_1WBrUC,"The Journal of Supercomputing 80 (15), 22682-22725, 2024","K Bhandari, K Kumar, AL Sangal",7,
Prof Amrit Lal Sangal,Alleviating class imbalance issue in software fault prediction using DBSCAN-based induced graph under-sampling method,2024,https://scholar.google.com/citations?view_op=view_citation&hl=en&user=S2tBrxcAAAAJ&pagesize=100&sortby=pubdate&citation_for_view=S2tBrxcAAAAJ:_xSYboBqXhAC,"Arabian Journal for Science and Engineering 49 (9), 12589-12627, 2024","K Bhandari, K Kumar, AL Sangal",9,
Prof Amrit Lal Sangal,MedHAI: Improved Framework for medical diagnosis using human experts,2024,https://scholar.google.com/citations?view_op=view_citation&hl=en&user=S2tBrxcAAAAJ&pagesize=100&sortby=pubdate&citation_for_view=S2tBrxcAAAAJ:NhqRSupF_l8C,"2024 IEEE 5th India Council International Subsections Conference (INDISCON), 1-6, 2024",AL Sangal,,
Prof Amrit Lal Sangal,Enhancing IoT Security: Federated Learning with Autoencoder Model for IoT Attacks Detection,2024,https://scholar.google.com/citations?view_op=view_citation&hl=en&user=S2tBrxcAAAAJ&pagesize=100&sortby=pubdate&citation_for_view=S2tBrxcAAAAJ:abG-DnoFyZgC,"2024 International Conference on Advances in Modern Age Technologies for …, 2024","R Majeed, AL Sangal",,
Prof Amrit Lal Sangal,Navigating Challenges and Opportunities in Peer-to-Peer Energy Trading: A Comprehensive Review on Indian Scenario,2023,https://scholar.google.com/citations?view_op=view_citation&hl=en&user=S2tBrxcAAAAJ&pagesize=100&sortby=pubdate&citation_for_view=S2tBrxcAAAAJ:xtRiw3GOFMkC,"International Conference on Signal, Machines, Automation, and Algorithm, 819-831, 2023","A Sharma, AL Sangal",,
Prof Amrit Lal Sangal,Data quality issues in software fault prediction: a systematic literature review,2023,https://scholar.google.com/citations?view_op=view_citation&hl=en&user=S2tBrxcAAAAJ&pagesize=100&sortby=pubdate&citation_for_view=S2tBrxcAAAAJ:yD5IFk8b50cC,"Artificial Intelligence Review 56 (8), 7839-7908, 2023","K Bhandari, K Kumar, AL Sangal",46,
Prof Amrit Lal Sangal,Artificial intelligence in software engineering: Perspectives and challenges,2023,https://scholar.google.com/citations?view_op=view_citation&hl=en&user=S2tBrxcAAAAJ&pagesize=100&sortby=pubdate&citation_for_view=S2tBrxcAAAAJ:f2IySw72cVMC,"2023 Third International Conference on Secure Cyber Computing and …, 2023","K Bhandari, K Kumar, AL Sangal",16,
Prof Amrit Lal Sangal,Machine learning approaches for analysing static features in Android malware detection,2023,https://scholar.google.com/citations?view_op=view_citation&hl=en&user=S2tBrxcAAAAJ&pagesize=100&sortby=pubdate&citation_for_view=S2tBrxcAAAAJ:pyW8ca7W8N0C,"2023 Third International Conference on Secure Cyber Computing and …, 2023","N Sharma, AL Sangal",9,
Prof Amrit Lal Sangal,Review Of The Recent Methods For Classification Of Colorectal Polyps Using Computer Aided Diagnosis,2023,https://scholar.google.com/citations?view_op=view_citation&hl=en&user=S2tBrxcAAAAJ&pagesize=100&sortby=pubdate&citation_for_view=S2tBrxcAAAAJ:D03iK_w7-QYC,"2023 Third International Conference on Secure Cyber Computing and …, 2023","A Nair, AL Sangal",,
Prof Amrit Lal Sangal,SelTCS: a framework for selecting trustworthy cloud services,2023,https://scholar.google.com/citations?view_op=view_citation&hl=en&user=S2tBrxcAAAAJ&pagesize=100&sortby=pubdate&citation_for_view=S2tBrxcAAAAJ:a0OBvERweLwC,"Sādhanā 48 (2), 87, 2023","N Thakur, A Singh, AL Sangal",,
Prof Amrit Lal Sangal,Cloud services selection: A systematic review and future research directions,2022,https://scholar.google.com/citations?view_op=view_citation&hl=en&user=S2tBrxcAAAAJ&pagesize=100&sortby=pubdate&citation_for_view=S2tBrxcAAAAJ:cFHS6HbyZ2cC,"Computer Science Review 46, 100514, 2022","N Thakur, A Singh, AL Sangal",40,
Prof Amrit Lal Sangal,Lengthening of average path length in social networks due to the effect of community structure,2022,https://scholar.google.com/citations?view_op=view_citation&hl=en&user=S2tBrxcAAAAJ&pagesize=100&sortby=pubdate&citation_for_view=S2tBrxcAAAAJ:ns9cj8rnVeAC,"Journal of King Saud University-Computer and Information Sciences 34 (10 …, 2022","HS Pattanayak, HK Verma, AL Sangal",10,
Prof Amrit Lal Sangal,Gravitational community detection by predicting diameter,2022,https://scholar.google.com/citations?view_op=view_citation&hl=en&user=S2tBrxcAAAAJ&pagesize=100&sortby=pubdate&citation_for_view=S2tBrxcAAAAJ:70eg2SAEIzsC,"Discrete Mathematics, Algorithms and Applications 14 (04), 2150145, 2022","HS Pattanayak, HK Verma, AL Sangal",3,
Prof Amrit Lal Sangal,Comparison of Multi-Criteria Decision-Making Techniques for Cloud Services Selection,2022,https://scholar.google.com/citations?view_op=view_citation&hl=en&user=S2tBrxcAAAAJ&pagesize=100&sortby=pubdate&citation_for_view=S2tBrxcAAAAJ:dfsIfKJdRG4C,"Recent Innovations in Computing: Proceedings of ICRIC 2021, Volume 2, 669-682, 2022","N Thakur, A Singh, AL Sangal",2,
Prof Amrit Lal Sangal,SOMDROID: Android malware detection by artificial neural network trained using unsupervised learning,2022,https://scholar.google.com/citations?view_op=view_citation&hl=en&user=S2tBrxcAAAAJ&pagesize=100&sortby=pubdate&citation_for_view=S2tBrxcAAAAJ:NaGl4SEjCO4C,"Evolutionary Intelligence 15 (1), 407-437, 2022","A Mahindru, AL Sangal",32,
Prof Amrit Lal Sangal,Drowsy alarm system based on face landmarks detection using mediapipe facemesh,2022,https://scholar.google.com/citations?view_op=view_citation&hl=en&user=S2tBrxcAAAAJ&pagesize=100&sortby=pubdate&citation_for_view=S2tBrxcAAAAJ:zA6iFVUQeVQC,"Proceedings of First International Conference on Computational Electronics …, 2022","Aman, AL Sangal",11,
Prof Amrit Lal Sangal,Examining the Predictive Capability of Advanced Software Fault Prediction Models–An Experimental Investigation Using Combination Metrics,2022,https://scholar.google.com/citations?view_op=view_citation&hl=en&user=S2tBrxcAAAAJ&pagesize=100&sortby=pubdate&citation_for_view=S2tBrxcAAAAJ:4OULZ7Gr8RgC,"e-Informatica Software Engineering Journal 16 (1), 2022","P Sharma, AL Sangal",5,
Prof Amrit Lal Sangal,HMOSHSSA: a hybrid meta-heuristic approach for solving constrained optimization problems,2021,https://scholar.google.com/citations?view_op=view_citation&hl=en&user=S2tBrxcAAAAJ&pagesize=100&sortby=pubdate&citation_for_view=S2tBrxcAAAAJ:TFP_iSt0sucC,"Engineering with Computers 37 (4), 3167-3203, 2021","S Kaur, LK Awasthi, AL Sangal",29,
Prof Amrit Lal Sangal,HybriDroid: an empirical analysis on effective malware detection model developed using ensemble methods.,2021,https://scholar.google.com/citations?view_op=view_citation&hl=en&user=S2tBrxcAAAAJ&pagesize=100&sortby=pubdate&citation_for_view=S2tBrxcAAAAJ:lSLTfruPkqcC,"Journal of Supercomputing 77 (8), 2021","A Mahindru, AL Sangal",24,
Prof Amrit Lal Sangal,Certificate of Participation,2021,https://scholar.google.com/citations?view_op=view_citation&hl=en&user=S2tBrxcAAAAJ&pagesize=100&sortby=pubdate&citation_for_view=S2tBrxcAAAAJ:P5F9QuxV20EC,"Faculty of Pharmacy, IFTM University, 2021","HK Verma, AL Sangal",,
Prof Amrit Lal Sangal,A Brief Review on Multi-objective Software Refactoring and a New Method for Its Recommendation.,2021,https://scholar.google.com/citations?view_op=view_citation&hl=en&user=S2tBrxcAAAAJ&pagesize=100&sortby=pubdate&citation_for_view=S2tBrxcAAAAJ:YFjsv_pBGBYC,"Archives of Computational Methods in Engineering 28 (4), 2021","S Kaur, LK Awasthi, AL Sangal",21,
Prof Amrit Lal Sangal,Plant disease detection using deep learning (convolutional neural networks),2021,https://scholar.google.com/citations?view_op=view_citation&hl=en&user=S2tBrxcAAAAJ&pagesize=100&sortby=pubdate&citation_for_view=S2tBrxcAAAAJ:rO6llkc54NcC,"International Conference on Image Processing and Capsule Networks, 635-649, 2021","N Prashar, AL Sangal",9,
Prof Amrit Lal Sangal,Deep learning approach to classify road traffic sign images,2021,https://scholar.google.com/citations?view_op=view_citation&hl=en&user=S2tBrxcAAAAJ&pagesize=100&sortby=pubdate&citation_for_view=S2tBrxcAAAAJ:SeFeTyx0c_EC,"International Conference on Image Processing and Capsule Networks, 146-155, 2021","Palak, AL Sangal",1,
Prof Amrit Lal Sangal,A study on modeling techniques in software fault prediction,2021,https://scholar.google.com/citations?view_op=view_citation&hl=en&user=S2tBrxcAAAAJ&pagesize=100&sortby=pubdate&citation_for_view=S2tBrxcAAAAJ:pqnbT2bcN3wC,"2021 2nd international conference on secure cyber computing and …, 2021","K Bhandari, K Kumar, AL Sangal",7,
Prof Amrit Lal Sangal,Extensive Software Fault Prediction: An Ensemble based comparison,2021,https://scholar.google.com/citations?view_op=view_citation&hl=en&user=S2tBrxcAAAAJ&pagesize=100&sortby=pubdate&citation_for_view=S2tBrxcAAAAJ:g5m5HwL7SMYC,"2021 2nd International Conference on Secure Cyber Computing and …, 2021","P Sharma, AL Sangal",1,
Prof Amrit Lal Sangal,Traffic signs classification using convolutional neural networks: a review,2021,https://scholar.google.com/citations?view_op=view_citation&hl=en&user=S2tBrxcAAAAJ&pagesize=100&sortby=pubdate&citation_for_view=S2tBrxcAAAAJ:ldfaerwXgEUC,"2021 2nd International Conference on Secure Cyber Computing and …, 2021",AL Sangal,8,
Prof Amrit Lal Sangal,A review on software refactoring opportunity identification and sequencing in object-oriented software,2021,https://scholar.google.com/citations?view_op=view_citation&hl=en&user=S2tBrxcAAAAJ&pagesize=100&sortby=pubdate&citation_for_view=S2tBrxcAAAAJ:vV6vV6tmYwMC,"Recent Advances in Electrical & Electronic Engineering (Formerly Recent …, 2021","S Kaur, LK Awasthi, AL Sangal",9,
Prof Amrit Lal Sangal,SemiDroid: a behavioral malware detector based on unsupervised machine learning techniques using feature selection approaches,2021,https://scholar.google.com/citations?view_op=view_citation&hl=en&user=S2tBrxcAAAAJ&pagesize=100&sortby=pubdate&citation_for_view=S2tBrxcAAAAJ:J_g5lzvAfSwC,"International Journal of Machine Learning and Cybernetics 12 (5), 1369-1411, 2021","A Mahindru, AL Sangal",42,
Prof Amrit Lal Sangal,MLDroid—framework for Android malware detection using machine learning techniques,2021,https://scholar.google.com/citations?view_op=view_citation&hl=en&user=S2tBrxcAAAAJ&pagesize=100&sortby=pubdate&citation_for_view=S2tBrxcAAAAJ:NMxIlDl6LWMC,"Neural Computing and Applications 33 (10), 5183-5240, 2021","A Mahindru, AL Sangal",228,
Prof Amrit Lal Sangal,Hybrid Model for Heart Disease Prediction Using Random Forest and Logistic Regression,2021,https://scholar.google.com/citations?view_op=view_citation&hl=en&user=S2tBrxcAAAAJ&pagesize=100&sortby=pubdate&citation_for_view=S2tBrxcAAAAJ:3s1wT3WcHBgC,"Innovations in Computer Science and Engineering: Proceedings of 8th ICICSE …, 2021","HK Sharma, AL Sangal",3,
Prof Amrit Lal Sangal,Accident Risk Rating of Streets Using Ensemble Techniques of Machine Learning,2021,https://scholar.google.com/citations?view_op=view_citation&hl=en&user=S2tBrxcAAAAJ&pagesize=100&sortby=pubdate&citation_for_view=S2tBrxcAAAAJ:ZHo1McVdvXMC,"Innovations in Computer Science and Engineering: Proceedings of 8th ICICSE …, 2021","A Rastogi, AL Sangal",2,
Prof Amrit Lal Sangal,FSDroid:-A feature selection technique to detect malware from Android using Machine Learning Techniques: FSDroid,2021,https://scholar.google.com/citations?view_op=view_citation&hl=en&user=S2tBrxcAAAAJ&pagesize=100&sortby=pubdate&citation_for_view=S2tBrxcAAAAJ:RYcK_YlVTxYC,"Multimedia Tools and Applications 80 (9), 13271-13323, 2021","A Mahindru, AL Sangal",78,
Prof Amrit Lal Sangal,An anomaly based distributed detection system for DDoS attacks in Tier-2 ISP networks,2021,https://scholar.google.com/citations?view_op=view_citation&hl=en&user=S2tBrxcAAAAJ&pagesize=100&sortby=pubdate&citation_for_view=S2tBrxcAAAAJ:blknAaTinKkC,"Journal of Ambient Intelligence and Humanized Computing 12 (1), 1387-1406, 2021","A Bhandari, K Kumar, AL Sangal, S Behal",13,
Prof Amrit Lal Sangal,Building and testing a fuzzy linguistic assessment framework for defect prediction in asd environment using process-based software metrics,2020,https://scholar.google.com/citations?view_op=view_citation&hl=en&user=S2tBrxcAAAAJ&pagesize=100&sortby=pubdate&citation_for_view=S2tBrxcAAAAJ:hMod-77fHWUC,"Arabian Journal for Science and Engineering 45 (12), 10327-10351, 2020","P Sharma, AL Sangal",17,
Prof Amrit Lal Sangal,Relationship Between Community Structure and Clustering Coefficient,2020,https://scholar.google.com/citations?view_op=view_citation&hl=en&user=S2tBrxcAAAAJ&pagesize=100&sortby=pubdate&citation_for_view=S2tBrxcAAAAJ:BqipwSGYUEgC,"Intelligent Computing and Applications: Proceedings of ICICA 2019, 203-220, 2020","HS Pattanayak, HK Verma, AL Sangal",,
Prof Amrit Lal Sangal,Blockchain-based chit fund system: a financial inclusion tool,2020,https://scholar.google.com/citations?view_op=view_citation&hl=en&user=S2tBrxcAAAAJ&pagesize=100&sortby=pubdate&citation_for_view=S2tBrxcAAAAJ:O3NaXMp0MMsC,"2020 International Conference on Smart Electronics and Communication (ICOSEC …, 2020","P Kumar, AL Sangal",6,
Prof Amrit Lal Sangal,Soft computing approaches to investigate software fault proneness in agile software development environment,2020,https://scholar.google.com/citations?view_op=view_citation&hl=en&user=S2tBrxcAAAAJ&pagesize=100&sortby=pubdate&citation_for_view=S2tBrxcAAAAJ:JV2RwH3_ST0C,"Applications of Machine Learning, 217-233, 2020","P Sharma, AL Sangal",6,
Prof Amrit Lal Sangal,Tunicate Swarm Algorithm: A new bio-inspired based metaheuristic paradigm for global optimization,2020,https://scholar.google.com/citations?view_op=view_citation&hl=en&user=S2tBrxcAAAAJ&pagesize=100&sortby=pubdate&citation_for_view=S2tBrxcAAAAJ:iH-uZ7U-co4C,"Engineering Applications of Artificial Intelligence 90, 103541, 2020","S Kaur, LK Awasthi, AL Sangal, G Dhiman",1348,
Prof Amrit Lal Sangal,Perbdroid: effective malware detection model developed using machine learning classification techniques,2020,https://scholar.google.com/citations?view_op=view_citation&hl=en&user=S2tBrxcAAAAJ&pagesize=100&sortby=pubdate&citation_for_view=S2tBrxcAAAAJ:isC4tDSrTZIC,"A journey towards bio-inspired techniques in software engineering, 103-139, 2020","A Mahindru, AL Sangal",12,
Prof Amrit Lal Sangal,Data Integrity Authentication Techniques in Cloud Computing: A Survey,2020,https://scholar.google.com/citations?view_op=view_citation&hl=en&user=S2tBrxcAAAAJ&pagesize=100&sortby=pubdate&citation_for_view=S2tBrxcAAAAJ:bEWYMUwI8FkC,"Soft Computing: Theories and Applications: Proceedings of SoCTA 2018, 1255-1267, 2020","N Thakur, A Singh, AL Sangal",2,
Prof Amrit Lal Sangal,Feature-based semi-supervised learning to detect malware from android,2020,https://scholar.google.com/citations?view_op=view_citation&hl=en&user=S2tBrxcAAAAJ&pagesize=100&sortby=pubdate&citation_for_view=S2tBrxcAAAAJ:j3f4tGmQtD8C,"Automated software engineering: a deep learning-based approach, 93-118, 2020","A Mahindru, AL Sangal",17,
Prof Amrit Lal Sangal,PARUDroid: validation of android malware detection dataset,2020,https://scholar.google.com/citations?view_op=view_citation&hl=en&user=S2tBrxcAAAAJ&pagesize=100&sortby=pubdate&citation_for_view=S2tBrxcAAAAJ:EUQCXRtRnyEC,"Journal of Cybersecurity and Information Management 3 (2), 42-52, 2020","A Mahindru, A Sangal",17,
Prof Amrit Lal Sangal,Dldroid: feature selection based malware detection framework for android apps developed during covid-19,2020,https://scholar.google.com/citations?view_op=view_citation&hl=en&user=S2tBrxcAAAAJ&pagesize=100&sortby=pubdate&citation_for_view=S2tBrxcAAAAJ:u_35RYKgDlwC,"Int J Emerg Technol 11 (3), 516-525, 2020","A Mahindru, A Sangal",12,
Prof Amrit Lal Sangal,Deepdroid: feature selection approach to detect android malware using deep learning,2019,https://scholar.google.com/citations?view_op=view_citation&hl=en&user=S2tBrxcAAAAJ&pagesize=100&sortby=pubdate&citation_for_view=S2tBrxcAAAAJ:k_IJM867U9cC,"2019 IEEE 10th International Conference on Software Engineering and Service …, 2019","A Mahindru, AL Sangal",28,
Prof Amrit Lal Sangal,Building a hierarchical structure model of enablers that affect the software process improvement in software SMEs—A mixed method approach,2019,https://scholar.google.com/citations?view_op=view_citation&hl=en&user=S2tBrxcAAAAJ&pagesize=100&sortby=pubdate&citation_for_view=S2tBrxcAAAAJ:e5wmG9Sq2KIC,"Computer Standards & Interfaces 66, 103350, 2019","P Sharma, AL Sangal",34,
Prof Amrit Lal Sangal,Investigating the factors which impact SPI implementation initiatives in software SMEs—A systematic map and review,2019,https://scholar.google.com/citations?view_op=view_citation&hl=en&user=S2tBrxcAAAAJ&pagesize=100&sortby=pubdate&citation_for_view=S2tBrxcAAAAJ:_Qo2XoVZTnwC,"Journal of Software: Evolution and Process 31 (7), e2183, 2019","P Sharma, AL Sangal",13,
Prof Amrit Lal Sangal,Community detection in social networks based on fire propagation,2019,https://scholar.google.com/citations?view_op=view_citation&hl=en&user=S2tBrxcAAAAJ&pagesize=100&sortby=pubdate&citation_for_view=S2tBrxcAAAAJ:mB3voiENLucC,"Swarm and evolutionary computation 44, 31-48, 2019","HS Pattanayak, AL Sangal, HK Verma",37,
Prof Amrit Lal Sangal,Community detection metrics and algorithms in social networks,2018,https://scholar.google.com/citations?view_op=view_citation&hl=en&user=S2tBrxcAAAAJ&pagesize=100&sortby=pubdate&citation_for_view=S2tBrxcAAAAJ:TQgYirikUcIC,"2018 First International Conference on Secure Cyber Computing and …, 2018","HS Pattanayak, HK Verma, AL Sangal",11,
Prof Amrit Lal Sangal,Opinion mining and classification of music lyrics using supervised learning algorithms,2018,https://scholar.google.com/citations?view_op=view_citation&hl=en&user=S2tBrxcAAAAJ&pagesize=100&sortby=pubdate&citation_for_view=S2tBrxcAAAAJ:HDshCWvjkbEC,"2018 First International Conference on Secure Cyber Computing and …, 2018","M Ahuja, AL Sangal",15,
Prof Amrit Lal Sangal,Framework for empirical examination and modeling structural dependencies among inhibitors that impact SPI implementation initiatives in software SMEs,2018,https://scholar.google.com/citations?view_op=view_citation&hl=en&user=S2tBrxcAAAAJ&pagesize=100&sortby=pubdate&citation_for_view=S2tBrxcAAAAJ:R3hNpaxXUhUC,"Journal of Software: Evolution and Process 30 (12), e1993, 2018","P Sharma, AL Sangal",17,
Prof Amrit Lal Sangal,Churn handling strategies for structured overlay networks: A survey,2017,https://scholar.google.com/citations?view_op=view_citation&hl=en&user=S2tBrxcAAAAJ&pagesize=100&sortby=pubdate&citation_for_view=S2tBrxcAAAAJ:IWHjjKOFINEC,"Multiagent and Grid Systems 13 (4), 331-351, 2017","R Kaur, AL Sangal, K Kumar",3,
Prof Amrit Lal Sangal,Simulation modeling of cloud computing for smart grid using CloudSim,2017,https://scholar.google.com/citations?view_op=view_citation&hl=en&user=S2tBrxcAAAAJ&pagesize=100&sortby=pubdate&citation_for_view=S2tBrxcAAAAJ:mVmsd5A6BfQC,"Journal of Electrical Systems and Information Technology 4 (1), 159-172, 2017","S Mehmi, HK Verma, AL Sangal",55,
Prof Amrit Lal Sangal,Modeling and simulation of adaptive neuro-fuzzy based intelligent system for predictive stabilization in structured overlay networks,2017,https://scholar.google.com/citations?view_op=view_citation&hl=en&user=S2tBrxcAAAAJ&pagesize=100&sortby=pubdate&citation_for_view=S2tBrxcAAAAJ:aqlVkmm33-oC,"Engineering Science and Technology, an International Journal 20 (1), 310-320, 2017","R Kaur, AL Sangal, K Kumar",24,
Prof Amrit Lal Sangal,Overlay based defensive architecture to survive DDoS: A comparative study,2017,https://scholar.google.com/citations?view_op=view_citation&hl=en&user=S2tBrxcAAAAJ&pagesize=100&sortby=pubdate&citation_for_view=S2tBrxcAAAAJ:MXK_kJrjxJIC,"Journal of High Speed Networks 23 (1), 67-91, 2017","R Kaur, AL Sangal, K Kumar",3,
Prof Amrit Lal Sangal,Artificial Neural Network Based Model for Detecting Attacks in Smart Grid Cloud,2017,https://scholar.google.com/citations?view_op=view_citation&hl=en&user=S2tBrxcAAAAJ&pagesize=100&sortby=pubdate&citation_for_view=S2tBrxcAAAAJ:L8Ckcad2t8MC,,"S Mehmi, H Verma, AL Sangal",,
Prof Amrit Lal Sangal,Performance analysis of predictive stabilization for churn handling in structured overlay networks,2016,https://scholar.google.com/citations?view_op=view_citation&hl=en&user=S2tBrxcAAAAJ&pagesize=100&sortby=pubdate&citation_for_view=S2tBrxcAAAAJ:9ZlFYXVOiuMC,"Proceedings of the International Conference on Big Data and Advanced …, 2016","R Kaur, AL Sangal, K Kumar",4,
Prof Amrit Lal Sangal,Characterizing flash events and distributed denial‐of‐service attacks: an empirical investigation,2016,https://scholar.google.com/citations?view_op=view_citation&hl=en&user=S2tBrxcAAAAJ&pagesize=100&sortby=pubdate&citation_for_view=S2tBrxcAAAAJ:qxL8FJ1GzNcC,"Security and Communication Networks 9 (13), 2222-2239, 2016","A Bhandari, AL Sangal, K Kumar",80,
Prof Amrit Lal Sangal,Economic Viability of Smart Grid Cloud in India,2016,https://scholar.google.com/citations?view_op=view_citation&hl=en&user=S2tBrxcAAAAJ&pagesize=100&sortby=pubdate&citation_for_view=S2tBrxcAAAAJ:M3ejUd6NZC8C,"International Journal of Grid and Distributed Computing 9 (2), 61-72, 2016","S Mehmi, AL Sangal, HK Verma, K Parmar",6,
Prof Amrit Lal Sangal,A persistent structured hierarchical overlay network to counter intentional churn attack,2016,https://scholar.google.com/citations?view_op=view_citation&hl=en&user=S2tBrxcAAAAJ&pagesize=100&sortby=pubdate&citation_for_view=S2tBrxcAAAAJ:Wp0gIr-vW9MC,"Journal of Computer Networks and Communications 2016 (1), 5191405, 2016","R Kaur, AL Sangal, K Kumar",5,
Prof Amrit Lal Sangal,Comparative analysis of cloudlet completion time in time and space shared allocation policies during attack on smart grid cloud,2016,https://scholar.google.com/citations?view_op=view_citation&hl=en&user=S2tBrxcAAAAJ&pagesize=100&sortby=pubdate&citation_for_view=S2tBrxcAAAAJ:4DMP91E08xMC,"Procedia Computer Science 94, 435-440, 2016","S Mehmi, HK Verma, AL Sangal",7,
Prof Amrit Lal Sangal,Destination address entropy based detection and traceback approach against distributed denial of service attacks,2015,https://scholar.google.com/citations?view_op=view_citation&hl=en&user=S2tBrxcAAAAJ&pagesize=100&sortby=pubdate&citation_for_view=S2tBrxcAAAAJ:Y0pCki6q_DkC,"International Journal of Computer Network and Information Security 7 (8), 9, 2015","A Bhandari, AL Sangal, K Kumar",35,
Prof Amrit Lal Sangal,Traffic Pattern based Performance Comparison of Two Proactive MANET Routing Protocols using Manhattan Grid Mobility Model,2015,https://scholar.google.com/citations?view_op=view_citation&hl=en&user=S2tBrxcAAAAJ&pagesize=100&sortby=pubdate&citation_for_view=S2tBrxcAAAAJ:fPk4N6BV_jEC,"International Journal of Computer Applications 114 (14), 26-31, 2015","S Kr Maakar, Y Singh, AL Sangal",,
Prof Amrit Lal Sangal,Analysis of cloudlet completion time during attack on smart grid cloud,2015,https://scholar.google.com/citations?view_op=view_citation&hl=en&user=S2tBrxcAAAAJ&pagesize=100&sortby=pubdate&citation_for_view=S2tBrxcAAAAJ:_kc_bZDykSQC,"International Journal of Cloud Computing 4 (4), 353-376, 2015","S Mehmi, HK Verma, AL Sangal",2,
Prof Amrit Lal Sangal,Smart grid cloud for Indian power sector,2014,https://scholar.google.com/citations?view_op=view_citation&hl=en&user=S2tBrxcAAAAJ&pagesize=100&sortby=pubdate&citation_for_view=S2tBrxcAAAAJ:hqOjcs7Dif8C,"International conference on recent advances and innovations in engineering …, 2014","S Mehmi, HK Verma, AL Sangal",8,
Prof Amrit Lal Sangal,Performance metrics for defense framework against distributed denial of service attacks,2014,https://scholar.google.com/citations?view_op=view_citation&hl=en&user=S2tBrxcAAAAJ&pagesize=100&sortby=pubdate&citation_for_view=S2tBrxcAAAAJ:WF5omc3nYNoC,"International Journal on Network Security 5 (2), 38, 2014","A Bhandari, AL Sangal, K Kumar",24,
Prof Amrit Lal Sangal,Analysis of different churn models in chord based overlay networks,2014,https://scholar.google.com/citations?view_op=view_citation&hl=en&user=S2tBrxcAAAAJ&pagesize=100&sortby=pubdate&citation_for_view=S2tBrxcAAAAJ:kNdYIx-mwKoC,"2014 Recent Advances in Engineering and Computational Sciences (RAECS), 1-6, 2014","R Kaur, AL Sangal, K Kumar",6,
Prof Amrit Lal Sangal,Efficient security mechanism to counter the malicious attack in wireless sensor networks,2014,https://scholar.google.com/citations?view_op=view_citation&hl=en&user=S2tBrxcAAAAJ&pagesize=100&sortby=pubdate&citation_for_view=S2tBrxcAAAAJ:KlAtU1dfN6UC,"CSI transactions on ICT 2 (1), 35-41, 2014","S Gupta, HK Verma, AL Sangal",4,
Prof Amrit Lal Sangal,Modeling and simulation of DDoS attack using Omnet++,2014,https://scholar.google.com/citations?view_op=view_citation&hl=en&user=S2tBrxcAAAAJ&pagesize=100&sortby=pubdate&citation_for_view=S2tBrxcAAAAJ:YsMSGLbcyi4C,"2014 International Conference on Signal Processing and Integrated Networks …, 2014","R Kaur, AL Sangal, K Kumar",20,
Prof Amrit Lal Sangal,Analysis of security issues in cloud based smart grid,2014,https://scholar.google.com/citations?view_op=view_citation&hl=en&user=S2tBrxcAAAAJ&pagesize=100&sortby=pubdate&citation_for_view=S2tBrxcAAAAJ:Zph67rFs4hoC,"Sci. Emerg. Technol. Latest Trends 18 (1), 12-21, 2014","S Mehmi, HK Verma, AL Sangal",4,
Prof Amrit Lal Sangal,Investigating Performance of Extended Epidemic Routing Protocol of DTN under Routing Attack,2014,https://scholar.google.com/citations?view_op=view_citation&hl=en&user=S2tBrxcAAAAJ&pagesize=100&sortby=pubdate&citation_for_view=S2tBrxcAAAAJ:roLk4NBRz8UC,"Proceedings of the International Conference on Wireless Networks (ICWN), 1, 2014","HS Bindra, AL Sangal",,
Prof Amrit Lal Sangal,Extension of Delay Tolerant Network’s Routing Protocols for Preventing Excessive Utilization of Resources,2013,https://scholar.google.com/citations?view_op=view_citation&hl=en&user=S2tBrxcAAAAJ&pagesize=100&sortby=pubdate&citation_for_view=S2tBrxcAAAAJ:Tyk-4Ss8FVUC,"Wireless personal communications 73 (3), 535-553, 2013","HS Bindra, AL Sangal",3,
Prof Amrit Lal Sangal,Security attacks & prerequisite for wireless sensor networks,2013,https://scholar.google.com/citations?view_op=view_citation&hl=en&user=S2tBrxcAAAAJ&pagesize=100&sortby=pubdate&citation_for_view=S2tBrxcAAAAJ:4TOpqqG69KYC,"Intl journal of engineering and advanced technology (Ijeat) 2 (5), 558-566, 2013","S Gupta, HK Verma, AL Sangal",20,
Prof Amrit Lal Sangal,Secure Overlay Services (SOS): a critical analysis,2012,https://scholar.google.com/citations?view_op=view_citation&hl=en&user=S2tBrxcAAAAJ&pagesize=100&sortby=pubdate&citation_for_view=S2tBrxcAAAAJ:IjCSPb-OGe4C,"2012 2nd IEEE International Conference on Parallel, Distributed and Grid …, 2012","R Kaur, AL Sangal, K Kumar",9,
Prof Amrit Lal Sangal,Need of removing delivered message replica from delay tolerant network-a problem definition,2012,https://scholar.google.com/citations?view_op=view_citation&hl=en&user=S2tBrxcAAAAJ&pagesize=100&sortby=pubdate&citation_for_view=S2tBrxcAAAAJ:_FxGoFyzp5QC,"International Journal of Computer Network and Information Security 4 (12), 59, 2012","HS Bindra, AL Sangal",6,
Prof Amrit Lal Sangal,Analyzing buffer occupancy of the nodes under acknowledged delay tolerant network’s routing protocols,2012,https://scholar.google.com/citations?view_op=view_citation&hl=en&user=S2tBrxcAAAAJ&pagesize=100&sortby=pubdate&citation_for_view=S2tBrxcAAAAJ:qjMakFHDy7sC,"International Conference on Advances in Information Technology and Mobile …, 2012","HS Bindra, AL Sangal",5,
Prof Amrit Lal Sangal,"Performance comparison of RAPID, epidemic and prophet routing protocols for delay tolerant networks",2012,https://scholar.google.com/citations?view_op=view_citation&hl=en&user=S2tBrxcAAAAJ&pagesize=100&sortby=pubdate&citation_for_view=S2tBrxcAAAAJ:UeHWp8X0CEIC,"International Journal of Computer Theory and Engineering 4 (2), 314, 2012","HS Bindra, AL Sangal",22,
Prof Amrit Lal Sangal,Development of an efficient algorithm to enumerate the number of constitutional isomers of alkyne series,2012,https://scholar.google.com/citations?view_op=view_citation&hl=en&user=S2tBrxcAAAAJ&pagesize=100&sortby=pubdate&citation_for_view=S2tBrxcAAAAJ:0EnyYjriUFMC,"International Journal of Computer Applications 42 (5), 1-3, 2012","M KumarChouhan, AL Sangal",1,
Prof Amrit Lal Sangal,Analysis and removal of vulnerabilities in masquerading attack in wireless sensor networks,2012,https://scholar.google.com/citations?view_op=view_citation&hl=en&user=S2tBrxcAAAAJ&pagesize=100&sortby=pubdate&citation_for_view=S2tBrxcAAAAJ:M05iB0D1s5AC,"Int. J. Comput. Technol. Electron. Eng.(IJCTEE) 2 (3), 2012","S Gupta, HK Verma, AL Sangal",3,
Prof Amrit Lal Sangal,Mahesh Kumar Chouhan,2012,https://scholar.google.com/citations?view_op=view_citation&hl=en&user=S2tBrxcAAAAJ&pagesize=100&sortby=pubdate&citation_for_view=S2tBrxcAAAAJ:dhFuZR0502QC,,AL Sangal,,
Prof Amrit Lal Sangal,Mac based multicast source authentication: A survey,2012,https://scholar.google.com/citations?view_op=view_citation&hl=en&user=S2tBrxcAAAAJ&pagesize=100&sortby=pubdate&citation_for_view=S2tBrxcAAAAJ:ufrVoPGSRksC,"Int. J. Comput. Appl 37, 42-50, 2012","R Kaur, AL Sangal, K Kumar",2,
Prof Amrit Lal Sangal,Queuing algorithms performance against buffer size and attack intensities in DDOS attacks,2011,https://scholar.google.com/citations?view_op=view_citation&hl=en&user=S2tBrxcAAAAJ&pagesize=100&sortby=pubdate&citation_for_view=S2tBrxcAAAAJ:5nxA0vEk-isC,"International Conference on Advanced Computing, Networking and Security, 534-540, 2011","A Bhandari, AL Sangal, KK Saluja",,
Prof Amrit Lal Sangal,Traceback techniques against DDOS attacks: A comprehensive review,2011,https://scholar.google.com/citations?view_op=view_citation&hl=en&user=S2tBrxcAAAAJ&pagesize=100&sortby=pubdate&citation_for_view=S2tBrxcAAAAJ:d1gkVwhDpl0C,"2011 2nd International Conference on Computer and Communication Technology …, 2011","K Kumar, AL Sangal, A Bhandari",32,
Prof Amrit Lal Sangal,Quantitative measurement and comparison of effects of various search engine optimization parameters on Alexa Traffic Rank,2011,https://scholar.google.com/citations?view_op=view_citation&hl=en&user=S2tBrxcAAAAJ&pagesize=100&sortby=pubdate&citation_for_view=S2tBrxcAAAAJ:zYLM7Y9cAGgC,"International Journal of Computer Applications 26 (5), 15-23, 2011","A Thakur, A L Sangal, H Bindra",40,
Prof Amrit Lal Sangal,"Performance analysis of DSR, AODV routing protocols based on wormhole attack in mobile ad-hoc network",2011,https://scholar.google.com/citations?view_op=view_citation&hl=en&user=S2tBrxcAAAAJ&pagesize=100&sortby=pubdate&citation_for_view=S2tBrxcAAAAJ:9yKSN-GCB0IC,"International journal of computer Applications 26 (5), 38-41, 2011","GK Singh, HS Bindra, AL Sangal",10,
Prof Amrit Lal Sangal,Gunjesh Kant Singh Harminder Singh Bindra,2011,https://scholar.google.com/citations?view_op=view_citation&hl=en&user=S2tBrxcAAAAJ&pagesize=100&sortby=pubdate&citation_for_view=S2tBrxcAAAAJ:QIV2ME_5wuYC,,AL Sangal,,
Prof Amrit Lal Sangal,Queuing Algorithms Performance against Buffer Size and Attack Intensities,2011,https://scholar.google.com/citations?view_op=view_citation&hl=en&user=S2tBrxcAAAAJ&pagesize=100&sortby=pubdate&citation_for_view=S2tBrxcAAAAJ:8k81kl-MbHgC,"vol 1, 141-157, 2011","S Kumar, A Bhandari, AL Sangal, KK Saluja",1,
Prof Amrit Lal Sangal,Gray zone effect in MANETs on proactive and reactive routing protocols,2011,https://scholar.google.com/citations?view_op=view_citation&hl=en&user=S2tBrxcAAAAJ&pagesize=100&sortby=pubdate&citation_for_view=S2tBrxcAAAAJ:LkGwnXOMwfcC,"Int. J. Comput. Sci. Inf. Technol 2 (4), 1559-1563, 2011","HS Pattanayak, HS Bindra, AL Sangal",2,
Prof Amrit Lal Sangal,Comparison of Queuing Algorithms against DDoS Attack,2011,https://scholar.google.com/citations?view_op=view_citation&hl=en&user=S2tBrxcAAAAJ&pagesize=100&sortby=pubdate&citation_for_view=S2tBrxcAAAAJ:eQOLeE2rZwMC,"International Journal of Computer Science and Information Technologies 2 …, 2011","S Kumar, A Bhandari, AL Sangal",2,
Prof Amrit Lal Sangal,Considerations and open issues in delay tolerant network'S (DTNs) security,2010,https://scholar.google.com/citations?view_op=view_citation&hl=en&user=S2tBrxcAAAAJ&pagesize=100&sortby=pubdate&citation_for_view=S2tBrxcAAAAJ:u-x6o8ySG0sC,"Wireless Sensor Network 2 (8), 645, 2010","HS Bindra, AL Sangal",22,
Prof Amrit Lal Sangal,Performance evaluation of two reactive routing protocols of MANET using group mobility model,2010,https://scholar.google.com/citations?view_op=view_citation&hl=en&user=S2tBrxcAAAAJ&pagesize=100&sortby=pubdate&citation_for_view=S2tBrxcAAAAJ:u5HHmVD_uO8C,"International Journal of Computer Science 7 (3), 38-43, 2010","HS Bindra, SK Maakar, AL Sangal",105,
Prof Amrit Lal Sangal,Authentication protocol for wireless sensor networks,2010,https://scholar.google.com/citations?view_op=view_citation&hl=en&user=S2tBrxcAAAAJ&pagesize=100&sortby=pubdate&citation_for_view=S2tBrxcAAAAJ:2osOgNQ5qMEC,"World Academy of Science, Engineering and Technology 66, 643-649, 2010","S Gupta, HK Verma, AL Sangal",20,
Prof Amrit Lal Sangal,Numerical solution of singular integral equations using cubic spline interpolations,2004,https://scholar.google.com/citations?view_op=view_citation&hl=en&user=S2tBrxcAAAAJ&pagesize=100&sortby=pubdate&citation_for_view=S2tBrxcAAAAJ:W7OEmFMy1HYC,"INDIAN JOURNAL OF PURE AND APPLIED MATHEMATICS 35 (3), 415-421, 2004","S Kumar, AL Sangal",3,
Prof Amrit Lal Sangal,Quadratures for Cauchy principal value integrals using cubic spline interpolations,2000,https://scholar.google.com/citations?view_op=view_citation&hl=en&user=S2tBrxcAAAAJ&pagesize=100&sortby=pubdate&citation_for_view=S2tBrxcAAAAJ:UebtZRa9Y70C,"INDIAN JOURNAL OF PURE AND APPLIED MATHEMATICS 31 (10), 1313-1316, 2000","S Kumar, AL Sangal",,
Prof Amrit Lal Sangal,Communications (ICSCCC),,https://scholar.google.com/citations?view_op=view_citation&hl=en&user=S2tBrxcAAAAJ&cstart=100&pagesize=100&sortby=pubdate&citation_for_view=S2tBrxcAAAAJ:HoB7MX3m0LUC,"Learning 29, 33, 0","B Malarkodi, A Sangal, CC Sobin, A Narayana Darapaneni, SL Ravatale, ...",,
Prof Amrit Lal Sangal,"Anna Mariya Thomson M, 854 Anoop K, 610 Ansamma John, 429",,https://scholar.google.com/citations?view_op=view_citation&hl=en&user=S2tBrxcAAAAJ&cstart=100&pagesize=100&sortby=pubdate&citation_for_view=S2tBrxcAAAAJ:GnPB-g6toBAC,,"A Singh, A Dhar, A Roy, A Bajpai, A George, A Maulekhi, A Ghatak, ...",,
Prof Amrit Lal Sangal,"Session 1 001-S076 Real-Time Network Intrusion Detection System Based on Deep Learning 1 Yuansheng Dong, Rong Wang, Juan He 002-S010 A Novel Approach for Detecting Logic …",,https://scholar.google.com/citations?view_op=view_citation&hl=en&user=S2tBrxcAAAAJ&cstart=100&pagesize=100&sortby=pubdate&citation_for_view=S2tBrxcAAAAJ:maZDTaKrznsC,,"H Cheers, Y Lin, SP Smith, S Srivastava, TV Prabhakar, A Mahindru, ...",,
Dr Renu Dhir,FedMed-XAI: a collaborative and trustworthy framework for skin cancer detection using federated learning and explainable AI,2025,https://scholar.google.com/citations?view_op=view_citation&hl=en&user=kPU1jkQAAAAJ&pagesize=100&sortby=pubdate&citation_for_view=kPU1jkQAAAAJ:OcBU2YAGkTUC,"The Journal of Supercomputing 81 (15), 1-44, 2025","M Gupta, M Kumar, R Dhir",,
Dr Renu Dhir,Privacy-preserving federated learning in asynchronous environment using homomorphic encryption,2025,https://scholar.google.com/citations?view_op=view_citation&hl=en&user=kPU1jkQAAAAJ&pagesize=100&sortby=pubdate&citation_for_view=kPU1jkQAAAAJ:DJbcl8HfkQkC,"Journal of Information Security and Applications 93, 104116, 2025","M Gupta, M Kumar, R Dhir",2,
Dr Renu Dhir,5 Role of Artificial,2025,https://scholar.google.com/citations?view_op=view_citation&hl=en&user=kPU1jkQAAAAJ&pagesize=100&sortby=pubdate&citation_for_view=kPU1jkQAAAAJ:4vMrXwiscB8C,"Computational Techniques for Biological Sequence Analysis, 99, 2025","K Kaur, R Dhir",,
Dr Renu Dhir,HybridGWOSPEA2ABC: a novel feature selection algorithm for gene expression data analysis and cancer classification,2025,https://scholar.google.com/citations?view_op=view_citation&hl=en&user=kPU1jkQAAAAJ&pagesize=100&sortby=pubdate&citation_for_view=kPU1jkQAAAAJ:HIFyuExEbWQC,"Computer Methods in Biomechanics and Biomedical Engineering, 1-22, 2025","A Nath, CJ Kumar, SK Kalita, TP Singh, R Dhir",1,
Dr Renu Dhir,AI-Driven Approaches for Improved Detection and Diagnosis of Pancreatic Cancer,2025,https://scholar.google.com/citations?view_op=view_citation&hl=en&user=kPU1jkQAAAAJ&pagesize=100&sortby=pubdate&citation_for_view=kPU1jkQAAAAJ:dBIO0h50nwkC,"2025 International Conference on Ambient Intelligence in Health Care (ICAIHC …, 2025","R Sah, R Dhir, S Jain",,
Dr Renu Dhir,Enhancing remote sensing image analysis: optimization of a hybrid deep network through HHO algorithm,2025,https://scholar.google.com/citations?view_op=view_citation&hl=en&user=kPU1jkQAAAAJ&pagesize=100&sortby=pubdate&citation_for_view=kPU1jkQAAAAJ:QYdC8u9Cj1oC,"Multimedia Tools and Applications, 1-21, 2025","M Digra, R Dhir, N Sharma",2,
Dr Renu Dhir,Automated Identification of Traffic Accidents in Images and Videos Employing Advanced Deep Learning Methods,2025,https://scholar.google.com/citations?view_op=view_citation&hl=en&user=kPU1jkQAAAAJ&pagesize=100&sortby=pubdate&citation_for_view=kPU1jkQAAAAJ:9c2xU6iGI7YC,"Proceedings of the 26th International Conference on Distributed Computing …, 2025","B Kumari, R Dhir, S Chatterjee, S Jain",3,
Dr Renu Dhir,Healthcare Portal-Django Framework for Healthcare Management System,2025,https://scholar.google.com/citations?view_op=view_citation&hl=en&user=kPU1jkQAAAAJ&pagesize=100&sortby=pubdate&citation_for_view=kPU1jkQAAAAJ:cWzG1nlazyYC,"Computational Techniques for Biological Sequence Analysis, 171-184, 2025","K Kaur, M Khandelwal, R Dhir",,
Dr Renu Dhir,Role of Artificial Intelligence in Detection of Congenital Diseases,2025,https://scholar.google.com/citations?view_op=view_citation&hl=en&user=kPU1jkQAAAAJ&pagesize=100&sortby=pubdate&citation_for_view=kPU1jkQAAAAJ:mNrWkgRL2YcC,"Computational Techniques for Biological Sequence Analysis, 99-111, 2025","K Kaur, R Dhir",,
Dr Renu Dhir,Unleashing the prospective of blockchain-federated learning fusion for IoT security: A comprehensive review,2024,https://scholar.google.com/citations?view_op=view_citation&hl=en&user=kPU1jkQAAAAJ&pagesize=100&sortby=pubdate&citation_for_view=kPU1jkQAAAAJ:OTTXONDVkokC,"Computer Science Review 54, 100685, 2024","M Gupta, M Kumar, R Dhir",17,
Dr Renu Dhir,A systematic literature review on pancreas segmentation from traditional to non-supervised techniques in abdominal medical images,2024,https://scholar.google.com/citations?view_op=view_citation&hl=en&user=kPU1jkQAAAAJ&pagesize=100&sortby=pubdate&citation_for_view=kPU1jkQAAAAJ:IUKN3-7HHlwC,"Artificial Intelligence Review 57 (12), 317, 2024","S Jain, G Sikka, R Dhir",7,
Dr Renu Dhir,"Spatio-temporal analysis and prediction of land use land cover (LULC) change in Wular Lake, Jammu and Kashmir, India",2024,https://scholar.google.com/citations?view_op=view_citation&hl=en&user=kPU1jkQAAAAJ&pagesize=100&sortby=pubdate&citation_for_view=kPU1jkQAAAAJ:WJVC3Jt7v1AC,"Environmental Monitoring and Assessment 196 (9), 782, 2024","M Digra, R Dhir, N Sharma",4,
Dr Renu Dhir,Deep learning based hybrid ghost-net for metaspread chromosome image segmentation,2024,https://scholar.google.com/citations?view_op=view_citation&hl=en&user=kPU1jkQAAAAJ&pagesize=100&sortby=pubdate&citation_for_view=kPU1jkQAAAAJ:6ZxmRoH8BuwC,"Biomedical Signal Processing and Control 95, 106298, 2024","K Kaur, R Dhir",7,
Dr Renu Dhir,Digital Healthcare System Using Stacked Ensemble Machine Learning Model to Predict Heart Diseases,2024,https://scholar.google.com/citations?view_op=view_citation&hl=en&user=kPU1jkQAAAAJ&pagesize=100&sortby=pubdate&citation_for_view=kPU1jkQAAAAJ:IRz6iEL74y4C,"Data Science and Artificial Intelligence for Digital Healthcare …, 2024","S Verma, R Dhir, M Kumar, M Gupta",3,
Dr Renu Dhir,AnaMalyze: A Framework for Malware Classification Using DNN,2024,https://scholar.google.com/citations?view_op=view_citation&hl=en&user=kPU1jkQAAAAJ&pagesize=100&sortby=pubdate&citation_for_view=kPU1jkQAAAAJ:ODE9OILHJdcC,"International Conference on Mobile Radio Communications & 5G Networks, 409-421, 2024","V Kaushik, R Dhir, S Jain",,
Dr Renu Dhir,View adaptive unified self-supervised technique for abdominal organ segmentation,2024,https://scholar.google.com/citations?view_op=view_citation&hl=en&user=kPU1jkQAAAAJ&pagesize=100&sortby=pubdate&citation_for_view=kPU1jkQAAAAJ:_5tno0g5mFcC,"Computers in Biology and Medicine 177, 108659, 2024","S Jain, R Dhir, G Sikka",1,
Dr Renu Dhir,CRLSTM-HEXNET: Hybrid Deep Learning Framework with Harris Hawk Optimization in Multi-Label Classification,2024,https://scholar.google.com/citations?view_op=view_citation&hl=en&user=kPU1jkQAAAAJ&pagesize=100&sortby=pubdate&citation_for_view=kPU1jkQAAAAJ:2VqYfGB8ITEC,"International Journal of Image and Graphics, 2650004, 2024","M Digra, R Dhir, N Sharma",1,
Dr Renu Dhir,Random projection-based cancelable iris biometrics for human identification using deep learning,2024,https://scholar.google.com/citations?view_op=view_citation&hl=en&user=kPU1jkQAAAAJ&pagesize=100&sortby=pubdate&citation_for_view=kPU1jkQAAAAJ:HtEfBTGE9r8C,"Arabian Journal for Science and Engineering 49 (3), 3815-3828, 2024","R Rani, R Dhir, K Sonkar",6,
Dr Renu Dhir,A study of machine learning techniques for Automated Karyotyping System,2023,https://scholar.google.com/citations?view_op=view_citation&hl=en&user=kPU1jkQAAAAJ&pagesize=100&sortby=pubdate&citation_for_view=kPU1jkQAAAAJ:XvxMoLDsR5gC,"bioRxiv, 2023.11. 16.567473, 2023","K Kaur, R Dhir",1,
Dr Renu Dhir,Learning Approach,2023,https://scholar.google.com/citations?view_op=view_citation&hl=en&user=kPU1jkQAAAAJ&pagesize=100&sortby=pubdate&citation_for_view=kPU1jkQAAAAJ:bKqednn6t2AC,"Proceedings on International Conference on Data Analytics and Computing …, 2023","S Verma, R Dhir, M Kumar",,
Dr Renu Dhir,An automatic cascaded approach for pancreas segmentation via an unsupervised localization using 3D CT volumes,2023,https://scholar.google.com/citations?view_op=view_citation&hl=en&user=kPU1jkQAAAAJ&pagesize=100&sortby=pubdate&citation_for_view=kPU1jkQAAAAJ:8d8msizDQcsC,"Multimedia Systems 29 (4), 2337-2349, 2023","S Jain, G Sikka, R Dhir",9,
Dr Renu Dhir,Crop Classification Using Deep Learning on Time Series SAR Images: A Survey,2023,https://scholar.google.com/citations?view_op=view_citation&hl=en&user=kPU1jkQAAAAJ&pagesize=100&sortby=pubdate&citation_for_view=kPU1jkQAAAAJ:DUooU5lO8OsC,"International Conference on Data Science and Applications, 1-10, 2023","N Saini, R Dhir, K Kaur",,
Dr Renu Dhir,Automatic Detection of Cloudy and Non-Cloudy SAR Images Using Convolutional Neural Networks,2023,https://scholar.google.com/citations?view_op=view_citation&hl=en&user=kPU1jkQAAAAJ&pagesize=100&sortby=pubdate&citation_for_view=kPU1jkQAAAAJ:umqufdRvDiIC,"2023 Third International Conference on Secure Cyber Computing and …, 2023","S Siddiq, K Kaur, R Dhir",1,
Dr Renu Dhir,PCD-Predicting the Coronavirus using Deep Learning Techniques,2023,https://scholar.google.com/citations?view_op=view_citation&hl=en&user=kPU1jkQAAAAJ&pagesize=100&sortby=pubdate&citation_for_view=kPU1jkQAAAAJ:0izLItjtcgwC,"2023 Third International Conference on Secure Cyber Computing and …, 2023","K Kaur, R Dhir",,
Dr Renu Dhir,SSAMH–A Systematic Survey on AI‐Enabled Cyber Physical Systems in Healthcare,2023,https://scholar.google.com/citations?view_op=view_citation&hl=en&user=kPU1jkQAAAAJ&pagesize=100&sortby=pubdate&citation_for_view=kPU1jkQAAAAJ:4hFrxpcac9AC,"Convergence of Cloud with AI for Big Data Analytics: Foundations and …, 2023","K Kaur, R Dhir, M Ouaissa",1,
Dr Renu Dhir,Innovations in Multimedia Information Processing & Retrieval,2023,https://scholar.google.com/citations?view_op=view_citation&hl=en&user=kPU1jkQAAAAJ&pagesize=100&sortby=pubdate&citation_for_view=kPU1jkQAAAAJ:_FM0Bhl9EiAC,"Multimedia Tools and Applications 82, 8195, 2023","T Arora, R Dhir, R Soni",,
Dr Renu Dhir,Heart Disease Prediction Using Stacking Ensemble Model Based on Machine Learning Approach,2022,https://scholar.google.com/citations?view_op=view_citation&hl=en&user=kPU1jkQAAAAJ&pagesize=100&sortby=pubdate&citation_for_view=kPU1jkQAAAAJ:NXb4pA-qfm4C,"International Conference on Data Analytics and Computing, 335-347, 2022","S Verma, R Dhir, M Kumar",1,
Dr Renu Dhir,Script identification for printed and handwritten Indian documents: An empirical study of different feature classifier combinations,2022,https://scholar.google.com/citations?view_op=view_citation&hl=en&user=kPU1jkQAAAAJ&pagesize=100&sortby=pubdate&citation_for_view=kPU1jkQAAAAJ:XoXfffV-tXoC,"International Journal of Image and Graphics 22 (03), 2140011, 2022","R Rani, R Dhir, D Kakkar, N Sharma",6,
Dr Renu Dhir,Land use land cover classification of remote sensing images based on the deep learning approaches: a statistical analysis and review,2022,https://scholar.google.com/citations?view_op=view_citation&hl=en&user=kPU1jkQAAAAJ&pagesize=100&sortby=pubdate&citation_for_view=kPU1jkQAAAAJ:rmuvC79q63oC,"Arabian Journal of Geosciences 15 (10), 1003, 2022","M Digra, R Dhir, N Sharma",101,
Dr Renu Dhir,Iris recognition using transfer learning of inception v3,2022,https://scholar.google.com/citations?view_op=view_citation&hl=en&user=kPU1jkQAAAAJ&pagesize=100&sortby=pubdate&citation_for_view=kPU1jkQAAAAJ:_axFR9aDTf0C,"Applications of Machine intelligence in Engineering, 531-540, 2022","K Sonkar, R Rani, R Dhir",4,
Dr Renu Dhir,Fog computing: An overview of IoT applications with security issues and challenges,2021,https://scholar.google.com/citations?view_op=view_citation&hl=en&user=kPU1jkQAAAAJ&pagesize=100&sortby=pubdate&citation_for_view=kPU1jkQAAAAJ:PVjk1bu6vJQC,"2021 9th International Conference on Reliability, Infocom Technologies and …, 2021","N Sharma, R Dhir",1,
Dr Renu Dhir,An intelligent and energy-efficient wireless body area network to control coronavirus outbreak,2021,https://scholar.google.com/citations?view_op=view_citation&hl=en&user=kPU1jkQAAAAJ&pagesize=100&sortby=pubdate&citation_for_view=kPU1jkQAAAAJ:edDO8Oi4QzsC,"Arabian Journal for Science and Engineering 46 (9), 8203-8222, 2021","N Bilandi, HK Verma, R Dhir",46,
Dr Renu Dhir,Energy-efficient relay node selection scheme for sustainable wireless body area networks,2021,https://scholar.google.com/citations?view_op=view_citation&hl=en&user=kPU1jkQAAAAJ&pagesize=100&sortby=pubdate&citation_for_view=kPU1jkQAAAAJ:foquWX3nUaYC,"Sustainable Computing: Informatics and Systems 30, 100516, 2021","N Bilandi, HK Verma, R Dhir",28,
Dr Renu Dhir,Transfer Learning approach for analysis of epochs on Handwritten Digit Classification,2021,https://scholar.google.com/citations?view_op=view_citation&hl=en&user=kPU1jkQAAAAJ&pagesize=100&sortby=pubdate&citation_for_view=kPU1jkQAAAAJ:ClCfbGk0d_YC,"2021 2nd International Conference on Secure Cyber Computing and …, 2021","K Kaur, R Dhir, K Kumar",8,
Dr Renu Dhir,Brain tumor detection analysis using CNN: a review,2021,https://scholar.google.com/citations?view_op=view_citation&hl=en&user=kPU1jkQAAAAJ&pagesize=100&sortby=pubdate&citation_for_view=kPU1jkQAAAAJ:0N-VGjzr574C,"2021 international conference on artificial intelligence and smart systems …, 2021","S Kumar, R Dhir, N Chaurasia",52,
Dr Renu Dhir,hPSO-SA: hybrid particle swarm optimization-simulated annealing algorithm for relay node selection in wireless body area networks,2021,https://scholar.google.com/citations?view_op=view_citation&hl=en&user=kPU1jkQAAAAJ&pagesize=100&sortby=pubdate&citation_for_view=kPU1jkQAAAAJ:-FonjvnnhkoC,"Applied Intelligence 51 (3), 1410-1438, 2021","N Bilandi, HK Verma, R Dhir",31,
Dr Renu Dhir,Design of dynamic morphological analyser for Hindi nouns using rule based approach,2020,https://scholar.google.com/citations?view_op=view_citation&hl=en&user=kPU1jkQAAAAJ&pagesize=100&sortby=pubdate&citation_for_view=kPU1jkQAAAAJ:Ug5p-4gJ2f0C,"Recent Advances in Computer Science and Communications (Formerly: Recent …, 2020","I Kumar, R Dhir, GS Lehal, SK Sharma",1,
Dr Renu Dhir,Performance and evaluation of energy optimization techniques for wireless body area networks,2020,https://scholar.google.com/citations?view_op=view_citation&hl=en&user=kPU1jkQAAAAJ&pagesize=100&sortby=pubdate&citation_for_view=kPU1jkQAAAAJ:WZBGuue-350C,"Beni-Suef University Journal of Basic and Applied Sciences 9 (1), 38, 2020","N Bilandi, HK Verma, R Dhir",25,
Dr Renu Dhir,AHP–neutrosophic decision model for selection of relay node in wireless body area network,2020,https://scholar.google.com/citations?view_op=view_citation&hl=en&user=kPU1jkQAAAAJ&pagesize=100&sortby=pubdate&citation_for_view=kPU1jkQAAAAJ:tuHXwOkdijsC,"CAAI Transactions on Intelligence Technology 5 (3), 222-229, 2020","N Bilandi, HK Verma, R Dhir",34,
Dr Renu Dhir,Novel transportation layers of NiO and ZnO for the fabrication of perovskite solar cell for e-monitoring of healthcare,2020,https://scholar.google.com/citations?view_op=view_citation&hl=en&user=kPU1jkQAAAAJ&pagesize=100&sortby=pubdate&citation_for_view=kPU1jkQAAAAJ:b1wdh0AR-JQC,"Journal of Sol-Gel Science and Technology 95 (2), 300-307, 2020","N Bilandi, HK Verma, R Dhir",4,
Dr Renu Dhir,Crack detection in concrete using transfer learning,2020,https://scholar.google.com/citations?view_op=view_citation&hl=en&user=kPU1jkQAAAAJ&pagesize=100&sortby=pubdate&citation_for_view=kPU1jkQAAAAJ:oNZyr7d5Mn4C,"Adv. Math. Sci. J 9 (6), 3895-3906, 2020","N Sharma, R Dhir, R Rani",15,
Dr Renu Dhir,Novel grey relational feature extraction algorithm for software fault-proneness using BBO (B-GRA),2020,https://scholar.google.com/citations?view_op=view_citation&hl=en&user=kPU1jkQAAAAJ&pagesize=100&sortby=pubdate&citation_for_view=kPU1jkQAAAAJ:kuK5TVdYjLIC,"Arabian Journal for Science and Engineering 45 (4), 2645-2662, 2020","Aarti, G Sikka, R Dhir",9,
Dr Renu Dhir,Geometric feature-based classification of segmented human chromosomes,2020,https://scholar.google.com/citations?view_op=view_citation&hl=en&user=kPU1jkQAAAAJ&pagesize=100&sortby=pubdate&citation_for_view=kPU1jkQAAAAJ:KUbvn5osdkgC,"International Journal of Image and Graphics 20 (01), 2050006, 2020","T Arora, R Dhir",14,
Dr Renu Dhir,Grey relational classification algorithm for software fault proneness with SOM clustering,2020,https://scholar.google.com/citations?view_op=view_citation&hl=en&user=kPU1jkQAAAAJ&pagesize=100&sortby=pubdate&citation_for_view=kPU1jkQAAAAJ:TIZ-Mc8IlK0C,"International Journal of Data Mining, Modelling and Management 12 (1), 28-64, 2020","Aarti, G Sikka, R Dhir",7,
Dr Renu Dhir,PSOBAN: a novel particle swarm optimization based protocol for wireless body area networks,2019,https://scholar.google.com/citations?view_op=view_citation&hl=en&user=kPU1jkQAAAAJ&pagesize=100&sortby=pubdate&citation_for_view=kPU1jkQAAAAJ:p__nRnzSRKYC,"SN Applied Sciences 1 (11), 1492, 2019","N Bilandi, HK Verma, R Dhir",37,
Dr Renu Dhir,An Energy Efficient Health Monitoring System using Relay Node in Wireless Body Area Networks.,2019,https://scholar.google.com/citations?view_op=view_citation&hl=en&user=kPU1jkQAAAAJ&pagesize=100&sortby=pubdate&citation_for_view=kPU1jkQAAAAJ:e_rmSamDkqQC,"EAI Endorsed Transactions on Pervasive Health & Technology 5 (20), 2019","N Bilandi, HK Verma, R Dhir",3,
Dr Renu Dhir,A variable region scalable fitting energy approach for human Metaspread chromosome image segmentation,2019,https://scholar.google.com/citations?view_op=view_citation&hl=en&user=kPU1jkQAAAAJ&pagesize=100&sortby=pubdate&citation_for_view=kPU1jkQAAAAJ:vDijr-p_gm4C,"Multimedia Tools and Applications 78 (7), 9383-9404, 2019","T Arora, R Dhir",8,
Dr Renu Dhir,Regression-based software fault prediction using biogeography-based optimisation (R-BBO),2019,https://scholar.google.com/citations?view_op=view_citation&hl=en&user=kPU1jkQAAAAJ&pagesize=100&sortby=pubdate&citation_for_view=kPU1jkQAAAAJ:gsN89kCJA0AC,"International Journal of Intelligent Systems Design and Computing 3 (1), 49-63, 2019","Aarti, G Sikka, R Dhir",,
Dr Renu Dhir,Empirical validation of object-oriented metrics on cross-projects with different severity levels,2019,https://scholar.google.com/citations?view_op=view_citation&hl=en&user=kPU1jkQAAAAJ&pagesize=100&sortby=pubdate&citation_for_view=kPU1jkQAAAAJ:L7CI7m0gUJcC,"International Journal of Computational Systems Engineering 5 (5-6), 304-332, 2019","Aarti, G Sikka, R Dhir",3,
Dr Renu Dhir,Threshold-based empirical validation of object-oriented metrics on different severity levels,2019,https://scholar.google.com/citations?view_op=view_citation&hl=en&user=kPU1jkQAAAAJ&pagesize=100&sortby=pubdate&citation_for_view=kPU1jkQAAAAJ:Z5m8FVwuT1cC,"International Journal of Intelligent Engineering Informatics 7 (2-3), 231-262, 2019","Aarti, G Sikka, R Dhir",11,
Dr Renu Dhir,A novel approach for segmentation of human metaphase chromosome images using region based active contours.,2019,https://scholar.google.com/citations?view_op=view_citation&hl=en&user=kPU1jkQAAAAJ&pagesize=100&sortby=pubdate&citation_for_view=kPU1jkQAAAAJ:ipzZ9siozwsC,"Int. Arab J. Inf. Technol. 16 (1), 132-137, 2019","T Arora, R Dhir",36,
Dr Renu Dhir,Restoration of Image from Deterioration Using Image Inpainting,2018,https://scholar.google.com/citations?view_op=view_citation&hl=en&user=kPU1jkQAAAAJ&pagesize=100&sortby=pubdate&citation_for_view=kPU1jkQAAAAJ:4MWp96NkSFoC,"2018 First International Conference on Secure Cyber Computing and …, 2018","V Garg, R Dhir",2,
Dr Renu Dhir,An energy efficient tdma based mac protocol for wireless body area networks,2018,https://scholar.google.com/citations?view_op=view_citation&hl=en&user=kPU1jkQAAAAJ&pagesize=100&sortby=pubdate&citation_for_view=kPU1jkQAAAAJ:ML0RJ9NH7IQC,"2018 First International Conference on Secure Cyber Computing and …, 2018","N Bilandi, HK Verma, R Dhir",5,
Dr Renu Dhir,An algorithm to straighten the bent human chromosomes,2017,https://scholar.google.com/citations?view_op=view_citation&hl=en&user=kPU1jkQAAAAJ&pagesize=100&sortby=pubdate&citation_for_view=kPU1jkQAAAAJ:uc_IGeMz5qoC,"2017 fourth international conference on image information processing (iciip …, 2017","T Arora, R Dhir, M Mahajan",12,
Dr Renu Dhir,An automatic human chromosome metaspread image selection technique,2017,https://scholar.google.com/citations?view_op=view_citation&hl=en&user=kPU1jkQAAAAJ&pagesize=100&sortby=pubdate&citation_for_view=kPU1jkQAAAAJ:VLnqNzywnoUC,"Knowledge and Information Systems 52 (3), 773-790, 2017","T Arora, R Dhir",8,
Dr Renu Dhir,A stress testing web-based framework for automated malware analysis,2017,https://scholar.google.com/citations?view_op=view_citation&hl=en&user=kPU1jkQAAAAJ&pagesize=100&sortby=pubdate&citation_for_view=kPU1jkQAAAAJ:0KyAp5RtaNEC,"Journal of Information and Optimization Sciences 38 (6), 937-944, 2017","G Kaur, R Dhir, M Singh",5,
Dr Renu Dhir,A survey on camera-captured scene text detection and extraction: towards Gurmukhi script,2017,https://scholar.google.com/citations?view_op=view_citation&hl=en&user=kPU1jkQAAAAJ&pagesize=100&sortby=pubdate&citation_for_view=kPU1jkQAAAAJ:uJ-U7cs_P_0C,"International Journal of Multimedia Information Retrieval 6 (2), 115-142, 2017","A Kaur, R Dhir, GS Lehal",23,
Dr Renu Dhir,An investigation on the effect of cross project data for prediction accuracy,2017,https://scholar.google.com/citations?view_op=view_citation&hl=en&user=kPU1jkQAAAAJ&pagesize=100&sortby=pubdate&citation_for_view=kPU1jkQAAAAJ:Y5dfb0dijaUC,"International Journal of System Assurance Engineering and Management 8 (2 …, 2017","Aarti, G Sikka, R Dhir",10,
Dr Renu Dhir,An investigation on the metric threshold for fault-proneness,2017,https://scholar.google.com/citations?view_op=view_citation&hl=en&user=kPU1jkQAAAAJ&pagesize=100&sortby=pubdate&citation_for_view=kPU1jkQAAAAJ:AvfA0Oy_GE0C,"International Journal of Education and Management Engineering 7 (3), 35, 2017","G Sikka, R Dhir",3,
Dr Renu Dhir,Correlation-based feature selection and classification via regression of segmented chromosomes using geometric features,2017,https://scholar.google.com/citations?view_op=view_citation&hl=en&user=kPU1jkQAAAAJ&pagesize=100&sortby=pubdate&citation_for_view=kPU1jkQAAAAJ:5awf1xo2G04C,"Medical & biological engineering & computing 55 (5), 733-745, 2017","T Arora, R Dhir",26,
Dr Renu Dhir,A Bi-Criteria Hybrid Grey Wolf Approach for Parallel Machine Job Scheduling,2017,https://scholar.google.com/citations?view_op=view_citation&hl=en&user=kPU1jkQAAAAJ&pagesize=100&sortby=pubdate&citation_for_view=kPU1jkQAAAAJ:z_wVstp3MssC,"International Journal of Applied Metaheuristic Computing (IJAMC) 8 (2), 49-71, 2017","K Jeet, R Dhir",1,
Dr Renu Dhir,"Anatomy of ransomware malware: detection, analysis and reporting",2017,https://scholar.google.com/citations?view_op=view_citation&hl=en&user=kPU1jkQAAAAJ&pagesize=100&sortby=pubdate&citation_for_view=kPU1jkQAAAAJ:XD-gHx7UXLsC,"International Journal of Security and Networks 12 (3), 188-197, 2017","G Kaur, R Dhir, M Singh",8,
Dr Renu Dhir,Face Recognition using SIFT Key with Optimal Features Selection Model,2017,https://scholar.google.com/citations?view_op=view_citation&hl=en&user=kPU1jkQAAAAJ&pagesize=100&sortby=pubdate&citation_for_view=kPU1jkQAAAAJ:t7zJ5fGR-2UC,"International Journal of Advanced Computer Science and Applications 8 (2), 2017",R Dhir,2,
Dr Renu Dhir,Hexagonal Descriptor Particle Swarm Optimization with Knowledge-Crowding for Face Recognition,2016,https://scholar.google.com/citations?view_op=view_citation&hl=en&user=kPU1jkQAAAAJ&pagesize=100&sortby=pubdate&citation_for_view=kPU1jkQAAAAJ:UHK10RUVsp4C,"International Journal of Signal Processing, Image Processing and Pattern …, 2016",R Dhir,,
Dr Renu Dhir,Empirical analysis of machine learning techniques for context aware recommender systems in the environment of IoT,2016,https://scholar.google.com/citations?view_op=view_citation&hl=en&user=kPU1jkQAAAAJ&pagesize=100&sortby=pubdate&citation_for_view=kPU1jkQAAAAJ:_Ybze24A_UAC,"Proceedings of the International Conference on Advances in Information …, 2016","N Sachdeva, R Dhir, A Kumar",15,
Dr Renu Dhir,A review of metaphase chromosome image selection techniques for automatic karyotype generation,2016,https://scholar.google.com/citations?view_op=view_citation&hl=en&user=kPU1jkQAAAAJ&pagesize=100&sortby=pubdate&citation_for_view=kPU1jkQAAAAJ:vV6vV6tmYwMC,"Medical & biological engineering & computing 54 (8), 1147-1157, 2016","T Arora, R Dhir",49,
Dr Renu Dhir,Software module clustering using hybrid socio-evolutionary algorithms,2016,https://scholar.google.com/citations?view_op=view_citation&hl=en&user=kPU1jkQAAAAJ&pagesize=100&sortby=pubdate&citation_for_view=kPU1jkQAAAAJ:WqliGbK-hY8C,"International Journal of Information Engineering and Electronic Business 8 …, 2016","K Jeet, R Dhir",13,
Dr Renu Dhir,Hybrid black hole algorithm for bi-criteria job scheduling on parallel machines,2016,https://scholar.google.com/citations?view_op=view_citation&hl=en&user=kPU1jkQAAAAJ&pagesize=100&sortby=pubdate&citation_for_view=kPU1jkQAAAAJ:EkHepimYqZsC,"Int. J. Intell. Syst. Appl 8 (4), 1-17, 2016","K Jeet, R Dhir, P Singh",16,
Dr Renu Dhir,Meta-Heuristic Algorithms to Solve Bi-Criteria Parallel Machines Scheduling Problem,2016,https://scholar.google.com/citations?view_op=view_citation&hl=en&user=kPU1jkQAAAAJ&pagesize=100&sortby=pubdate&citation_for_view=kPU1jkQAAAAJ:JoZmwDi-zQgC,"International Journal of Applied Evolutionary Computation (IJAEC) 7 (2), 76-96, 2016","K Jeet, R Dhir, S Sharma",1,
Dr Renu Dhir,Video Text extraction and recognition: A survey,2016,https://scholar.google.com/citations?view_op=view_citation&hl=en&user=kPU1jkQAAAAJ&pagesize=100&sortby=pubdate&citation_for_view=kPU1jkQAAAAJ:VL0QpB8kHFEC,"2016 International Conference on Wireless Communications, Signal Processing …, 2016",R Dhir,12,
Dr Renu Dhir,Opinion mining of news headlines using SentiWordNet,2016,https://scholar.google.com/citations?view_op=view_citation&hl=en&user=kPU1jkQAAAAJ&pagesize=100&sortby=pubdate&citation_for_view=kPU1jkQAAAAJ:j8SEvjWlNXcC,"2016 symposium on colossal data analysis and networking (CDAN), 1-5, 2016","A Agarwal, V Sharma, G Sikka, R Dhir",71,
Dr Renu Dhir,Sentiments mining and classification of music lyrics using SentiWordNet,2016,https://scholar.google.com/citations?view_op=view_citation&hl=en&user=kPU1jkQAAAAJ&pagesize=100&sortby=pubdate&citation_for_view=kPU1jkQAAAAJ:ZuybSZzF8UAC,"2016 Symposium on Colossal Data Analysis and Networking (CDAN), 1-6, 2016","V Sharma, A Agarwal, R Dhir, G Sikka",15,
Dr Renu Dhir,Segmentation Approaches for Human Metaspread Chromosome Images Using Level Set Methods.,2016,https://scholar.google.com/citations?view_op=view_citation&hl=en&user=kPU1jkQAAAAJ&pagesize=100&sortby=pubdate&citation_for_view=kPU1jkQAAAAJ:yB1At4FlUx8C,"Trans. Mass Data Anal. Images Signals 7 (1), 13-30, 2016","T Arora, R Dhir",9,
Dr Renu Dhir,Bi-criteria parallel machine scheduling using nature-inspired hybrid flower pollination algorithm,2016,https://scholar.google.com/citations?view_op=view_citation&hl=en&user=kPU1jkQAAAAJ&pagesize=100&sortby=pubdate&citation_for_view=kPU1jkQAAAAJ:35r97b3x0nAC,"International Journal of Metaheuristics 5 (3-4), 226-253, 2016","K Jeet, R Dhir, S Sharma",2,
Dr Renu Dhir,A Non-domination Pareto-based Scale-Invariant Approach for Face Recognition,2016,https://scholar.google.com/citations?view_op=view_citation&hl=en&user=kPU1jkQAAAAJ&pagesize=100&sortby=pubdate&citation_for_view=kPU1jkQAAAAJ:ye4kPcJQO24C,"European Journal of Engineering and Technology Research 1 (2), 6-13, 2016","T Kaur, R Dhir",2,
Dr Renu Dhir,Various Parsers Available for Indian and Foreign Languages: A Survey,2016,https://scholar.google.com/citations?view_op=view_citation&hl=en&user=kPU1jkQAAAAJ&pagesize=100&sortby=pubdate&citation_for_view=kPU1jkQAAAAJ:9vf0nzSNQJEC,"International Journal of Computer Applications & Information Technology 9 (1 …, 2016","I Kumar, R Dhir, SK Sharma",,
Dr Renu Dhir,Software Clustering using Hybrid Multi-Objective Black Hole Algorithm.,2016,https://scholar.google.com/citations?view_op=view_citation&hl=en&user=kPU1jkQAAAAJ&pagesize=100&sortby=pubdate&citation_for_view=kPU1jkQAAAAJ:dTyEYWd-f8wC,"SEKE, 650-653, 2016","K Jeet, R Dhir",6,
Dr Renu Dhir,Software module clustering using bio-inspired algorithms,2016,https://scholar.google.com/citations?view_op=view_citation&hl=en&user=kPU1jkQAAAAJ&pagesize=100&sortby=pubdate&citation_for_view=kPU1jkQAAAAJ:eMMeJKvmdy0C,"Handbook of Research on Modern Optimization Algorithms and Applications in …, 2016","K Jeet, R Dhir",5,
Dr Renu Dhir,A Novel Elliptic Curve Cryptography Based Approach of Re-watermarking for Cheque Truncation System,2015,https://scholar.google.com/citations?view_op=view_citation&hl=en&user=kPU1jkQAAAAJ&pagesize=100&sortby=pubdate&citation_for_view=kPU1jkQAAAAJ:YFjsv_pBGBYC,"Journal of Discrete Mathematical Sciences and Cryptography 18 (3), 219-235, 2015","V Mehan, R Dhir, YS Brar",,
Dr Renu Dhir,Software architecture recovery using genetic black hole algorithm,2015,https://scholar.google.com/citations?view_op=view_citation&hl=en&user=kPU1jkQAAAAJ&pagesize=100&sortby=pubdate&citation_for_view=kPU1jkQAAAAJ:aqlVkmm33-oC,"ACM SIGSOFT Software Engineering Notes 40 (1), 1-5, 2015","K Jeet, R Dhir",23,
Dr Renu Dhir,Analysis and design of protocol for enhanced threshold proxy signature scheme based on RSA for known signers,2015,https://scholar.google.com/citations?view_op=view_citation&hl=en&user=kPU1jkQAAAAJ&pagesize=100&sortby=pubdate&citation_for_view=kPU1jkQAAAAJ:4DMP91E08xMC,"Wireless Personal Communications 80 (3), 1281-1345, 2015","R Kumar, HK Verma, R Dhir",19,
Dr Renu Dhir,An efficient segmentation method for overlapping chromosome images,2014,https://scholar.google.com/citations?view_op=view_citation&hl=en&user=kPU1jkQAAAAJ&pagesize=100&sortby=pubdate&citation_for_view=kPU1jkQAAAAJ:-f6ydRqryjwC,"International Journal of Computer Applications 95 (1), 29-32, 2014","T Tanvi, R Dhir",17,
Dr Renu Dhir,Gabor features based script identification of lines within a bilingual/trilingual document,2014,https://scholar.google.com/citations?view_op=view_citation&hl=en&user=kPU1jkQAAAAJ&pagesize=100&sortby=pubdate&citation_for_view=kPU1jkQAAAAJ:mVmsd5A6BfQC,"Int J Adv Sci Technol 66, 1-12, 2014","R Rani, R Dhir, GS Lehal",9,
Dr Renu Dhir,Recognition of cheising iyek/eeyek-manipuri digits using support vector machines,2014,https://scholar.google.com/citations?view_op=view_citation&hl=en&user=kPU1jkQAAAAJ&pagesize=100&sortby=pubdate&citation_for_view=kPU1jkQAAAAJ:35N4QoGY0k4C,"Ijcsit 1 (2), 1-6, 2014","KA Maring, R Dhir",26,
Dr Renu Dhir,Digital image mosaicing using optimized KD-tree search,2014,https://scholar.google.com/citations?view_op=view_citation&hl=en&user=kPU1jkQAAAAJ&pagesize=100&sortby=pubdate&citation_for_view=kPU1jkQAAAAJ:FAceZFleit8C,"Int. J. Eng. Res. Technol 3 (8), 181-183, 2014","S Shukla, R Dhir, MR Rani",2,
Dr Renu Dhir,A novel hybrid technique for sub-pixel edge detection using fuzzy logic and zernike moment,2014,https://scholar.google.com/citations?view_op=view_citation&hl=en&user=kPU1jkQAAAAJ&pagesize=100&sortby=pubdate&citation_for_view=kPU1jkQAAAAJ:hFOr9nPyWt4C,"International Journal of Computer Sciences and Engineering 2, 26-31, 2014","J Bala, R Dhir",5,
Dr Renu Dhir,Energy based evaluation of routing protocol for MANETs,2014,https://scholar.google.com/citations?view_op=view_citation&hl=en&user=kPU1jkQAAAAJ&pagesize=100&sortby=pubdate&citation_for_view=kPU1jkQAAAAJ:L8Ckcad2t8MC,"International Journal of Computer Sciences and Engineering 2 (3), 14-17, 2014","N Kishore, S Singh, R Dhir",9,
Dr Renu Dhir,Software re-engineering using imperialist competitive algorithm,2013,https://scholar.google.com/citations?view_op=view_citation&hl=en&user=kPU1jkQAAAAJ&pagesize=100&sortby=pubdate&citation_for_view=kPU1jkQAAAAJ:O3NaXMp0MMsC,"ACM SIGSOFT Software Engineering Notes 38 (6), 1-5, 2013","K Jeet, R Dhir",1,
Dr Renu Dhir,Multiple Perceptible Watermarking for Copyright Protection,2013,https://scholar.google.com/citations?view_op=view_citation&hl=en&user=kPU1jkQAAAAJ&pagesize=100&sortby=pubdate&citation_for_view=kPU1jkQAAAAJ:NMxIlDl6LWMC,"International Journal of Computer Applications 81 (13), 31-34, 2013","V Mehan, R Dhir, Y S Brar",,
Dr Renu Dhir,Modified Gabor feature extraction method for word level script identification-experimentation with Gurumukhi and English scripts,2013,https://scholar.google.com/citations?view_op=view_citation&hl=en&user=kPU1jkQAAAAJ&pagesize=100&sortby=pubdate&citation_for_view=kPU1jkQAAAAJ:_kc_bZDykSQC,"International journal of signal processing, image processing and pattern …, 2013","R Rani, R Dhir, GS Lehal",17,
Dr Renu Dhir,Secure electronic passport certification using re-water marking,2013,https://scholar.google.com/citations?view_op=view_citation&hl=en&user=kPU1jkQAAAAJ&pagesize=100&sortby=pubdate&citation_for_view=kPU1jkQAAAAJ:TFP_iSt0sucC,"Confluence 2013: The Next Generation Information Technology Summit (4th …, 2013","V Mehan, R Dhir, YS Brar",2,
Dr Renu Dhir,Joint watermarking and fingerprinting approach for colored digital images in double DCT domain,2013,https://scholar.google.com/citations?view_op=view_citation&hl=en&user=kPU1jkQAAAAJ&pagesize=100&sortby=pubdate&citation_for_view=kPU1jkQAAAAJ:R3hNpaxXUhUC,"2013 IEEE International Conference on Signal Processing, Computing and …, 2013","V Mehan, R Dhir, YS Brar",10,
Dr Renu Dhir,Watermarking for health management system,2013,https://scholar.google.com/citations?view_op=view_citation&hl=en&user=kPU1jkQAAAAJ&pagesize=100&sortby=pubdate&citation_for_view=kPU1jkQAAAAJ:vbGhcppDl1QC,"Int. J. Adv. Res. Comput. Sci. Softw. Eng 3, 224-228, 2013","V Mehan, R Dhir, YS Brar",3,
Dr Renu Dhir,Script identification of pre-segmented multi-font characters and digits,2013,https://scholar.google.com/citations?view_op=view_citation&hl=en&user=kPU1jkQAAAAJ&pagesize=100&sortby=pubdate&citation_for_view=kPU1jkQAAAAJ:hqOjcs7Dif8C,"2013 12th international conference on document analysis and recognition …, 2013","R Rani, R Dhir, GS Lehal",43,
Dr Renu Dhir,Analyze the impact of mobility on performance of routing protocols in MANET using OPNET modeller,2013,https://scholar.google.com/citations?view_op=view_citation&hl=en&user=kPU1jkQAAAAJ&pagesize=100&sortby=pubdate&citation_for_view=kPU1jkQAAAAJ:Zph67rFs4hoC,"International Journal of Advanced Research in Computer Science and Software …, 2013","N Pal, R Dhir",12,
Dr Renu Dhir,A study of ad-hoc network: A review,2013,https://scholar.google.com/citations?view_op=view_citation&hl=en&user=kPU1jkQAAAAJ&pagesize=100&sortby=pubdate&citation_for_view=kPU1jkQAAAAJ:tKAzc9rXhukC,"International Journal of Advanced Research in Computer Science and Software …, 2013","V Rani, R Dhir, BR Ambedkar",45,
Dr Renu Dhir,Research Article Cryptanalysis and Performance Evaluation of Enhanced Threshold Proxy Signature Scheme Based on RSA for Known Signers,2013,https://scholar.google.com/citations?view_op=view_citation&hl=en&user=kPU1jkQAAAAJ&pagesize=100&sortby=pubdate&citation_for_view=kPU1jkQAAAAJ:a9-T7VOCCH8C,,"R Kumar, HK Verma, R Dhir",,
Dr Renu Dhir,Feature extraction of Gurmukhi script and numerals: a review of offline techniques,2013,https://scholar.google.com/citations?view_op=view_citation&hl=en&user=kPU1jkQAAAAJ&pagesize=100&sortby=pubdate&citation_for_view=kPU1jkQAAAAJ:nrtMV_XWKgEC,"International Journal of Advanced Research in Computer Science and Software …, 2013","G Singh, CJ Kumar, R Rani, R Dhir",19,
Dr Renu Dhir,Handwritten Segmentation in Bangla script: A Review of Offline Techniques,2013,https://scholar.google.com/citations?view_op=view_citation&hl=en&user=kPU1jkQAAAAJ&pagesize=100&sortby=pubdate&citation_for_view=kPU1jkQAAAAJ:ZfRJV9d4-WMC,"International Journal of Advanced Research in Computer Science and Software …, 2013","CJ Kumar, G Singh, R Rani, R Dhir",5,
Dr Renu Dhir,A comparative study of Bayesian and fuzzy inference approach to assess quality of the software using activity-based quality model,2013,https://scholar.google.com/citations?view_op=view_citation&hl=en&user=kPU1jkQAAAAJ&pagesize=100&sortby=pubdate&citation_for_view=kPU1jkQAAAAJ:NaGl4SEjCO4C,"Designing, engineering, and analyzing reliable and efficient software, 96-111, 2013","K Jeet, N Bhatia, R Dhir",1,
Dr Renu Dhir,Design and comparison of advanced color based image CAPTCHAs,2013,https://scholar.google.com/citations?view_op=view_citation&hl=en&user=kPU1jkQAAAAJ&cstart=100&pagesize=100&sortby=pubdate&citation_for_view=kPU1jkQAAAAJ:RGFaLdJalmkC,"International Journal of Computer Applications 61 (15), 24-29, 2013","M Kumar, R Dhir",12,
Dr Renu Dhir,A new efficient matrix based frequent itemset mining algorithm with tags,2013,https://scholar.google.com/citations?view_op=view_citation&hl=en&user=kPU1jkQAAAAJ&cstart=100&pagesize=100&sortby=pubdate&citation_for_view=kPU1jkQAAAAJ:9ZlFYXVOiuMC,"International Journal of Future Computer and Communication, 2013",R Dhir,14,
Dr Renu Dhir,Cryptanalysis and performance evaluation of enhanced threshold proxy signature scheme based on RSA for known signers,2013,https://scholar.google.com/citations?view_op=view_citation&hl=en&user=kPU1jkQAAAAJ&cstart=100&pagesize=100&sortby=pubdate&citation_for_view=kPU1jkQAAAAJ:5nxA0vEk-isC,"Mathematical Problems in Engineering 2013 (1), 790257, 2013","R Kumar, HK Verma, R Dhir",16,
Dr Renu Dhir,Performance analysis of feature extractors and classifiers for script recognition of English and Gurmukhi words,2012,https://scholar.google.com/citations?view_op=view_citation&hl=en&user=kPU1jkQAAAAJ&cstart=100&pagesize=100&sortby=pubdate&citation_for_view=kPU1jkQAAAAJ:Wp0gIr-vW9MC,"Proceeding of the workshop on Document Analysis and Recognition, 30-36, 2012","R Rani, R Dhir, GS Lehal",15,
Dr Renu Dhir,Handwritten Hindi text segmentation techniques for lines and characters,2012,https://scholar.google.com/citations?view_op=view_citation&hl=en&user=kPU1jkQAAAAJ&cstart=100&pagesize=100&sortby=pubdate&citation_for_view=kPU1jkQAAAAJ:Se3iqnhoufwC,"Proceedings of the world congress on engineering and computer science 1, 24-26, 2012","S Palakollu, R Dhir, R Rani",36,
Dr Renu Dhir,Security analysis and performance evaluation of enhanced threshold proxy signature scheme based on RSA for known signers,2012,https://scholar.google.com/citations?view_op=view_citation&hl=en&user=kPU1jkQAAAAJ&cstart=100&pagesize=100&sortby=pubdate&citation_for_view=kPU1jkQAAAAJ:ruyezt5ZtCIC,"International Journal of Computer Network and Information Security, IJCNIS …, 2012","R Kumar, HK Verma, R Dhir",6,
Dr Renu Dhir,Zone-based feature extraction techniques and SVM for handwritten gurmukhi character recognition,2012,https://scholar.google.com/citations?view_op=view_citation&hl=en&user=kPU1jkQAAAAJ&cstart=100&pagesize=100&sortby=pubdate&citation_for_view=kPU1jkQAAAAJ:Fu2w8maKXqMC,"International Journal of Advanced Research in Computer Science and Software …, 2012","G Sinha, A Rani, R Dhir, R Rani",14,
Dr Renu Dhir,Recognition of handwritten Gurmukhi numeral using Gabor filters,2012,https://scholar.google.com/citations?view_op=view_citation&hl=en&user=kPU1jkQAAAAJ&cstart=100&pagesize=100&sortby=pubdate&citation_for_view=kPU1jkQAAAAJ:QIV2ME_5wuYC,"Int J Comput Appl 47 (1), 7-11, 2012","S Singh, R Dhir",10,
Dr Renu Dhir,A comparative study of bayesian and fuzzy approach to assess and predict maintainability of the software using activity-based quality model,2012,https://scholar.google.com/citations?view_op=view_citation&hl=en&user=kPU1jkQAAAAJ&cstart=100&pagesize=100&sortby=pubdate&citation_for_view=kPU1jkQAAAAJ:IWHjjKOFINEC,"ACM SIGSOFT Software Engineering Notes 37 (3), 1-9, 2012","K Jeet, R Dhir, H Verma",9,
Dr Renu Dhir,Real Time Based QoS Analysis in MANET,2012,https://scholar.google.com/citations?view_op=view_citation&hl=en&user=kPU1jkQAAAAJ&cstart=100&pagesize=100&sortby=pubdate&citation_for_view=kPU1jkQAAAAJ:7T2F9Uy0os0C,"International Journal 2 (5), 2012","S Kumar, R Dhir",,
Dr Renu Dhir,Novel edge detection using adaptive neuro-fuzzy inference system,2012,https://scholar.google.com/citations?view_op=view_citation&hl=en&user=kPU1jkQAAAAJ&cstart=100&pagesize=100&sortby=pubdate&citation_for_view=kPU1jkQAAAAJ:NJ774b8OgUMC,"Int J Comput Appl 2 (5), 2012",R Dhir,2,
Dr Renu Dhir,A Review of Various Methods for Association Rule Mining.,2012,https://scholar.google.com/citations?view_op=view_citation&hl=en&user=kPU1jkQAAAAJ&cstart=100&pagesize=100&sortby=pubdate&citation_for_view=kPU1jkQAAAAJ:JV2RwH3_ST0C,"International Journal of Advanced Research in Computer Science 3 (3), 2012","H Singh, R Dhir, M Saini",,
Dr Renu Dhir,Use of Gabor Filters for recognition of Handwritten Gurmukhi character,2012,https://scholar.google.com/citations?view_op=view_citation&hl=en&user=kPU1jkQAAAAJ&cstart=100&pagesize=100&sortby=pubdate&citation_for_view=kPU1jkQAAAAJ:roLk4NBRz8UC,"International Journal of Advanced Research in Computer Science and Software …, 2012","S Singh, A Aggarwal, R Dhir",53,
Dr Renu Dhir,Diagonal features and SVM classifier for handwritten Gurumukhi character recognition,2012,https://scholar.google.com/citations?view_op=view_citation&hl=en&user=kPU1jkQAAAAJ&cstart=100&pagesize=100&sortby=pubdate&citation_for_view=kPU1jkQAAAAJ:_FxGoFyzp5QC,"International Journal of Advanced Research in Computer Science and Software …, 2012","A Jindal, R Dhir, R Rani",30,
Dr Renu Dhir,Handwritten Devanagari character recognition using gradient features,2012,https://scholar.google.com/citations?view_op=view_citation&hl=en&user=kPU1jkQAAAAJ&cstart=100&pagesize=100&sortby=pubdate&citation_for_view=kPU1jkQAAAAJ:WF5omc3nYNoC,"International Journal of Advanced Research in Computer Science and Software …, 2012","A Aggarwal, R Rani, R Dhir",60,
Dr Renu Dhir,Comparative recognition of handwritten Gurmukhi numerals using different feature sets and classifiers,2012,https://scholar.google.com/citations?view_op=view_citation&hl=en&user=kPU1jkQAAAAJ&cstart=100&pagesize=100&sortby=pubdate&citation_for_view=kPU1jkQAAAAJ:LkGwnXOMwfcC,"International conference on recent advances and future trends in information …, 2012","KS Siddharth, R Dhir, R Rani, M Jangid, K Singh",43,
Dr Renu Dhir,An effective method for association rule mining based on transactional matrix,2012,https://scholar.google.com/citations?view_op=view_citation&hl=en&user=kPU1jkQAAAAJ&cstart=100&pagesize=100&sortby=pubdate&citation_for_view=kPU1jkQAAAAJ:ns9cj8rnVeAC,"International Journal of Computer Applications 39 (9), 13-15, 2012","H Singh, R Dhir",1,
Dr Renu Dhir,Research Article Bayesian and Fuzzy Approach to Assess and Predict the Maintainability of Software: A Comparative Study,2012,https://scholar.google.com/citations?view_op=view_citation&hl=en&user=kPU1jkQAAAAJ&cstart=100&pagesize=100&sortby=pubdate&citation_for_view=kPU1jkQAAAAJ:anf4URPfarAC,,"K Jeet, R Dhir",,
Dr Renu Dhir,Cyber crime investigation and network forensic system using honeypot,2012,https://scholar.google.com/citations?view_op=view_citation&hl=en&user=kPU1jkQAAAAJ&cstart=100&pagesize=100&sortby=pubdate&citation_for_view=kPU1jkQAAAAJ:YohjEiUPhakC,"International Journal of Latest Trends in Engineering and Technology (IJLTET …, 2012","R Misra, R Dhir",7,
Dr Renu Dhir,Recognition of Devanagari handwritten numerals using gradient features and SVM,2012,https://scholar.google.com/citations?view_op=view_citation&hl=en&user=kPU1jkQAAAAJ&cstart=100&pagesize=100&sortby=pubdate&citation_for_view=kPU1jkQAAAAJ:AXPGKjj_ei8C,"International Journal of Computer Applications 48 (8), 2012","A Aggarwal, R Rani, R Dhir",15,
Dr Renu Dhir,Issues and Emerging Trends in Identity Management,2012,https://scholar.google.com/citations?view_op=view_citation&hl=en&user=kPU1jkQAAAAJ&cstart=100&pagesize=100&sortby=pubdate&citation_for_view=kPU1jkQAAAAJ:maZDTaKrznsC,"Int. J. Comput. Technol 3 (2), 294-297, 2012","M Snehi, J Snehi, R Dhir",2,
Dr Renu Dhir,Bayesian and fuzzy approach to assess and predict the maintainability of software: a comparative study,2012,https://scholar.google.com/citations?view_op=view_citation&hl=en&user=kPU1jkQAAAAJ&cstart=100&pagesize=100&sortby=pubdate&citation_for_view=kPU1jkQAAAAJ:ZeXyd9-uunAC,"International Scholarly Research Notices 2012 (1), 202980, 2012","K Jeet, R Dhir",9,
Dr Renu Dhir,Novel adaptive neuro-fuzzy based edge detection technique,2012,https://scholar.google.com/citations?view_op=view_citation&hl=en&user=kPU1jkQAAAAJ&cstart=100&pagesize=100&sortby=pubdate&citation_for_view=kPU1jkQAAAAJ:7PzlFSSx8tAC,"International Journal of Computer Applications 49 (4), 2012",R Dhir,5,
Dr Renu Dhir,Handwritten Gurmukhi numeral recognition using zone-based hybrid feature extraction techniques,2012,https://scholar.google.com/citations?view_op=view_citation&hl=en&user=kPU1jkQAAAAJ&cstart=100&pagesize=100&sortby=pubdate&citation_for_view=kPU1jkQAAAAJ:YOwf2qJgpHMC,"International Journal of Computer Applications 47 (21), 2012","G Sinha, R Rani, R Dhir",26,
Dr Renu Dhir,Combination of different feature sets and SVM classifier for handwritten Gurumukhi numeral recognition,2012,https://scholar.google.com/citations?view_op=view_citation&hl=en&user=kPU1jkQAAAAJ&cstart=100&pagesize=100&sortby=pubdate&citation_for_view=kPU1jkQAAAAJ:3fE2CSJIrl8C,"International Journal of Computer Applications 47 (18), 2012","A Rani, R Rani, R Dhir",14,
Dr Renu Dhir,A new technique for line segmentation of handwritten Hindi text,2011,https://scholar.google.com/citations?view_op=view_citation&hl=en&user=kPU1jkQAAAAJ&cstart=100&pagesize=100&sortby=pubdate&citation_for_view=kPU1jkQAAAAJ:uLbwQdceFCQC,"Special Issue of International Journal of Computer Applications 5, 0975-8887, 2011","S Palakollu, R Dhir, R Rani",6,
Dr Renu Dhir,SVM classifier for recognition of handwritten devanagari numeral,2011,https://scholar.google.com/citations?view_op=view_citation&hl=en&user=kPU1jkQAAAAJ&cstart=100&pagesize=100&sortby=pubdate&citation_for_view=kPU1jkQAAAAJ:IjCSPb-OGe4C,"2011 International Conference on Image Information Processing, 1-5, 2011","M Jangid, R Dhir, R Rani, K Singh",25,
Dr Renu Dhir,A model for estimating efforts required to make changes in a software development project,2011,https://scholar.google.com/citations?view_op=view_citation&hl=en&user=kPU1jkQAAAAJ&cstart=100&pagesize=100&sortby=pubdate&citation_for_view=kPU1jkQAAAAJ:blknAaTinKkC,"Proceedings of the International Conference on Advances in Computing and …, 2011","K Jeet, R Dhir",2,
Dr Renu Dhir,Image compression using fast 2-D DCT technique,2011,https://scholar.google.com/citations?view_op=view_citation&hl=en&user=kPU1jkQAAAAJ&cstart=100&pagesize=100&sortby=pubdate&citation_for_view=kPU1jkQAAAAJ:eq2jaN3J8jMC,"International Journal on Computer Science and Engineering 3 (6), 2415-2419, 2011","A Kapoor, R Dhir",24,
Dr Renu Dhir,Analyzing Image Filtrations by Enhanced Fuzzy Logic with Multi Quality Inputs,2011,https://scholar.google.com/citations?view_op=view_citation&hl=en&user=kPU1jkQAAAAJ&cstart=100&pagesize=100&sortby=pubdate&citation_for_view=kPU1jkQAAAAJ:qUcmZB5y_30C,"International Journal of Computer Applications 975, 8887, 2011","R Tiwari, R Dhir",1,
Dr Renu Dhir,Performance comparison of devanagari handwritten numerals recognition,2011,https://scholar.google.com/citations?view_op=view_citation&hl=en&user=kPU1jkQAAAAJ&cstart=100&pagesize=100&sortby=pubdate&citation_for_view=kPU1jkQAAAAJ:u-x6o8ySG0sC,"Int. J. Comput. Appl 22, 2011","MJK Singh, R Dhir, R Rani",26,
Dr Renu Dhir,Comparative analysis of Gabor and discriminating feature extraction techniques for script identification,2011,https://scholar.google.com/citations?view_op=view_citation&hl=en&user=kPU1jkQAAAAJ&cstart=100&pagesize=100&sortby=pubdate&citation_for_view=kPU1jkQAAAAJ:4TOpqqG69KYC,"International Conference on Information Systems for Indian Languages, 174-179, 2011","R Rani, R Dhir, GS Lehal",6,
Dr Renu Dhir,"Electronics, Information and Communication Engineering© 2011 by IJCA Journal ICEICE-Number 1 Year of Publication: 2011",2011,https://scholar.google.com/citations?view_op=view_citation&hl=en&user=kPU1jkQAAAAJ&cstart=100&pagesize=100&sortby=pubdate&citation_for_view=kPU1jkQAAAAJ:EYYDruWGBe4C,,"BP Palnitkar, AM Panditrao",,
Dr Renu Dhir,Novel approach: Recognition of Devanagari handwritten numerals,2011,https://scholar.google.com/citations?view_op=view_citation&hl=en&user=kPU1jkQAAAAJ&cstart=100&pagesize=100&sortby=pubdate&citation_for_view=kPU1jkQAAAAJ:HDshCWvjkbEC,"International Journal of Electrical, Electronics and Computer Science …, 2011","M Jangid, R Dhir, R Rani",4,
Dr Renu Dhir,Identification of printed Punjabi words and English numerals using Gabor features,2011,https://scholar.google.com/citations?view_op=view_citation&hl=en&user=kPU1jkQAAAAJ&cstart=100&pagesize=100&sortby=pubdate&citation_for_view=kPU1jkQAAAAJ:8k81kl-MbHgC,"World Academy of Science, Engineering and Technology 73 (1), 392-395, 2011","R Rani, R Dhir, GS Lehal",10,
Dr Renu Dhir,Handwritten Gurumukhi character recognition using zoning density and background directional distribution features,2011,https://scholar.google.com/citations?view_op=view_citation&hl=en&user=kPU1jkQAAAAJ&cstart=100&pagesize=100&sortby=pubdate&citation_for_view=kPU1jkQAAAAJ:UebtZRa9Y70C,"International Journal of Computer Science and Information Technologies 2 (3 …, 2011","KS Siddharth, R Dhir, R Rani",27,
Dr Renu Dhir,Performance Comparision of Handwritten Devnagari Numerals Recognition,2011,https://scholar.google.com/citations?view_op=view_citation&hl=en&user=kPU1jkQAAAAJ&cstart=100&pagesize=100&sortby=pubdate&citation_for_view=kPU1jkQAAAAJ:2osOgNQ5qMEC,"International Journal, 2011","M Jangid, K Singh, R Dhir, R Rani",,
Dr Renu Dhir,Handwritten Gurmukhi character recognition using statistical and background directional distribution,2011,https://scholar.google.com/citations?view_op=view_citation&hl=en&user=kPU1jkQAAAAJ&cstart=100&pagesize=100&sortby=pubdate&citation_for_view=kPU1jkQAAAAJ:u5HHmVD_uO8C,"Int. J. Comput. Sci. Eng.(IJCSE) 3 (06), 2332-2345, 2011","KS Siddharth, M Jangid, R Dhir, R Rani",89,
Dr Renu Dhir,Text document clustering based on frequent concepts,2010,https://scholar.google.com/citations?view_op=view_citation&hl=en&user=kPU1jkQAAAAJ&cstart=100&pagesize=100&sortby=pubdate&citation_for_view=kPU1jkQAAAAJ:kNdYIx-mwKoC,"2010 First International Conference On Parallel, Distributed and Grid …, 2010","R Baghel, R Dhir",15,
Dr Renu Dhir,A frequent concepts based document clustering algorithm,2010,https://scholar.google.com/citations?view_op=view_citation&hl=en&user=kPU1jkQAAAAJ&cstart=100&pagesize=100&sortby=pubdate&citation_for_view=kPU1jkQAAAAJ:W7OEmFMy1HYC,"International Journal of Computer Applications 4 (5), 6-12, 2010","R Baghel, R Dhir",92,
Dr Renu Dhir,Moment based invariant feature extraction techniques for bilingual character recognition,2010,https://scholar.google.com/citations?view_op=view_citation&hl=en&user=kPU1jkQAAAAJ&cstart=100&pagesize=100&sortby=pubdate&citation_for_view=kPU1jkQAAAAJ:qxL8FJ1GzNcC,"2010 2nd International Conference on Education Technology and Computer 4, V4 …, 2010",R Dhir,12,
Dr Renu Dhir,MaSO: A tool for aiding the management of schedule overrun,2010,https://scholar.google.com/citations?view_op=view_citation&hl=en&user=kPU1jkQAAAAJ&cstart=100&pagesize=100&sortby=pubdate&citation_for_view=kPU1jkQAAAAJ:M3ejUd6NZC8C,"2010 IEEE 2nd International Advance Computing Conference (IACC), 416-421, 2010","K Jeet, R Dhir, VK Mago, RS Minhas",6,
Dr Renu Dhir,A new image steganography based on first component alteration technique,2010,https://scholar.google.com/citations?view_op=view_citation&hl=en&user=kPU1jkQAAAAJ&cstart=100&pagesize=100&sortby=pubdate&citation_for_view=kPU1jkQAAAAJ:YsMSGLbcyi4C,"arXiv preprint arXiv:1001.1972, 2010","A Kaur, R Dhir, G Sikka",67,
Dr Renu Dhir,A wordsets based document clustering algorithm for large datasets,2009,https://scholar.google.com/citations?view_op=view_citation&hl=en&user=kPU1jkQAAAAJ&cstart=100&pagesize=100&sortby=pubdate&citation_for_view=kPU1jkQAAAAJ:ufrVoPGSRksC,"2009 Proceeding of International Conference on Methods and Models in …, 2009","A Sharma, R Dhir",28,
Dr Renu Dhir,A survey: Recognition of scripts in bi-lingual/multi-lingual indian documents,2009,https://scholar.google.com/citations?view_op=view_citation&hl=en&user=kPU1jkQAAAAJ&cstart=100&pagesize=100&sortby=pubdate&citation_for_view=kPU1jkQAAAAJ:0EnyYjriUFMC,"national journal of PIMT Journal of Research 2 (1), 55-60, 2009","R Rani, R Dhir",7,
Dr Renu Dhir,Bandwidth delay quality parameter based multicast congestion control,2008,https://scholar.google.com/citations?view_op=view_citation&hl=en&user=kPU1jkQAAAAJ&cstart=100&pagesize=100&sortby=pubdate&citation_for_view=kPU1jkQAAAAJ:ULOm3_A8WrAC,"2008 16th international conference on advanced computing and communications …, 2008","K Singh, RS Yadav, M Manjul, R Dhir",12,
Dr Renu Dhir,ARTMAP-The Character Recognizer,2008,https://scholar.google.com/citations?view_op=view_citation&hl=en&user=kPU1jkQAAAAJ&cstart=100&pagesize=100&sortby=pubdate&citation_for_view=kPU1jkQAAAAJ:yFnVuubrUp4C,"Application of IT and Management in Economic Growth, 71, 2008","R DHIR, A DHIR",,
Dr Renu Dhir,Comparative analysis of classifiers inaccuracies for bilingual characters (Gurmukhi and Roman),2008,https://scholar.google.com/citations?view_op=view_citation&hl=en&user=kPU1jkQAAAAJ&cstart=100&pagesize=100&sortby=pubdate&citation_for_view=kPU1jkQAAAAJ:BqipwSGYUEgC,"Proc. of International Conference on Contemporary Computing, 232-239, 2008",R Dhir,1,
Dr Renu Dhir,Theory and Methods for Character Recognition of Gurmukhi Script,2007,https://scholar.google.com/citations?view_op=view_citation&hl=en&user=kPU1jkQAAAAJ&cstart=100&pagesize=100&sortby=pubdate&citation_for_view=kPU1jkQAAAAJ:_B80troHkn4C,,"R Dhir, TG Marhwal",,
Dr Renu Dhir,Feature extraction and classification for bilingual script (Gurmukhi and Roman),2007,https://scholar.google.com/citations?view_op=view_citation&hl=en&user=kPU1jkQAAAAJ&cstart=100&pagesize=100&sortby=pubdate&citation_for_view=kPU1jkQAAAAJ:dhFuZR0502QC,"Proceedings of the third conference on IASTED International Conference …, 2007",R Dhir,4,
Dr Renu Dhir,Quiz-Pericardial effusion with vesiculobullous lesions in a young female,2006,https://scholar.google.com/citations?view_op=view_citation&hl=en&user=kPU1jkQAAAAJ&cstart=100&pagesize=100&sortby=pubdate&citation_for_view=kPU1jkQAAAAJ:HtS1dXgVpQUC,"Medknow Publications on behalf of The Indian Association of Dermatologists …, 2006","R Dhir, PLK Desylva, N Gehi, A Malik, YD Singh, H Jagannayakulu, ...",,
Dr Renu Dhir,Pericardial effusion with vesiculobullous lesions in a young female,2006,https://scholar.google.com/citations?view_op=view_citation&hl=en&user=kPU1jkQAAAAJ&cstart=100&pagesize=100&sortby=pubdate&citation_for_view=kPU1jkQAAAAJ:i2xiXl-TujoC,"Indian Journal of Dermatology, Venereology and Leprology 72, 175, 2006","R Dhir, PLK Desylva, N Gehi, A Malik, YD Singh, H Jagannayakulu, ...",16,
Dr Renu Dhir,Web client and web server approaches to prevent xss attacks,2005,https://scholar.google.com/citations?view_op=view_citation&hl=en&user=kPU1jkQAAAAJ&cstart=100&pagesize=100&sortby=pubdate&citation_for_view=kPU1jkQAAAAJ:Tyk-4Ss8FVUC,"International Journal of Computers & Technology, 2005",J Snehi,14,
Dr Renu Dhir,A Structural Feature Based Approach for Script Identification of Gurmukhi and Roman Character and Words,2004,https://scholar.google.com/citations?view_op=view_citation&hl=en&user=kPU1jkQAAAAJ&cstart=100&pagesize=100&sortby=pubdate&citation_for_view=kPU1jkQAAAAJ:MXK_kJrjxJIC,"The proc. of 39th Annual National Convention of Computer Society of India …, 2004","R Dhir, C Singh, GS Lehal",7,
Dr Renu Dhir,Indian drug review,2004,https://scholar.google.com/citations?view_op=view_citation&hl=en&user=kPU1jkQAAAAJ&cstart=100&pagesize=100&sortby=pubdate&citation_for_view=kPU1jkQAAAAJ:g3aElNc5_aQC,"A Mediworld Publication, 426, 2004","S Malik, K Kishor, BB Gupta, R Dhir",9,
Dr Renu Dhir,AUTOMATIC SEPARATION OF GURMUKHI AND ROMAN,2000,https://scholar.google.com/citations?view_op=view_citation&hl=en&user=kPU1jkQAAAAJ&cstart=100&pagesize=100&sortby=pubdate&citation_for_view=kPU1jkQAAAAJ:70eg2SAEIzsC,"International Conference on Pattern Recognition 2, 557-560, 2000","GS Lehal, C Singh, R Dhir",,
Dr Renu Dhir,A range free skew detection technique for digitized Gurmukhi script documents,1999,https://scholar.google.com/citations?view_op=view_citation&hl=en&user=kPU1jkQAAAAJ&cstart=100&pagesize=100&sortby=pubdate&citation_for_view=kPU1jkQAAAAJ:eQOLeE2rZwMC,"Proceedings of the Fifth International Conference on Document Analysis and …, 1999","GS Lehal, R Dhir",29,
Dr Renu Dhir,Chronic lymphocytic leukaemia manifestating as exfoliative dermatitis.,1995,https://scholar.google.com/citations?view_op=view_citation&hl=en&user=kPU1jkQAAAAJ&cstart=100&pagesize=100&sortby=pubdate&citation_for_view=kPU1jkQAAAAJ:xtoqd-5pKcoC,"Indian Journal of Dermatology, Venereology and Leprology 61 (2), 102-103, 1995",R Dhir,6,
Dr Renu Dhir,Orbital neurofibrosarcoma: a case report,1995,https://scholar.google.com/citations?view_op=view_citation&hl=en&user=kPU1jkQAAAAJ&cstart=100&pagesize=100&sortby=pubdate&citation_for_view=kPU1jkQAAAAJ:PELIpwtuRlgC,"Indian Journal of Pathology and Microbiology 38 (1), 91-94, 1995","RK TANWAR, R KUMAR, S MALIK, R DHIR, GK RATH",5,
Dr Renu Dhir,Large myofascial fibromatosis involving the shoulder girdle,1994,https://scholar.google.com/citations?view_op=view_citation&hl=en&user=kPU1jkQAAAAJ&cstart=100&pagesize=100&sortby=pubdate&citation_for_view=kPU1jkQAAAAJ:k8Z6L05lTy4C,"Journal of Postgraduate Medicine 40 (4), 225-227, 1994","AR Bhaskar, RS Dhir, M Desai, AA Mistry",4,
Dr Renu Dhir,Follow up of acute gonococcal urethritis in males treated with norfloxacin,1994,https://scholar.google.com/citations?view_op=view_citation&hl=en&user=kPU1jkQAAAAJ&cstart=100&pagesize=100&sortby=pubdate&citation_for_view=kPU1jkQAAAAJ:SpbeaW3--B0C,"Indian Journal of Dermatology, Venereology and Leprology 60, 76, 1994","KVR Chari, MA Tutakne, R Dhir",,
Dr Renu Dhir,Epithelioid sarcoma of the upper extremity with cerebral metastases,1992,https://scholar.google.com/citations?view_op=view_citation&hl=en&user=kPU1jkQAAAAJ&cstart=100&pagesize=100&sortby=pubdate&citation_for_view=kPU1jkQAAAAJ:VaXvl8Fpj5cC,"Journal of Postgraduate Medicine 38 (4), 195-197, 1992","AJ Rege, RS Dhir, V Pradeep",11,
Dr Renu Dhir,Relapse in psoriasis after methotrexate,1992,https://scholar.google.com/citations?view_op=view_citation&hl=en&user=kPU1jkQAAAAJ&cstart=100&pagesize=100&sortby=pubdate&citation_for_view=kPU1jkQAAAAJ:Dip1O2bNi0gC,"Indian Journal of Dermatology, Venereology and Leprology 58, 77, 1992","R Dhir, MA Tutakne, KVR Chari",8,
Dr Renu Dhir,Natural course of hematogenous pyogenic osteomyelitis (a retrospective study of 110 cases),1991,https://scholar.google.com/citations?view_op=view_citation&hl=en&user=kPU1jkQAAAAJ&cstart=100&pagesize=100&sortby=pubdate&citation_for_view=kPU1jkQAAAAJ:kz9GbA2Ns4gC,"Journal of Postgraduate Medicine 37 (2), 69-75, 1991","Y Kharbanda, RS Dhir",24,
Dr Renu Dhir,An unusual case of hip disability--(a case report).,1989,https://scholar.google.com/citations?view_op=view_citation&hl=en&user=kPU1jkQAAAAJ&cstart=100&pagesize=100&sortby=pubdate&citation_for_view=kPU1jkQAAAAJ:MLfJN-KU85MC,"Journal of Postgraduate Medicine 35 (4), 232-234, 1989","PB Bhosale, RS Dhir, NC Tejwani",6,
Dr Renu Dhir,Bilateral identical epiphyseal injury of the lower end of radius due to an unusual mechanism of injury (a case report).,1988,https://scholar.google.com/citations?view_op=view_citation&hl=en&user=kPU1jkQAAAAJ&cstart=100&pagesize=100&sortby=pubdate&citation_for_view=kPU1jkQAAAAJ:M7yex6snE4oC,"Journal of postgraduate medicine 34 (2), 122-123, 1988","BA Bhama, RS Dhir",,
Dr Renu Dhir,Epithelioid sarcoma of the upper extremity (a case report).,1987,https://scholar.google.com/citations?view_op=view_citation&hl=en&user=kPU1jkQAAAAJ&cstart=100&pagesize=100&sortby=pubdate&citation_for_view=kPU1jkQAAAAJ:LI9QrySNdTsC,"Journal of postgraduate medicine 33 (3), 140-142, 1987","BA Bhama, RS Dhir, AA Pandit",5,
Dr Renu Dhir,BILINGUAL CHARACTERS (GURMUKHI AND ROMAN),,https://scholar.google.com/citations?view_op=view_citation&hl=en&user=kPU1jkQAAAAJ&cstart=100&pagesize=100&sortby=pubdate&citation_for_view=kPU1jkQAAAAJ:GtLg2Ama23sC,"International Journal of Computing and Mathematical Applications, 155, 0",R Dhir,,
Dr Renu Dhir,Brain Tumor Detection Analysis Using CNN: A,,https://scholar.google.com/citations?view_op=view_citation&hl=en&user=kPU1jkQAAAAJ&cstart=100&pagesize=100&sortby=pubdate&citation_for_view=kPU1jkQAAAAJ:4fGpz3EwCPoC,"Brain tumor detection analysis using CNN, 0","S Kumar, R Dhir, N Chaurasia",1,
Dr Renu Dhir,International Journal of Education and Management Engineering (IJEME),,https://scholar.google.com/citations?view_op=view_citation&hl=en&user=kPU1jkQAAAAJ&cstart=100&pagesize=100&sortby=pubdate&citation_for_view=kPU1jkQAAAAJ:tYavs44e6CUC,,W Liu,,
Dr Renu Dhir,Image Compression Using Fast 2-D DCT,,https://scholar.google.com/citations?view_op=view_citation&hl=en&user=kPU1jkQAAAAJ&cstart=100&pagesize=100&sortby=pubdate&citation_for_view=kPU1jkQAAAAJ:SdhP9T11ey4C,,"A Kapoor, R Dhir",,
Dr Renu Dhir,Bandwidth Delay Quality Parameter Based Multicast Congestion Control,,https://scholar.google.com/citations?view_op=view_citation&hl=en&user=kPU1jkQAAAAJ&cstart=100&pagesize=100&sortby=pubdate&citation_for_view=kPU1jkQAAAAJ:RYcK_YlVTxYC,,"M Manjul, R Dhir, K Singh",,
Dr Renu Dhir,Design of Network Forensic System Based on Honeynet,,https://scholar.google.com/citations?view_op=view_citation&hl=en&user=kPU1jkQAAAAJ&cstart=100&pagesize=100&sortby=pubdate&citation_for_view=kPU1jkQAAAAJ:hMod-77fHWUC,"Int. J. Innov. Eng. Technol, 0","R Misra, R Dhir",2,
Dr Renu Dhir,A Structural Feature based approach for script identification of Gurmukhi and Roman characters and words,,https://scholar.google.com/citations?view_op=view_citation&hl=en&user=kPU1jkQAAAAJ&cstart=100&pagesize=100&sortby=pubdate&citation_for_view=kPU1jkQAAAAJ:M3NEmzRMIkIC,,"GS Lehal, C Singh, R Dhir",,
Dr Renu Dhir,MaCO: A Tool For Aiding Management Of Cost Overrun Of A Software Development Project,,https://scholar.google.com/citations?view_op=view_citation&hl=en&user=kPU1jkQAAAAJ&cstart=100&pagesize=100&sortby=pubdate&citation_for_view=kPU1jkQAAAAJ:r0BpntZqJG4C,,"K Jeet, R Dhir",,
Dr Renu Dhir,A Spatial Domain Approach of Fingerprinting for Colored Digital Images,,https://scholar.google.com/citations?view_op=view_citation&hl=en&user=kPU1jkQAAAAJ&cstart=100&pagesize=100&sortby=pubdate&citation_for_view=kPU1jkQAAAAJ:_Qo2XoVZTnwC,,"V Mehan, R Dhir, YS Brar",,
Dr Renu Dhir,Implementation of Colored CAPTCHA,,https://scholar.google.com/citations?view_op=view_citation&hl=en&user=kPU1jkQAAAAJ&cstart=100&pagesize=100&sortby=pubdate&citation_for_view=kPU1jkQAAAAJ:hC7cP41nSMkC,"Assistant Professor, Dept of Computer Science SRPA Adarsh Bhartiya College …, 0","M Kumar, R Dhir",1,
Dr Urvashi Bansal,Unified Quantitative Evaluation of System Severity: Leveraging Time to Compromise and Cost-Benefit Analysis for Enhanced vulnerability Risk Assessment,2025,https://scholar.google.com/citations?view_op=view_citation&hl=en&user=1dpDSxIAAAAJ&pagesize=100&sortby=pubdate&citation_for_view=1dpDSxIAAAAJ:HDshCWvjkbEC,"Journal of Network and Systems Management 33 (4), 100, 2025","Jyoti, U Bansal, G Sikka, LK Awasthi, HK Verma",,
Dr Urvashi Bansal,Unveiling vulnerabilities: evading YOLOv5 object detection through adversarial perturbations and steganography,2024,https://scholar.google.com/citations?view_op=view_citation&hl=en&user=1dpDSxIAAAAJ&pagesize=100&sortby=pubdate&citation_for_view=1dpDSxIAAAAJ:ZeXyd9-uunAC,"Multimedia Tools and Applications 83 (30), 74281-74300, 2024","G Sharma, U Garg",2,
Dr Urvashi Bansal,A Review on Digital Image Forgery Detection,2024,https://scholar.google.com/citations?view_op=view_citation&hl=en&user=1dpDSxIAAAAJ&pagesize=100&sortby=pubdate&citation_for_view=1dpDSxIAAAAJ:qUcmZB5y_30C,"Advances in Networks, Intelligence and Computing, 766-775, 2024","R Yadav, U Garg",,
Dr Urvashi Bansal,Breaking through the mist: an in-depth analysis of task scheduling techniques in fog computing,2024,https://scholar.google.com/citations?view_op=view_citation&hl=en&user=1dpDSxIAAAAJ&pagesize=100&sortby=pubdate&citation_for_view=1dpDSxIAAAAJ:IWHjjKOFINEC,"Advances in Networks, Intelligence and Computing, 631-642, 2024","R Thakur, U Garg, G Sikka",,
Dr Urvashi Bansal,Explainable AI: to reveal the logic of black-box models,2024,https://scholar.google.com/citations?view_op=view_citation&hl=en&user=1dpDSxIAAAAJ&pagesize=100&sortby=pubdate&citation_for_view=1dpDSxIAAAAJ:_kc_bZDykSQC,"New Generation Computing 42 (1), 53-87, 2024","Chinu, U Bansal",24,
Dr Urvashi Bansal,"A systematic literature review of Internet of Video Things: Trends, techniques, datasets, and framework",2023,https://scholar.google.com/citations?view_op=view_citation&hl=en&user=1dpDSxIAAAAJ&pagesize=100&sortby=pubdate&citation_for_view=1dpDSxIAAAAJ:L8Ckcad2t8MC,"Internet of Things 24, 1-21, 2023",U Nisha Gautam,4,
Dr Urvashi Bansal,An adaptive randomized and secured approach against adversarial attacks,2023,https://scholar.google.com/citations?view_op=view_citation&hl=en&user=1dpDSxIAAAAJ&pagesize=100&sortby=pubdate&citation_for_view=1dpDSxIAAAAJ:kNdYIx-mwKoC,"Information Security Journal: A Global Perspective 32 (6), 401-416, 2023","L Dhamija, U Garg",2,
Dr Urvashi Bansal,Quantitative evaluation of extensive vulnerability set using cost benefit analysis,2023,https://scholar.google.com/citations?view_op=view_citation&hl=en&user=1dpDSxIAAAAJ&pagesize=100&sortby=pubdate&citation_for_view=1dpDSxIAAAAJ:4TOpqqG69KYC,"IEEE Transactions on Dependable and Secure Computing 21 (1), 298-308, 2023","U Bansal, G Sikka, LK Awasthi, B Bhargava",3,
Dr Urvashi Bansal,Chained Dual-Generative Adversarial Network: A Generalized Defense Against Adversarial Attacks.,2023,https://scholar.google.com/citations?view_op=view_citation&hl=en&user=1dpDSxIAAAAJ&pagesize=100&sortby=pubdate&citation_for_view=1dpDSxIAAAAJ:dhFuZR0502QC,"Computers, Materials & Continua 74 (2), 2023","AB Singh, LK Awasthi, M Shorfuzzaman, A Alsufyani, M Uddin",2,
Dr Urvashi Bansal,Defense against adversarial attacks using chained dual-GAN approach,2022,https://scholar.google.com/citations?view_op=view_citation&hl=en&user=1dpDSxIAAAAJ&pagesize=100&sortby=pubdate&citation_for_view=1dpDSxIAAAAJ:qxL8FJ1GzNcC,"Smart Data Intelligence: Proceedings of ICSMDI 2022, 121-133, 2022","AB Singh, LK Awasthi, Urvashi",4,
Dr Urvashi Bansal,Diagnosis of Brain Tumor Using Light Weight Deep Learning Model with Fine-Tuning Approach,2022,https://scholar.google.com/citations?view_op=view_citation&hl=en&user=1dpDSxIAAAAJ&pagesize=100&sortby=pubdate&citation_for_view=1dpDSxIAAAAJ:7PzlFSSx8tAC,"Computational and Mathematical Methods in Medicine 2022, 2022","KL Tejas Shelatkar,Dr. Urvashi,Mohammad Shorfuzzaman ,Abdulmajeed Alsufyani",,
Dr Urvashi Bansal,An artificial intelligence approach for expurgating edible and non-edible items,2022,https://scholar.google.com/citations?view_op=view_citation&hl=en&user=1dpDSxIAAAAJ&pagesize=100&sortby=pubdate&citation_for_view=1dpDSxIAAAAJ:MXK_kJrjxJIC,"Frontiers in Public Health 9, 825468, 2022","D Kumar, U Bansal, RS Alroobaea, AM Baqasah, M Hedabou",3,
Dr Urvashi Bansal,An artificial intelligence approach toward food spoilage detection and analysis,2022,https://scholar.google.com/citations?view_op=view_citation&hl=en&user=1dpDSxIAAAAJ&pagesize=100&sortby=pubdate&citation_for_view=1dpDSxIAAAAJ:8k81kl-MbHgC,"Frontiers in Public Health 9, 816226, 2022","E Sonwani, U Bansal, R Alroobaea, AM Baqasah, M Hedabou",109,
Dr Urvashi Bansal,Modified SIMON Approach towards Lightweight Cryptography Scheme for Multi Data Key Pair Combination.,2022,https://scholar.google.com/citations?view_op=view_citation&hl=en&user=1dpDSxIAAAAJ&pagesize=100&sortby=pubdate&citation_for_view=1dpDSxIAAAAJ:M3ejUd6NZC8C,"ACI@ ISIC, 188-196, 2022","A Kadukar, U Bansal",1,
Dr Urvashi Bansal,Diagnosis of Brain Tumor Using Light Weight Deep Learning Model with Fine‐Tuning Approach,2022,https://scholar.google.com/citations?view_op=view_citation&hl=en&user=1dpDSxIAAAAJ&pagesize=100&sortby=pubdate&citation_for_view=1dpDSxIAAAAJ:3fE2CSJIrl8C,"Computational and Mathematical Methods in Medicine 2022 (1), 2858845, 2022","T Shelatkar, Urvashi, M Shorfuzzaman, A Alsufyani, K Lakshmanna",89,
Dr Urvashi Bansal,An ensemble approach for optimization of penetration layout in wide area networks,2021,https://scholar.google.com/citations?view_op=view_citation&hl=en&user=1dpDSxIAAAAJ&pagesize=100&sortby=pubdate&citation_for_view=1dpDSxIAAAAJ:hqOjcs7Dif8C,"Computer Communications 174, 61-74, 2021","U Garg, G Sikka, LK Awasthi",1,
Dr Urvashi Bansal,A review on ransomware attack,2021,https://scholar.google.com/citations?view_op=view_citation&hl=en&user=1dpDSxIAAAAJ&pagesize=100&sortby=pubdate&citation_for_view=1dpDSxIAAAAJ:Zph67rFs4hoC,"2021 2nd International Conference on Secure Cyber Computing and …, 2021",U Bansal,24,
Dr Urvashi Bansal,Emotion Sentiment Analysis of Indian Twitter-Data of COVID-19 After Lockdown,2021,https://scholar.google.com/citations?view_op=view_citation&hl=en&user=1dpDSxIAAAAJ&pagesize=100&sortby=pubdate&citation_for_view=1dpDSxIAAAAJ:KlAtU1dfN6UC,"2021 2nd International Conference on Secure Cyber Computing and …, 2021","D Kumar, U Bansal",2,
Dr Urvashi Bansal,Gait based age estimation using lenet-50 inspired gait-net,2021,https://scholar.google.com/citations?view_op=view_citation&hl=en&user=1dpDSxIAAAAJ&pagesize=100&sortby=pubdate&citation_for_view=1dpDSxIAAAAJ:5nxA0vEk-isC,"International Journal of Advanced Engineering Research and Science 8 (8 …, 2021","T ul Islam, LK Awasthi, U Garg",4,
Dr Urvashi Bansal,Empirical risk assessment of attack graphs using time to compromise framework,2021,https://scholar.google.com/citations?view_op=view_citation&hl=en&user=1dpDSxIAAAAJ&pagesize=100&sortby=pubdate&citation_for_view=1dpDSxIAAAAJ:0EnyYjriUFMC,"International Journal of Information and Computer Security 16 (1-2), 33-50, 2021","U Garg, G Sikka, LK Awasthi",4,
Dr Urvashi Bansal,Behavior-based approach for fog data analytics: an approach toward security and privacy,2020,https://scholar.google.com/citations?view_op=view_citation&hl=en&user=1dpDSxIAAAAJ&pagesize=100&sortby=pubdate&citation_for_view=1dpDSxIAAAAJ:YOwf2qJgpHMC,"Fog Data Analytics for IoT Applications: Next Generation Process Model with …, 2020","Urvashi, LK Awasthi, G Sikka",3,
Dr Urvashi Bansal,Gender and age estimation from gait: A review,2020,https://scholar.google.com/citations?view_op=view_citation&hl=en&user=1dpDSxIAAAAJ&pagesize=100&sortby=pubdate&citation_for_view=1dpDSxIAAAAJ:UebtZRa9Y70C,"International Conference on Innovative Computing and Communications …, 2020","TU Islam, LK Awasthi, U Garg",13,
Dr Urvashi Bansal,Analyzing Complex Non-Trivial Network using Attack Set Generation by Genetic Algorithm,2018,https://scholar.google.com/citations?view_op=view_citation&hl=en&user=1dpDSxIAAAAJ&pagesize=100&sortby=pubdate&citation_for_view=1dpDSxIAAAAJ:WF5omc3nYNoC,"2018 First International Conference on Secure Cyber Computing and …, 2018","JS Aidan, U Garg",1,
Dr Urvashi Bansal,Advanced Petya ransomware and mitigation strategies,2018,https://scholar.google.com/citations?view_op=view_citation&hl=en&user=1dpDSxIAAAAJ&pagesize=100&sortby=pubdate&citation_for_view=1dpDSxIAAAAJ:eQOLeE2rZwMC,"2018 First International Conference on Secure Cyber Computing and …, 2018","JS Aidan, U Garg",13,
Dr Urvashi Bansal,A systematic review of attack graph generation and analysis techniques,2018,https://scholar.google.com/citations?view_op=view_citation&hl=en&user=1dpDSxIAAAAJ&pagesize=100&sortby=pubdate&citation_for_view=1dpDSxIAAAAJ:YsMSGLbcyi4C,"Computer and Cyber Security, 115-146, 2018","U Garg, G Sikka, LK Awasthi",7,
Dr Urvashi Bansal,Empirical analysis of attack graphs for mitigating critical paths and vulnerabilities,2018,https://scholar.google.com/citations?view_op=view_citation&hl=en&user=1dpDSxIAAAAJ&pagesize=100&sortby=pubdate&citation_for_view=1dpDSxIAAAAJ:Y0pCki6q_DkC,"Computers & Security 77, 349-359, 2018","U Garg, G Sikka, LK Awasthi",27,
Dr Urvashi Bansal,Inter-Dependent Effect Of Vulnerabilities For Generation Of Effective Attack Path Score,2015,https://scholar.google.com/citations?view_op=view_citation&hl=en&user=1dpDSxIAAAAJ&pagesize=100&sortby=pubdate&citation_for_view=1dpDSxIAAAAJ:IjCSPb-OGe4C,"International Journal of Applied Engineering Research 10 (8), 21487-21499, 2015","U Garg, S Bansal, SK Deepak Prashar",3,
Dr Urvashi Bansal,Fingerprint Matching Algorith musing Advanced Pre-Processing Technique,2015,https://scholar.google.com/citations?view_op=view_citation&hl=en&user=1dpDSxIAAAAJ&pagesize=100&sortby=pubdate&citation_for_view=1dpDSxIAAAAJ:2osOgNQ5qMEC,"International Journal of Applied Engineering Research 10 (11), 28263-28271, 2015",UG Sarbjit Kaur,,
Dr Urvashi Bansal,Advanced Eclat Algorithm for Frequent Itemsets Generation,2015,https://scholar.google.com/citations?view_op=view_citation&hl=en&user=1dpDSxIAAAAJ&pagesize=100&sortby=pubdate&citation_for_view=1dpDSxIAAAAJ:9yKSN-GCB0IC,"International Journal of Applied Engineering Research 10 (9), 23263-23279, 2015","SK Manjit Kaur, Urvashi Garg",24,
Dr Urvashi Bansal,ECLAT Algorithm for Frequent Itemsets Generation,2014,https://scholar.google.com/citations?view_op=view_citation&hl=en&user=1dpDSxIAAAAJ&pagesize=100&sortby=pubdate&citation_for_view=1dpDSxIAAAAJ:qjMakFHDy7sC,"International Journal of Computer Systems 1 (3), 82-84, 2014",UG Manjit kaur,37,
Dr Urvashi Bansal,User Authentication By using Advanced Key Stroke Recognition,2014,https://scholar.google.com/citations?view_op=view_citation&hl=en&user=1dpDSxIAAAAJ&pagesize=100&sortby=pubdate&citation_for_view=1dpDSxIAAAAJ:UeHWp8X0CEIC,"International Journal of Engineering Research & Technology (IJERT) 3 (10 …, 2014",UG Deepika Sharma,,
Dr Urvashi Bansal,Vulnerability Analysis in Attack Graphs Using Conditional Probability,2013,https://scholar.google.com/citations?view_op=view_citation&hl=en&user=1dpDSxIAAAAJ&pagesize=100&sortby=pubdate&citation_for_view=1dpDSxIAAAAJ:d1gkVwhDpl0C,"International Journal of Soft Computing and Engineering (IJSCE) 3 (2), 18-21, 2013","GS Pankaj Chejara, Urvashi Garg",12,
Dr Urvashi Bansal,User authentication using keystroke recognition,2012,https://scholar.google.com/citations?view_op=view_citation&hl=en&user=1dpDSxIAAAAJ&pagesize=100&sortby=pubdate&citation_for_view=1dpDSxIAAAAJ:u5HHmVD_uO8C,"Proceedings of international conference on advances in computing, 131-136, 2012","U Garg, YK Meena",10,
Dr Banalaxmi Brahma,Language Identification in Audio with Mel-Frequency Cepstral Coefficients and Multi-Head Long Short-Term Memory,2025,https://scholar.google.com/citations?view_op=view_citation&hl=en&user=HD958GcAAAAJ&pagesize=100&sortby=pubdate&citation_for_view=HD958GcAAAAJ:roLk4NBRz8UC,"Procedia Computer Science 260, 406-414, 2025","P Inagala, C Aggarwal, S Solanki, B Brahma",,
Dr Banalaxmi Brahma,An online approach for cooperative cache updating and forwarding in mobile edge network,2025,https://scholar.google.com/citations?view_op=view_citation&hl=en&user=HD958GcAAAAJ&pagesize=100&sortby=pubdate&citation_for_view=HD958GcAAAAJ:Y0pCki6q_DkC,"Wireless Networks 31 (1), 149-163, 2025","MK Somesula, B Brahma, MR Raju, SK Mothku",6,
Dr Banalaxmi Brahma,Automatic modulation classification for CR using deep learning,2024,https://scholar.google.com/citations?view_op=view_citation&hl=en&user=HD958GcAAAAJ&pagesize=100&sortby=pubdate&citation_for_view=HD958GcAAAAJ:YsMSGLbcyi4C,"SN Computer Science 5 (8), 1061, 2024","S Solanki, B Brahma, YP Singh",2,
Dr Banalaxmi Brahma,Service caching and user association in cache enabled multi-UAV assisted MEN for latency-sensitive applications,2024,https://scholar.google.com/citations?view_op=view_citation&hl=en&user=HD958GcAAAAJ&pagesize=100&sortby=pubdate&citation_for_view=HD958GcAAAAJ:W7OEmFMy1HYC,"Computers and Electrical Engineering 119, 109606, 2024","MK Somesula, MR Raju, MR Dorsala, B Brahma, SK Mothku",4,
Dr Banalaxmi Brahma,Deep Learning for Enhanced Spectrum Sensing in Cognitive Radio Networks with Blockchain-based Security,2024,https://scholar.google.com/citations?view_op=view_citation&hl=en&user=HD958GcAAAAJ&pagesize=100&sortby=pubdate&citation_for_view=HD958GcAAAAJ:WF5omc3nYNoC,"2024 IEEE International Conference on Blockchain and Distributed Systems …, 2024","S Solanki, B Brahma",,
Dr Banalaxmi Brahma,Adam Lyrebird Optimization-Based DLSTM for Solar Irradiance Prediction Using Time Series Data,2024,https://scholar.google.com/citations?view_op=view_citation&hl=en&user=HD958GcAAAAJ&pagesize=100&sortby=pubdate&citation_for_view=HD958GcAAAAJ:ufrVoPGSRksC,"International Conference on Computing, Communication and Learning, 17-30, 2024","V Gautam, B Brahma",,
Dr Banalaxmi Brahma,Deep Learning Methods for Accurate Modulation Recognition in Radio Signals,2024,https://scholar.google.com/citations?view_op=view_citation&hl=en&user=HD958GcAAAAJ&pagesize=100&sortby=pubdate&citation_for_view=HD958GcAAAAJ:LkGwnXOMwfcC,"World Conference on Information Systems for Business Management, 471-480, 2024","S Solanki, B Brahma, P Mittal, G Kumawat, HK Shakya, Y Pratap Singh",,
Dr Banalaxmi Brahma,AI-Based Model for Detection and Classification of Alzheimer Disease,2023,https://scholar.google.com/citations?view_op=view_citation&hl=en&user=HD958GcAAAAJ&pagesize=100&sortby=pubdate&citation_for_view=HD958GcAAAAJ:zYLM7Y9cAGgC,"2023 IEEE International Conference on Computer Vision and Machine …, 2023","S Kumar, NP Singh, B Brahma",4,
Dr Banalaxmi Brahma,A residual ensemble learning approach for solar irradiance forecasting,2023,https://scholar.google.com/citations?view_op=view_citation&hl=en&user=HD958GcAAAAJ&pagesize=100&sortby=pubdate&citation_for_view=HD958GcAAAAJ:IjCSPb-OGe4C,"Multimedia Tools and Applications 82 (21), 33087-33109, 2023","B Brahma, R Wadhvani",5,
Dr Banalaxmi Brahma,Visualizing solar irradiance data in ArcGIS and forecasting based on a novel deep neural network mechanism,2022,https://scholar.google.com/citations?view_op=view_citation&hl=en&user=HD958GcAAAAJ&pagesize=100&sortby=pubdate&citation_for_view=HD958GcAAAAJ:qjMakFHDy7sC,"Multimedia Tools and Applications 81 (7), 9015-9043, 2022","B Brahma, R Wadhvani",7,
Dr Banalaxmi Brahma,Attention mechanism for developing wind speed and solar irradiance forecasting models,2021,https://scholar.google.com/citations?view_op=view_citation&hl=en&user=HD958GcAAAAJ&pagesize=100&sortby=pubdate&citation_for_view=HD958GcAAAAJ:9yKSN-GCB0IC,"Wind Engineering 45 (6), 1422-1432, 2021","B Brahma, R Wadhvani, S Shukla",9,
Dr Banalaxmi Brahma,Generating data for real world time series application with GRU-based conditional GAN,2021,https://scholar.google.com/citations?view_op=view_citation&hl=en&user=HD958GcAAAAJ&pagesize=100&sortby=pubdate&citation_for_view=HD958GcAAAAJ:UeHWp8X0CEIC,"Proceedings of International Conference on Data Science and Applications …, 2021","P Khare, R Wadhvani, M Gyanchandani, B Brahma",1,
Dr Banalaxmi Brahma,Forecasting of Financial Time Series Data,2021,https://scholar.google.com/citations?view_op=view_citation&hl=en&user=HD958GcAAAAJ&pagesize=100&sortby=pubdate&citation_for_view=HD958GcAAAAJ:_FxGoFyzp5QC,"Internet of Things and Connected Technologies: Conference Proceedings on 5th …, 2021","Y Shali, B Brahma, R Wadhvani",,
Dr Banalaxmi Brahma,Solar Irradiance Forecasting Based on Deep Learning Methodologies and Multi-Site Data,2020,https://scholar.google.com/citations?view_op=view_citation&hl=en&user=HD958GcAAAAJ&pagesize=100&sortby=pubdate&citation_for_view=HD958GcAAAAJ:d1gkVwhDpl0C,"Symmetry 12 (11), 1830, 2020","B Brahma, R Wadhvani",148,
Dr Banalaxmi Brahma,Attention LSTM for Time Series Forecasting of Financial Time Series Data,2020,https://scholar.google.com/citations?view_op=view_citation&hl=en&user=HD958GcAAAAJ&pagesize=100&sortby=pubdate&citation_for_view=HD958GcAAAAJ:2osOgNQ5qMEC,"International Conference on Internet of Things and Connected Technologies, 74-84, 2020","Y Shali, B Brahma, R Wadhvani, M Gyanchandani",,
Dr Banalaxmi Brahma,Time Series Forecasting: A Comparison of Deep Neural Network Techniques,2020,https://scholar.google.com/citations?view_op=view_citation&hl=en&user=HD958GcAAAAJ&pagesize=100&sortby=pubdate&citation_for_view=HD958GcAAAAJ:u-x6o8ySG0sC,"Solid State Technology 63 (6), 1747-1761, 2020","B Brahma, R Wadhvani",4,
Dr Banalaxmi Brahma,Training RNN and it’s Variants Using Sliding Window Technique,2020,https://scholar.google.com/citations?view_op=view_citation&hl=en&user=HD958GcAAAAJ&pagesize=100&sortby=pubdate&citation_for_view=HD958GcAAAAJ:u5HHmVD_uO8C,"2020 IEEE International Students' Conference on Electrical, Electronics and …, 2020","P Khandelwal, J Konar, B Brahma",12,
Dr Banalaxmi Brahma,Investigation of dataset characteristics for design of RNN Models in time series applications,,https://scholar.google.com/citations?view_op=view_citation&hl=en&user=HD958GcAAAAJ&pagesize=100&sortby=pubdate&citation_for_view=HD958GcAAAAJ:Tyk-4Ss8FVUC,"Bhopal, 0",B Brahma,,
Dr Armaan Garg,AMAF-CD: A Game-Changing Approach for Optimizing Squad Movement in StarCraft,2025,https://scholar.google.com/citations?view_op=view_citation&hl=en&user=W2lbSSMAAAAJ&pagesize=100&sortby=pubdate&citation_for_view=W2lbSSMAAAAJ:roLk4NBRz8UC,"Proceedings of the 8th International Conference on Data Science and …, 2025","A Kumar, A Virdi, N Sharma, A Garg, SS Jha",,
Dr Armaan Garg,Attentive A* for Visual Cue Based Path Planning in Complex Environments,2024,https://scholar.google.com/citations?view_op=view_citation&hl=en&user=W2lbSSMAAAAJ&pagesize=100&sortby=pubdate&citation_for_view=W2lbSSMAAAAJ:_FxGoFyzp5QC,"Workshop on Agents and Robots for reliable Engineered Autonomy, 128-144, 2024","A Kumar, K Verma, A Garg, SS Jha",,
Dr Armaan Garg,Planning in Complex Environments,2024,https://scholar.google.com/citations?view_op=view_citation&hl=en&user=W2lbSSMAAAAJ&pagesize=100&sortby=pubdate&citation_for_view=W2lbSSMAAAAJ:LkGwnXOMwfcC,"Agents and Robots for reliable Engineered Autonomy: 4th Workshop, AREA 2024 …, 2024","A Kumar, K Verma, A Garg, SS Jhab",,
Dr Armaan Garg,Multi-Unmanned Aerial Vehicle-Assisted Flood Navigation of Waterborne Vehicles Using Deep Reinforcement Learning,2024,https://scholar.google.com/citations?view_op=view_citation&hl=en&user=W2lbSSMAAAAJ&pagesize=100&sortby=pubdate&citation_for_view=W2lbSSMAAAAJ:ufrVoPGSRksC,"Journal of Computing and Information Science in Engineering 24 (10), 101003, 2024","A Garg, SS Jha",2,
Dr Armaan Garg,Learning continuous multi-UAV controls with directed explorations for flood area coverage,2024,https://scholar.google.com/citations?view_op=view_citation&hl=en&user=W2lbSSMAAAAJ&pagesize=100&sortby=pubdate&citation_for_view=W2lbSSMAAAAJ:WF5omc3nYNoC,"Robotics and Autonomous Systems 180, 104774, 2024","A Garg, SS Jha",7,
Dr Armaan Garg,Learning multi-uav policies using deep reinforcement learning for flood area coverage and object tracking,2024,https://scholar.google.com/citations?view_op=view_citation&hl=en&user=W2lbSSMAAAAJ&pagesize=100&sortby=pubdate&citation_for_view=W2lbSSMAAAAJ:Se3iqnhoufwC,,A Garg,,
Dr Armaan Garg,Real-Time Serviceable Path Planning using UAVs for Waterborne Vehicle Navigation during Floods,2023,https://scholar.google.com/citations?view_op=view_citation&hl=en&user=W2lbSSMAAAAJ&pagesize=100&sortby=pubdate&citation_for_view=W2lbSSMAAAAJ:W7OEmFMy1HYC,"6th International Conference on Advances in Robotics, Pages 1–6, 2023",SSJ Armaan Garg,2,
Dr Armaan Garg,Decentralized Critical Area coverage using multi-UAV system with guided explorations during floods,2023,https://scholar.google.com/citations?view_op=view_citation&hl=en&user=W2lbSSMAAAAJ&pagesize=100&sortby=pubdate&citation_for_view=W2lbSSMAAAAJ:Tyk-4Ss8FVUC,"2023 IEEE 19th International Conference on Automation Science and …, 2023","A Garg, SS Jha",2,
Dr Armaan Garg,Deep deterministic policy gradient based multi-UAV control for moving convoy tracking,2023,https://scholar.google.com/citations?view_op=view_citation&hl=en&user=W2lbSSMAAAAJ&pagesize=100&sortby=pubdate&citation_for_view=W2lbSSMAAAAJ:zYLM7Y9cAGgC,"Engineering Applications of Artificial Intelligence 126 (D), 107099, 2023","A Garg, SS Jha",20,
Dr Armaan Garg,Autonomous Flood Area Coverage using Decentralized Multi-UAV System with Directed Explorations,2023,https://scholar.google.com/citations?view_op=view_citation&hl=en&user=W2lbSSMAAAAJ&pagesize=100&sortby=pubdate&citation_for_view=W2lbSSMAAAAJ:IjCSPb-OGe4C,"Adaptive and Learning Agents (ALA 2023) In 22nd International Conference on …, 2023","A Garg, SS Jha",1,
Dr Armaan Garg,Addressing Data Intrinsic Characteristics for Augmentation for Breast Cancer Classification,2023,https://scholar.google.com/citations?view_op=view_citation&hl=en&user=W2lbSSMAAAAJ&pagesize=100&sortby=pubdate&citation_for_view=W2lbSSMAAAAJ:qjMakFHDy7sC,"6th Joint International Conference on Data Science & Management of Data …, 2023",A Garg,,
Dr Armaan Garg,Directed explorations during flood disasters using multi-uav system,2022,https://scholar.google.com/citations?view_op=view_citation&hl=en&user=W2lbSSMAAAAJ&pagesize=100&sortby=pubdate&citation_for_view=W2lbSSMAAAAJ:UeHWp8X0CEIC,"2022 IEEE 18th International Conference on Automation Science and …, 2022","A Garg, SS Jha",8,
Dr Armaan Garg,On learning multi-UAV policy for multi-object tracking and formation control,2021,https://scholar.google.com/citations?view_op=view_citation&hl=en&user=W2lbSSMAAAAJ&pagesize=100&sortby=pubdate&citation_for_view=W2lbSSMAAAAJ:u5HHmVD_uO8C,"2021 IEEE 18th India Council International Conference (INDICON), 1-6, 2021","P Kaushik, A Garg, SS Jha",8,
Dr Armaan Garg,Classification of imbalanced data: Addressing data intrinsic characteristics,2019,https://scholar.google.com/citations?view_op=view_citation&hl=en&user=W2lbSSMAAAAJ&pagesize=100&sortby=pubdate&citation_for_view=W2lbSSMAAAAJ:d1gkVwhDpl0C,"International Conference on Futuristic Trends in Networks and Computing …, 2019","A Garg, V Aggarwal, N Taneja",1,
Dr LALATENDU BEHERA,Prediction of Failure in Scania Truck Due to Air Pressure System Failure,2024,https://scholar.google.com/citations?view_op=view_citation&hl=en&user=g6YyO3gAAAAJ&pagesize=100&sortby=pubdate&citation_for_view=g6YyO3gAAAAJ:zYLM7Y9cAGgC,"International Conference on Distributed Computing and Intelligent Technology …, 2024","P Singh, L Behera",1,
Dr LALATENDU BEHERA,An Efficient Fog Computing Platform Through Genetic Algorithm-Based Scheduling,2023,https://scholar.google.com/citations?view_op=view_citation&hl=en&user=g6YyO3gAAAAJ&pagesize=100&sortby=pubdate&citation_for_view=g6YyO3gAAAAJ:UeHWp8X0CEIC,"International Conference on MAchine inTelligence for Research & Innovations …, 2023","S Chauhan, CK Swain, L Behera",,
Dr LALATENDU BEHERA,Predictive Modeling of Cardiovascular Disease using Machine Learning Techniques,2023,https://scholar.google.com/citations?view_op=view_citation&hl=en&user=g6YyO3gAAAAJ&pagesize=100&sortby=pubdate&citation_for_view=g6YyO3gAAAAJ:IjCSPb-OGe4C,"2023 Third International Conference on Secure Cyber Computing and …, 2023","S Bajaj, L Behera",3,
Dr LALATENDU BEHERA,A fault-tolerant time-triggered scheduling algorithm of mixed-criticality systems,2022,https://scholar.google.com/citations?view_op=view_citation&hl=en&user=g6YyO3gAAAAJ&pagesize=100&sortby=pubdate&citation_for_view=g6YyO3gAAAAJ:2osOgNQ5qMEC,"Computing 104 (3), 577-599, 2022",L Behera,12,
Dr LALATENDU BEHERA,MCDPS: An Improved Global Scheduling Algorithm for Multiprocessor Mixed-Criticality Systems,2022,https://scholar.google.com/citations?view_op=view_citation&hl=en&user=g6YyO3gAAAAJ&pagesize=100&sortby=pubdate&citation_for_view=g6YyO3gAAAAJ:qjMakFHDy7sC,"International Conference on Distributed Computing and Internet Technology …, 2022",L Behera,,
Dr LALATENDU BEHERA,An energy-efficient time-triggered scheduling algorithm for mixed-criticality systems,2020,https://scholar.google.com/citations?view_op=view_citation&hl=en&user=g6YyO3gAAAAJ&pagesize=100&sortby=pubdate&citation_for_view=g6YyO3gAAAAJ:d1gkVwhDpl0C,"Design Automation for Embedded Systems 24 (2), 79-109, 2020","L Behera, P Bhaduri",26,
Dr LALATENDU BEHERA,Time-triggered scheduling algorithms for mixed-criticality systems,2019,https://scholar.google.com/citations?view_op=view_citation&hl=en&user=g6YyO3gAAAAJ&pagesize=100&sortby=pubdate&citation_for_view=g6YyO3gAAAAJ:9yKSN-GCB0IC,,L Behera,,
Dr LALATENDU BEHERA,Time-triggered scheduling for multiprocessor mixed-criticality systems,2018,https://scholar.google.com/citations?view_op=view_citation&hl=en&user=g6YyO3gAAAAJ&pagesize=100&sortby=pubdate&citation_for_view=g6YyO3gAAAAJ:u-x6o8ySG0sC,"Distributed Computing and Internet Technology: 14th International Conference …, 2018","L Behera, P Bhaduri",11,
Dr LALATENDU BEHERA,Time-triggered scheduling of mixed-criticality systems,2017,https://scholar.google.com/citations?view_op=view_citation&hl=en&user=g6YyO3gAAAAJ&pagesize=100&sortby=pubdate&citation_for_view=g6YyO3gAAAAJ:u5HHmVD_uO8C,"ACM Transactions on Design Automation of Electronic Systems (TODAES) 22 (4 …, 2017","L Behera, P Bhaduri",8,
Dr Aruna Malik,Energy‐Efficient Cluster Head Selection in Heterogeneous WSNs Using Aquila Optimizer and Fuzzy Logic (AO‐FL),2025,https://scholar.google.com/citations?view_op=view_citation&hl=en&user=3D73AlMAAAAJ&pagesize=100&sortby=pubdate&citation_for_view=3D73AlMAAAAJ:fQNAKQ3IYiAC,"International Journal of Communication Systems 38 (16), 1-22, 2025","M Singh, A Malik",,
Dr Aruna Malik,Hippopotamus Optimization Algorithm‐Based Clustering Using Mobile Sink in Wireless Sensor Network,2025,https://scholar.google.com/citations?view_op=view_citation&hl=en&user=3D73AlMAAAAJ&pagesize=100&sortby=pubdate&citation_for_view=3D73AlMAAAAJ:LPZeul_q3PIC,"International Journal of Communication Systems 38 (16), e70268, 2025","A Kaushal, A Malik",,
Dr Aruna Malik,Dynamic Energy Management in Heterogeneous Sensor Networks Using Hippopotamus-Inspired Clustering,2025,https://scholar.google.com/citations?view_op=view_citation&hl=en&user=3D73AlMAAAAJ&pagesize=100&sortby=pubdate&citation_for_view=3D73AlMAAAAJ:eJXPG6dFmWUC,"IEEE Transactions on Network and Service Management, 2025","S Singh, A Malik, V Tyagi, R Kumar, N Kumar, S Khan, M Fazil",,
Dr Aruna Malik,A Green Node Structuring Protocol for IoT-WSNs Based on Hybrid Fairy-Wren Optimization Theory,2025,https://scholar.google.com/citations?view_op=view_citation&hl=en&user=3D73AlMAAAAJ&pagesize=100&sortby=pubdate&citation_for_view=3D73AlMAAAAJ:VOx2b1Wkg3QC,"IEEE Internet of Things Journal, 2025","A Malik, S Singh, R Kumar, AK Rai, N Kumar",,
Dr Aruna Malik,CRSFTS: A Fault-Tolerant and Load-Balanced Scheduling Algorithm for Fog Computing,2025,https://scholar.google.com/citations?view_op=view_citation&hl=en&user=3D73AlMAAAAJ&pagesize=100&sortby=pubdate&citation_for_view=3D73AlMAAAAJ:8AbLer7MMksC,"2025 International Conference on Electronics, AI and Computing (EAIC), 1-6, 2025",A Malik,,
Dr Aruna Malik,"Federated Learning for Privacy-Preserving Diabetes Prediction: Challenges, Solutions, and Future Directions",2025,https://scholar.google.com/citations?view_op=view_citation&hl=en&user=3D73AlMAAAAJ&pagesize=100&sortby=pubdate&citation_for_view=3D73AlMAAAAJ:B3FOqHPlNUQC,"2025 International Conference on Electronics, AI and Computing (EAIC), 1-6, 2025","M Kumar, A Malik",,
Dr Aruna Malik,Trends in energy efficient hierarchical clustering for wireless sensor networks: from LEACH enhancements to multi-level protocols in emerging IoT applications,2025,https://scholar.google.com/citations?view_op=view_citation&hl=en&user=3D73AlMAAAAJ&pagesize=100&sortby=pubdate&citation_for_view=3D73AlMAAAAJ:4fKUyHm3Qg0C,"2025 International Conference on Electronics, AI and Computing (EAIC), 1-6, 2025","A Pandey, A Malik",,
Dr Aruna Malik,EFLB‐IIoT: Enhanced Flow Control and Load Balancing Approach for SDN‐Enabled Industrial Internet‐of‐Things,2025,https://scholar.google.com/citations?view_op=view_citation&hl=en&user=3D73AlMAAAAJ&pagesize=100&sortby=pubdate&citation_for_view=3D73AlMAAAAJ:geHnlv5EZngC,"International Journal of Communication Systems 38 (6), e70043, 2025","S Kumar, A Malik",2,
Dr Aruna Malik,4 A Blockchain Enabled,2025,https://scholar.google.com/citations?view_op=view_citation&hl=en&user=3D73AlMAAAAJ&pagesize=100&sortby=pubdate&citation_for_view=3D73AlMAAAAJ:5Ul4iDaHHb8C,"Advances of Machine Learning for Knowledge Mining in Electronic Health …, 2025","A Gupta, A Malik, V Singh",,
Dr Aruna Malik,Detection of Minority Attacks in IOT Devices Using Recursive Feature Elimination Technique,2025,https://scholar.google.com/citations?view_op=view_citation&hl=en&user=3D73AlMAAAAJ&pagesize=100&sortby=pubdate&citation_for_view=3D73AlMAAAAJ:dshw04ExmUIC,"2025 3rd International Conference on Disruptive Technologies (ICDT), 1629-1633, 2025","S Bindra, A Malik, S Singh",,
Dr Aruna Malik,Improving Intrusion Detection for IoT Networks Using SMOTE and PCA on NSL-KDD Dataset,2025,https://scholar.google.com/citations?view_op=view_citation&hl=en&user=3D73AlMAAAAJ&pagesize=100&sortby=pubdate&citation_for_view=3D73AlMAAAAJ:3s1wT3WcHBgC,"2025 3rd International Conference on Disruptive Technologies (ICDT), 1623-1628, 2025","S Bindra, A Malik, S Singh",,
Dr Aruna Malik,High-fidelity reversible data hiding using novel comprehensive rhombus predictor,2025,https://scholar.google.com/citations?view_op=view_citation&hl=en&user=3D73AlMAAAAJ&pagesize=100&sortby=pubdate&citation_for_view=3D73AlMAAAAJ:ns9cj8rnVeAC,"Multimedia Tools and Applications 84 (8), 4115-4137, 2025","R Kumar, R Caldelli, KS Wong, A Malik, KH Jung",8,
Dr Aruna Malik,Genetic algorithm based data controlling method using IoT enabled WSNs,2025,https://scholar.google.com/citations?view_op=view_citation&hl=en&user=3D73AlMAAAAJ&pagesize=100&sortby=pubdate&citation_for_view=3D73AlMAAAAJ:K3LRdlH-MEoC,"Soft Computing, 1-18, 2025","S Singh, AS Nandan, G Sikka, A Malik, PK Singh",5,
Dr Aruna Malik,Advancements in Renewable Energy Harvesting for EV Charging Infrastructure,2025,https://scholar.google.com/citations?view_op=view_citation&hl=en&user=3D73AlMAAAAJ&pagesize=100&sortby=pubdate&citation_for_view=3D73AlMAAAAJ:sSrBHYA8nusC,"Optimized Energy Management Strategies for Electric Vehicles, 119-152, 2025","M Singh, R Sharma, R Singh, A Malik, PK Aggarwal",2,
Dr Aruna Malik,Transformer-Dilated ResUNet: An Efficient and Accurate Framework for Polyp Segmentation,2025,https://scholar.google.com/citations?view_op=view_citation&hl=en&user=3D73AlMAAAAJ&pagesize=100&sortby=pubdate&citation_for_view=3D73AlMAAAAJ:bFI3QPDXJZMC,"Procedia Computer Science 259, 1765-1772, 2025","S Gupta, G Sikka, A Malik, S Singh, V Tyagi",,
Dr Aruna Malik,An Innovative Interpolation Based Reversible Steganographic Technique,2025,https://scholar.google.com/citations?view_op=view_citation&hl=en&user=3D73AlMAAAAJ&pagesize=100&sortby=pubdate&citation_for_view=3D73AlMAAAAJ:pyW8ca7W8N0C,"Procedia Computer Science 259, 1855-1862, 2025","PS Sandhu, A Malik, S Singh, V Tyagi",,
Dr Aruna Malik,Optimizing secure data transmission in 6g-enabled iomt using blockchain integration,2024,https://scholar.google.com/citations?view_op=view_citation&hl=en&user=3D73AlMAAAAJ&pagesize=100&sortby=pubdate&citation_for_view=3D73AlMAAAAJ:WbkHhVStYXYC,"IEEE Transactions on Consumer Electronics, 2024","A Malik, V Tyagi, S Singh, R Kumar, H Wu, SS Gill",8,
Dr Aruna Malik,A Hybrid Seagull Optimization Algorithm for Effective Task Offloading in Edge Computing Systems,2024,https://scholar.google.com/citations?view_op=view_citation&hl=en&user=3D73AlMAAAAJ&pagesize=100&sortby=pubdate&citation_for_view=3D73AlMAAAAJ:P5F9QuxV20EC,"National Academy Science Letters, 1-10, 2024","A Sinha, S Singh, HK Verma",2,
Dr Aruna Malik,IoT based sensor network clustering for intelligent transportation system using meta‐heuristic algorithm,2024,https://scholar.google.com/citations?view_op=view_citation&hl=en&user=3D73AlMAAAAJ&pagesize=100&sortby=pubdate&citation_for_view=3D73AlMAAAAJ:RYcK_YlVTxYC,"Concurrency and Computation: Practice and Experience 36 (20), e8193, 2024","A Malik, S Singh, Manju, M Kumar, SS Gill",7,
Dr Aruna Malik,MS-EAR: A mobile sink based energy aware routing technique for SDN enabled WSNs,2024,https://scholar.google.com/citations?view_op=view_citation&hl=en&user=3D73AlMAAAAJ&pagesize=100&sortby=pubdate&citation_for_view=3D73AlMAAAAJ:Tiz5es2fbqcC,"Peer-to-Peer Networking and Applications 17 (5), 3314-3334, 2024","V Tyagi, S Singh",6,
Dr Aruna Malik,Multi speaker text-to-speech synthesis using generalized end-to-end loss function,2024,https://scholar.google.com/citations?view_op=view_citation&hl=en&user=3D73AlMAAAAJ&pagesize=100&sortby=pubdate&citation_for_view=3D73AlMAAAAJ:BqipwSGYUEgC,"Multimedia Tools and Applications 83 (24), 64205-64222, 2024","O Nazir, A Malik, S Singh, ASK Pathan",6,
Dr Aruna Malik,Detecting low-resolution deepfakes: an exploration of machine learning techniques,2024,https://scholar.google.com/citations?view_op=view_citation&hl=en&user=3D73AlMAAAAJ&pagesize=100&sortby=pubdate&citation_for_view=3D73AlMAAAAJ:YFjsv_pBGBYC,"Multimedia Tools and Applications 83 (25), 66283-66298, 2024","M Pandey, S Singh, A Malik, R Kumar",5,
Dr Aruna Malik,8 Multi-Hop Routing,2024,https://scholar.google.com/citations?view_op=view_citation&hl=en&user=3D73AlMAAAAJ&pagesize=100&sortby=pubdate&citation_for_view=3D73AlMAAAAJ:J_g5lzvAfSwC,"Software-Defined Network Frameworks: Security Issues and Use Cases, 121, 2024","M Singh, A Malik",,
Dr Aruna Malik,Multi-hop routing protocol in SDN-based wireless sensor network: a comprehensive survey,2024,https://scholar.google.com/citations?view_op=view_citation&hl=en&user=3D73AlMAAAAJ&pagesize=100&sortby=pubdate&citation_for_view=3D73AlMAAAAJ:RGFaLdJalmkC,"Software-Defined Network Frameworks, 121-141, 2024","M Singh, A Malik",7,
Dr Aruna Malik,A survey on blockchain based IoT forensic evidence preservation: research trends and current challenges,2024,https://scholar.google.com/citations?view_op=view_citation&hl=en&user=3D73AlMAAAAJ&pagesize=100&sortby=pubdate&citation_for_view=3D73AlMAAAAJ:NMxIlDl6LWMC,"Multimedia Tools and Applications 83 (14), 42413-42458, 2024","Sakshi, A Malik, AK Sharma",16,
Dr Aruna Malik,Analysis and Performance Evaluation of Routing Protocols using Sink Mobility in IoT-enabled Wireless Sensor Networks,2024,https://scholar.google.com/citations?view_op=view_citation&hl=en&user=3D73AlMAAAAJ&pagesize=100&sortby=pubdate&citation_for_view=3D73AlMAAAAJ:NhqRSupF_l8C,"IoT-enabled Sensor Networks: Architecture, Methodologies, Security, and …, 2024","S Singh, A Malik",4,
Dr Aruna Malik,IoT-Based Smart Indoor Navigation System with Voice Assistance for Museums,2023,https://scholar.google.com/citations?view_op=view_citation&hl=en&user=3D73AlMAAAAJ&pagesize=100&sortby=pubdate&citation_for_view=3D73AlMAAAAJ:u_35RYKgDlwC,"International Conference on Communication and Intelligent Systems, 449-457, 2023","Manju, S Singh, S Kumar",,
Dr Aruna Malik,Innovative image interpolation based reversible data hiding for secure communication,2023,https://scholar.google.com/citations?view_op=view_citation&hl=en&user=3D73AlMAAAAJ&pagesize=100&sortby=pubdate&citation_for_view=3D73AlMAAAAJ:blknAaTinKkC,"Discover Internet of Things 3 (1), 22, 2023","R Punia, A Malik, S Singh",9,
Dr Aruna Malik,An interpolation-based reversible data hiding scheme for internet of things applications,2023,https://scholar.google.com/citations?view_op=view_citation&hl=en&user=3D73AlMAAAAJ&pagesize=100&sortby=pubdate&citation_for_view=3D73AlMAAAAJ:JV2RwH3_ST0C,"Discover Internet of Things 3 (1), 18, 2023","R Punia, A Malik, S Singh",12,
Dr Aruna Malik,Robust Semi-supervised Medical Image Classification: Leveraging Reliable Pseudo-labels,2023,https://scholar.google.com/citations?view_op=view_citation&hl=en&user=3D73AlMAAAAJ&pagesize=100&sortby=pubdate&citation_for_view=3D73AlMAAAAJ:UxriW0iASnsC,"International Conference on Computer Vision and Image Processing, 27-38, 2023","D Kumar, G Sikka, S Singh",,
Dr Aruna Malik,Design of 3-D Pipe Routing for Internet of Things Networks Using Genetic Algorithm,2023,https://scholar.google.com/citations?view_op=view_citation&hl=en&user=3D73AlMAAAAJ&pagesize=100&sortby=pubdate&citation_for_view=3D73AlMAAAAJ:M3NEmzRMIkIC,"6G Enabled Fog Computing in IoT: Applications and Opportunities, 261-283, 2023","V Maan, A Malik, S Singh, D Sharma",,
Dr Aruna Malik,Blockchain-based digital chain of custody multimedia evidence preservation framework for internet-of-things,2023,https://scholar.google.com/citations?view_op=view_citation&hl=en&user=3D73AlMAAAAJ&pagesize=100&sortby=pubdate&citation_for_view=3D73AlMAAAAJ:isC4tDSrTZIC,"Journal of Information Security and Applications 77, 103579, 2023","A Malik, AK Sharma",23,
Dr Aruna Malik,A novel cluster head selection algorithm based IoT enabled heterogeneous WSNs distributed architecture for smart city,2023,https://scholar.google.com/citations?view_op=view_citation&hl=en&user=3D73AlMAAAAJ&pagesize=100&sortby=pubdate&citation_for_view=3D73AlMAAAAJ:_Qo2XoVZTnwC,"Microprocessors and Microsystems 101, 104892, 2023","S Singh, D Garg, A Malik",26,
Dr Aruna Malik,"An analysis study of security threats, vulnerabilities challenges of cyber-physical systems",2023,https://scholar.google.com/citations?view_op=view_citation&hl=en&user=3D73AlMAAAAJ&pagesize=100&sortby=pubdate&citation_for_view=3D73AlMAAAAJ:maZDTaKrznsC,"IoT, Big Data and AI for Improving Quality of Everyday Life: Present and …, 2023","JA Wani, S Sing, A Malik, PK Singh",1,
Dr Aruna Malik,Reversible data hiding with high visual quality using pairwise PVO and PEE,2023,https://scholar.google.com/citations?view_op=view_citation&hl=en&user=3D73AlMAAAAJ&pagesize=100&sortby=pubdate&citation_for_view=3D73AlMAAAAJ:e5wmG9Sq2KIC,"Multimedia Tools and Applications 82 (20), 30733-30758, 2023","N Kumar, R Kumar, A Malik, S Singh, KH Jung",22,
Dr Aruna Malik,A genetic-algorithm-based dynamic transmission of data for communicable disease in IoMT environment,2023,https://scholar.google.com/citations?view_op=view_citation&hl=en&user=3D73AlMAAAAJ&pagesize=100&sortby=pubdate&citation_for_view=3D73AlMAAAAJ:RHpTSmoSYBkC,"IEEE Internet of Things Journal 11 (1), 1427-1438, 2023","S Singh, AS Nandan, G Sikka, A Malik, N Kumar",24,
Dr Aruna Malik,Modified energy-proficient partial coverage methodology for optimizing coverage in WSN,2023,https://scholar.google.com/citations?view_op=view_citation&hl=en&user=3D73AlMAAAAJ&pagesize=100&sortby=pubdate&citation_for_view=3D73AlMAAAAJ:vV6vV6tmYwMC,"Multimedia Tools and Applications 82 (15), 22669-22685, 2023","Manju, S Singh",3,
Dr Aruna Malik,Multifactor authentication schemes for multiserver based wireless application: A review,2023,https://scholar.google.com/citations?view_op=view_citation&hl=en&user=3D73AlMAAAAJ&pagesize=100&sortby=pubdate&citation_for_view=3D73AlMAAAAJ:pqnbT2bcN3wC,"2023 Third International Conference on Secure Cyber Computing and …, 2023","Y Nogia, S Singh, V Tyagi",8,
Dr Aruna Malik,A review on deep learning-based polyp segmentation for efficient colorectal cancer screening,2023,https://scholar.google.com/citations?view_op=view_citation&hl=en&user=3D73AlMAAAAJ&pagesize=100&sortby=pubdate&citation_for_view=3D73AlMAAAAJ:TFP_iSt0sucC,"2023 Third International Conference on Secure Cyber Computing and …, 2023","S Gupta, G Sikka, A Malik",5,
Dr Aruna Malik,A review on fake news detection techniques,2023,https://scholar.google.com/citations?view_op=view_citation&hl=en&user=3D73AlMAAAAJ&pagesize=100&sortby=pubdate&citation_for_view=3D73AlMAAAAJ:bEWYMUwI8FkC,"2023 Third International Conference on Secure Cyber Computing and …, 2023","K Mandal, A Malik",1,
Dr Aruna Malik,An analysis of anomaly detection techniques for IoT devices: A review,2023,https://scholar.google.com/citations?view_op=view_citation&hl=en&user=3D73AlMAAAAJ&pagesize=100&sortby=pubdate&citation_for_view=3D73AlMAAAAJ:iH-uZ7U-co4C,"2023 Third International Conference on Secure Cyber Computing and …, 2023","S Bindra, A Malik",7,
Dr Aruna Malik,Review on cognitive computing techniques in healthcare,2023,https://scholar.google.com/citations?view_op=view_citation&hl=en&user=3D73AlMAAAAJ&pagesize=100&sortby=pubdate&citation_for_view=3D73AlMAAAAJ:r0BpntZqJG4C,"2023 Third International Conference on Secure Cyber Computing and …, 2023","H Kaur, A Malik",3,
Dr Aruna Malik,Performance Analysis of User Authentication Schemes in Wireless Sensor Networks,2023,https://scholar.google.com/citations?view_op=view_citation&hl=en&user=3D73AlMAAAAJ&pagesize=100&sortby=pubdate&citation_for_view=3D73AlMAAAAJ:l7t_Zn2s7bgC,"Proceedings of International Conference on Recent Innovations in Computing …, 2023","R Kumar, S Singh",,
Dr Aruna Malik,A Review on GIF-Based Steganography Techniques,2023,https://scholar.google.com/citations?view_op=view_citation&hl=en&user=3D73AlMAAAAJ&pagesize=100&sortby=pubdate&citation_for_view=3D73AlMAAAAJ:EUQCXRtRnyEC,"Proceedings of International Conference on Recent Innovations in Computing …, 2023","A Chola, LK Awasthi, S Singh",1,
Dr Aruna Malik,Multimedia information hiding method for AMBTC compressed images using LSB substitution technique,2023,https://scholar.google.com/citations?view_op=view_citation&hl=en&user=3D73AlMAAAAJ&pagesize=100&sortby=pubdate&citation_for_view=3D73AlMAAAAJ:R3hNpaxXUhUC,"Multimedia Tools and Applications 82 (6), 8623-8642, 2023","R Kumar, A Malik",8,
Dr Aruna Malik,A reversible data hiding technique using lower magnitude error channel pair selection,2023,https://scholar.google.com/citations?view_op=view_citation&hl=en&user=3D73AlMAAAAJ&pagesize=100&sortby=pubdate&citation_for_view=3D73AlMAAAAJ:TQgYirikUcIC,"Multimedia Tools and Applications 82 (6), 8467-8488, 2023","SR Brahma, S Singh, DK Gupta, A Malik",5,
Dr Aruna Malik,Encoder-Decoder Architecture for Image Steganography using Skip Connections.,2023,https://scholar.google.com/citations?view_op=view_citation&hl=en&user=3D73AlMAAAAJ&pagesize=100&sortby=pubdate&citation_for_view=3D73AlMAAAAJ:_xSYboBqXhAC,"Procedia Computer Science 218, 1122-1131, 2023","A Kumar, R Rani, S Singh",15,
Dr Aruna Malik,MPPT-EPO optimized solar energy harvesting for maximizing the WSN lifetime,2023,https://scholar.google.com/citations?view_op=view_citation&hl=en&user=3D73AlMAAAAJ&pagesize=100&sortby=pubdate&citation_for_view=3D73AlMAAAAJ:f2IySw72cVMC,"Peer-to-Peer Networking and Applications 16 (1), 347-357, 2023","P Gupta, S Tripathi, S Singh, VS Gupta",15,
Dr Aruna Malik,A secure and efficient computation based multifactor authentication scheme for Intelligent IoT-enabled WSNs,2023,https://scholar.google.com/citations?view_op=view_citation&hl=en&user=3D73AlMAAAAJ&pagesize=100&sortby=pubdate&citation_for_view=3D73AlMAAAAJ:70eg2SAEIzsC,"Computers and Electrical Engineering 105, 108495, 2023","R Kumar, S Singh, PK Singh",28,
Dr Aruna Malik,Discover Internet of Things,2023,https://scholar.google.com/citations?view_op=view_citation&hl=en&user=3D73AlMAAAAJ&pagesize=100&sortby=pubdate&citation_for_view=3D73AlMAAAAJ:NaGl4SEjCO4C,,"R Punia, A Malik, S Singh",,
Dr Aruna Malik,Prescribing Practices of QT Interval Prolonging Drugs in Critically Ill Older Adults in South India,2023,https://scholar.google.com/citations?view_op=view_citation&hl=en&user=3D73AlMAAAAJ&pagesize=100&sortby=pubdate&citation_for_view=3D73AlMAAAAJ:GnPB-g6toBAC,"Kathmandu Univ Med J 83 (3), 298-303, 2023","SR Moolambally, A Malik, A Boloor",,
Dr Aruna Malik,High Payload Lossless Steganography Using Image Interpolation,2023,https://scholar.google.com/citations?view_op=view_citation&hl=en&user=3D73AlMAAAAJ&pagesize=100&sortby=pubdate&citation_for_view=3D73AlMAAAAJ:hMod-77fHWUC,"Security and Communication Networks 2023 (1), 2068813, 2023","RP Sharma, A Malik, S Singh, S Agarwal, R Kumar",3,
Dr Aruna Malik,A comparative review on image interpolation-based reversible data hiding,2022,https://scholar.google.com/citations?view_op=view_citation&hl=en&user=3D73AlMAAAAJ&pagesize=100&sortby=pubdate&citation_for_view=3D73AlMAAAAJ:j3f4tGmQtD8C,"International Conference on Computing, Communications, and Cyber-Security …, 2022","RP Sharma, A Malik",3,
Dr Aruna Malik,Image interpolation-based steganographic techniques under spatial domain: A survey,2022,https://scholar.google.com/citations?view_op=view_citation&hl=en&user=3D73AlMAAAAJ&pagesize=100&sortby=pubdate&citation_for_view=3D73AlMAAAAJ:4JMBOYKVnBMC,"International Conference on Computing, Communications, and Cyber-Security …, 2022","R Punia, A Malik",1,
Dr Aruna Malik,Low bandwidth data hiding for multimedia systems based on bit redundancy,2022,https://scholar.google.com/citations?view_op=view_citation&hl=en&user=3D73AlMAAAAJ&pagesize=100&sortby=pubdate&citation_for_view=3D73AlMAAAAJ:_kc_bZDykSQC,"Multimedia Tools and Applications 81 (24), 35027-35045, 2022","N Kumar, R Kumar, A Malik, S Singh",8,
Dr Aruna Malik,A secure energy-efficient routing protocol for disease data transmission using IoMT,2022,https://scholar.google.com/citations?view_op=view_citation&hl=en&user=3D73AlMAAAAJ&pagesize=100&sortby=pubdate&citation_for_view=3D73AlMAAAAJ:mB3voiENLucC,"Computers and Electrical Engineering 101, 108113, 2022","S Singh, AS Nandan, G Sikka, A Malik, A Vidyarthi",42,
Dr Aruna Malik,A hybridized modified densenet deep architecture with CLAHE algorithm for humpback whale identification and recognition,2022,https://scholar.google.com/citations?view_op=view_citation&hl=en&user=3D73AlMAAAAJ&pagesize=100&sortby=pubdate&citation_for_view=3D73AlMAAAAJ:Wp0gIr-vW9MC,"Multimedia Tools and Applications 81 (14), 19779-19793, 2022","A Vidyarthi, A Malik",6,
Dr Aruna Malik,Genetic algorithm application on 3D pipe routing: a review,2022,https://scholar.google.com/citations?view_op=view_citation&hl=en&user=3D73AlMAAAAJ&pagesize=100&sortby=pubdate&citation_for_view=3D73AlMAAAAJ:hFOr9nPyWt4C,"Recent Innovations in Computing: Proceedings of ICRIC 2021, Volume 2, 139-148, 2022","V Maan, A Malik",3,
Dr Aruna Malik,ECICM: An Efficient Clustering and Information Collection Method in Heterogeneous Wireless Sensor Networks,2022,https://scholar.google.com/citations?view_op=view_citation&hl=en&user=3D73AlMAAAAJ&pagesize=100&sortby=pubdate&citation_for_view=3D73AlMAAAAJ:IWHjjKOFINEC,"Recent Innovations in Computing: Proceedings of ICRIC 2021, Volume 2, 249-262, 2022","S Singh, A Malik, PK Singh",,
Dr Aruna Malik,DEERS: Design Energy-Efficient Routing Scheme for Harsh Environment Monitoring in Heterogeneous WSNs,2022,https://scholar.google.com/citations?view_op=view_citation&hl=en&user=3D73AlMAAAAJ&pagesize=100&sortby=pubdate&citation_for_view=3D73AlMAAAAJ:ZeXyd9-uunAC,"Recent Innovations in Computing: Proceedings of ICRIC 2021, Volume 2, 53-65, 2022","S Singh, A Malik, PS Mehra, PK Singh",,
Dr Aruna Malik,ECICM: An Efficient Clustering,2022,https://scholar.google.com/citations?view_op=view_citation&hl=en&user=3D73AlMAAAAJ&pagesize=100&sortby=pubdate&citation_for_view=3D73AlMAAAAJ:a0OBvERweLwC,"Recent Innovations in Computing: Proceedings of ICRIC 2021, Volume 2 855, 249, 2022","S Singh, A Malik, PK Singh",1,
Dr Aruna Malik,Monitoring in Heterogeneous WSNs,2022,https://scholar.google.com/citations?view_op=view_citation&hl=en&user=3D73AlMAAAAJ&pagesize=100&sortby=pubdate&citation_for_view=3D73AlMAAAAJ:rO6llkc54NcC,"Recent Innovations in Computing: Proceedings of ICRIC 2021, Volume 2 855, 53, 2022","S Singh, A Malik, PS Mehra, PK Singh",,
Dr Aruna Malik,High‐quality reversible data hiding scheme using sorting and enhanced pairwise PEE,2022,https://scholar.google.com/citations?view_op=view_citation&hl=en&user=3D73AlMAAAAJ&pagesize=100&sortby=pubdate&citation_for_view=3D73AlMAAAAJ:qxL8FJ1GzNcC,"IET image processing 16 (4), 1096-1110, 2022","G Kaur, S Singh, R Rani, R Kumar, A Malik",21,
Dr Aruna Malik,Optimized routing technique for IoT enabled software-defined heterogeneous WSNs using genetic mutation based PSO,2022,https://scholar.google.com/citations?view_op=view_citation&hl=en&user=3D73AlMAAAAJ&pagesize=100&sortby=pubdate&citation_for_view=3D73AlMAAAAJ:4DMP91E08xMC,"Computer Standards & Interfaces 79, 103548, 2022","R Ramteke, S Singh, A Malik",67,
Dr Aruna Malik,A proficient data gathering technique for unmanned aerial vehicle‐enabled heterogeneous wireless sensor networks,2021,https://scholar.google.com/citations?view_op=view_citation&hl=en&user=3D73AlMAAAAJ&pagesize=100&sortby=pubdate&citation_for_view=3D73AlMAAAAJ:9ZlFYXVOiuMC,"International Journal of Communication Systems 34 (16), e4956, 2021","S Singh, A Malik, R Kumar, PK Singh",17,
Dr Aruna Malik,A green data collection & transmission method for IoT-based WSN in disaster management,2021,https://scholar.google.com/citations?view_op=view_citation&hl=en&user=3D73AlMAAAAJ&pagesize=100&sortby=pubdate&citation_for_view=3D73AlMAAAAJ:QIV2ME_5wuYC,"IEEE Sensors Journal 21 (22), 25912-25921, 2021","AS Nandan, S Singh, A Malik, R Kumar",60,
Dr Aruna Malik,RDA-BWO: hybrid energy efficient data transfer and mobile sink location prediction in heterogeneous WSN,2021,https://scholar.google.com/citations?view_op=view_citation&hl=en&user=3D73AlMAAAAJ&pagesize=100&sortby=pubdate&citation_for_view=3D73AlMAAAAJ:u9iWguZQMMsC,"Wireless Networks 27 (7), 4421-4440, 2021","P Gupta, S Tripathi, S Singh",25,
Dr Aruna Malik,A GA-based sustainable and secure green data communication method using IoT-enabled WSN in healthcare,2021,https://scholar.google.com/citations?view_op=view_citation&hl=en&user=3D73AlMAAAAJ&pagesize=100&sortby=pubdate&citation_for_view=3D73AlMAAAAJ:dhFuZR0502QC,"IEEE Internet of Things Journal 9 (10), 7481-7490, 2021","S Singh, AS Nandan, A Malik, R Kumar, LK Awasthi, N Kumar",42,
Dr Aruna Malik,Energy efficient rendezvous points based routing technique using multiple mobile sink in heterogeneous wireless sensor networks,2021,https://scholar.google.com/citations?view_op=view_citation&hl=en&user=3D73AlMAAAAJ&pagesize=100&sortby=pubdate&citation_for_view=3D73AlMAAAAJ:lSLTfruPkqcC,"Wireless Networks 27 (6), 3733-3746, 2021","P Gupta, S Tripathi, S Singh",30,
Dr Aruna Malik,Robust RDH Technique Using Sorting and IPVO-Based Pairwise PEE for Secure Communication,2021,https://scholar.google.com/citations?view_op=view_citation&hl=en&user=3D73AlMAAAAJ&pagesize=100&sortby=pubdate&citation_for_view=3D73AlMAAAAJ:L8Ckcad2t8MC,"International Journal of System Dynamics Applications (IJSDA) 11 (2), 1-17, 2021","A Malik, R Kumar",,
Dr Aruna Malik,Object detection and movement prediction for autonomous vehicle: a review,2021,https://scholar.google.com/citations?view_op=view_citation&hl=en&user=3D73AlMAAAAJ&pagesize=100&sortby=pubdate&citation_for_view=3D73AlMAAAAJ:-f6ydRqryjwC,"2021 2nd International Conference on Secure Cyber Computing and …, 2021","R Pandey, A Malik",8,
Dr Aruna Malik,Deep learning end to end speech synthesis: A review,2021,https://scholar.google.com/citations?view_op=view_citation&hl=en&user=3D73AlMAAAAJ&pagesize=100&sortby=pubdate&citation_for_view=3D73AlMAAAAJ:hC7cP41nSMkC,"2021 2nd International Conference on Secure Cyber Computing and …, 2021","O Nazir, A Malik",9,
Dr Aruna Malik,An energy-efficient modified metaheuristic inspired algorithm for disaster management system using WSNs,2021,https://scholar.google.com/citations?view_op=view_citation&hl=en&user=3D73AlMAAAAJ&pagesize=100&sortby=pubdate&citation_for_view=3D73AlMAAAAJ:aqlVkmm33-oC,"IEEE Sensors Journal 21 (13), 15398-15408, 2021","S Singh, AS Nandan, A Malik, N Kumar, A Barnawi",50,
Dr Aruna Malik,Gray-Version Invariant Reversible Data Hiding Scheme Based on 2D Histogram Modification for Color Images,2021,https://scholar.google.com/citations?view_op=view_citation&hl=en&user=3D73AlMAAAAJ&pagesize=100&sortby=pubdate&citation_for_view=3D73AlMAAAAJ:M3ejUd6NZC8C,"Advances in Smart Communication and Imaging Systems: Select Proceedings of …, 2021","A Malik, S Singh, S Awasthi, P Yadav",,
Dr Aruna Malik,OCHEP: an optimized cluster head election protocol for heterogeneous WSNs,2021,https://scholar.google.com/citations?view_op=view_citation&hl=en&user=3D73AlMAAAAJ&pagesize=100&sortby=pubdate&citation_for_view=3D73AlMAAAAJ:4TOpqqG69KYC,"Advances in Smart Communication and Imaging Systems: Select Proceedings of …, 2021","S Singh, P Yadav, A Malik, R Agrawal",4,
Dr Aruna Malik,Energy efficient hotspot problem mitigation techniques using multiple mobile sink in heterogeneous wireless sensor network,2020,https://scholar.google.com/citations?view_op=view_citation&hl=en&user=3D73AlMAAAAJ&pagesize=100&sortby=pubdate&citation_for_view=3D73AlMAAAAJ:uWQEDVKXjbEC,"International Journal of Communication Systems 33 (18), e4641, 2020","P Gupta, S Tripathi, S Singh",10,
Dr Aruna Malik,Efficient pixel-value differencing based hybrid steganographic method using modulus function,2020,https://scholar.google.com/citations?view_op=view_citation&hl=en&user=3D73AlMAAAAJ&pagesize=100&sortby=pubdate&citation_for_view=3D73AlMAAAAJ:Zph67rFs4hoC,"International Journal of Information Retrieval Research (IJIRR) 10 (4), 51-62, 2020","A Malik, S Gandhi",1,
Dr Aruna Malik,A reversible data hiding scheme for interpolated images based on pixel intensity range,2020,https://scholar.google.com/citations?view_op=view_citation&hl=en&user=3D73AlMAAAAJ&pagesize=100&sortby=pubdate&citation_for_view=3D73AlMAAAAJ:KlAtU1dfN6UC,"Multimedia Tools and Applications 79 (25), 18005-18031, 2020","A Malik, G Sikka, HK Verma",70,
Dr Aruna Malik,A Threshold‐Based Optimization Energy‐Efficient Routing Technique in Heterogeneous Wireless Sensor Networks,2020,https://scholar.google.com/citations?view_op=view_citation&hl=en&user=3D73AlMAAAAJ&pagesize=100&sortby=pubdate&citation_for_view=3D73AlMAAAAJ:08ZZubdj9fEC,"Machine Learning and Cognitive Computing for Mobile Communications and …, 2020",S Singh,1,
Dr Aruna Malik,Learning automata based heuristics for target Q-coverage,2020,https://scholar.google.com/citations?view_op=view_citation&hl=en&user=3D73AlMAAAAJ&pagesize=100&sortby=pubdate&citation_for_view=3D73AlMAAAAJ:ZHo1McVdvXMC,"2020 8th International Conference on Reliability, Infocom Technologies and …, 2020","S Singh, AK Dwivedi, AK Sharma, PS Mehra",7,
Dr Aruna Malik,OSEP: an optimized stable election protocol in heterogeneous wireless sensor networks,2020,https://scholar.google.com/citations?view_op=view_citation&hl=en&user=3D73AlMAAAAJ&pagesize=100&sortby=pubdate&citation_for_view=3D73AlMAAAAJ:YOwf2qJgpHMC,"The International Conference on Recent Innovations in Computing, 235-251, 2020","S Singh, PK Singh, A Malik",6,
Dr Aruna Malik,DACHE: A data aggregation-based effective and optimized cluster head election routing protocol for HWSNs,2020,https://scholar.google.com/citations?view_op=view_citation&hl=en&user=3D73AlMAAAAJ&pagesize=100&sortby=pubdate&citation_for_view=3D73AlMAAAAJ:ULOm3_A8WrAC,"The International Conference on Recent Innovations in Computing, 275-292, 2020","A Malik, S Singh, PK Singh",7,
Dr Aruna Malik,A sustainable data gathering technique based on nature inspired optimization in WSNs,2019,https://scholar.google.com/citations?view_op=view_citation&hl=en&user=3D73AlMAAAAJ&pagesize=100&sortby=pubdate&citation_for_view=3D73AlMAAAAJ:g5m5HwL7SMYC,"Sustainable Computing: Informatics and Systems 24, 100354, 2019",S Singh,16,
Dr Aruna Malik,A Clustering Based Optimized PEGASIS in Wireless Sensor Networks,2019,https://scholar.google.com/citations?view_op=view_citation&hl=en&user=3D73AlMAAAAJ&pagesize=100&sortby=pubdate&citation_for_view=3D73AlMAAAAJ:nb7KW1ujOQ8C,"International Conference on Futuristic Trends in Networks and Computing …, 2019","S Singh, PK Singh",1,
Dr Aruna Malik,Sustainable Computing: Informatics and Systems,2019,https://scholar.google.com/citations?view_op=view_citation&hl=en&user=3D73AlMAAAAJ&pagesize=100&sortby=pubdate&citation_for_view=3D73AlMAAAAJ:tOudhMTPpwUC,,S Singh,,
Dr Aruna Malik,A high capacity data hiding scheme using modified AMBTC compression technique.,2019,https://scholar.google.com/citations?view_op=view_citation&hl=en&user=3D73AlMAAAAJ&pagesize=100&sortby=pubdate&citation_for_view=3D73AlMAAAAJ:5nxA0vEk-isC,"Int. Arab J. Inf. Technol. 16 (1), 148-155, 2019","A Malik, G Sikka, HK Verma",9,
Dr Aruna Malik,Anonymity Preserving Authentication and Key Agreement Scheme for Wireless Sensor,2018,https://scholar.google.com/citations?view_op=view_citation&hl=en&user=3D73AlMAAAAJ&pagesize=100&sortby=pubdate&citation_for_view=3D73AlMAAAAJ:KxtntwgDAa4C,"Futuristic Trends in Network and Communication Technologies: First …, 2018","S Singh, B Kumar¹",,
Dr Aruna Malik,An efficient and secure authentication scheme using markov chain for wireless sensor networks,2018,https://scholar.google.com/citations?view_op=view_citation&hl=en&user=3D73AlMAAAAJ&pagesize=100&sortby=pubdate&citation_for_view=3D73AlMAAAAJ:dfsIfKJdRG4C,"2018 IEEE 8th International Advance Computing Conference (IACC), 33-38, 2018","D Singh, B Kumar, S Singh, S Chand",5,
Dr Aruna Malik,An Efficient Biometric based three-factor authentication scheme for Wireless Sensor Network,2018,https://scholar.google.com/citations?view_op=view_citation&hl=en&user=3D73AlMAAAAJ&pagesize=100&sortby=pubdate&citation_for_view=3D73AlMAAAAJ:p2g8aNsByqUC,"2018 International Conference on Advances in Computing, Communication …, 2018","D Singh, B Kumar, S Singh, S Chand",1,
Dr Aruna Malik,A new image steganography technique based on pixel intensity and similarity in secret message,2018,https://scholar.google.com/citations?view_op=view_citation&hl=en&user=3D73AlMAAAAJ&pagesize=100&sortby=pubdate&citation_for_view=3D73AlMAAAAJ:kNdYIx-mwKoC,"2018 International Conference on Advances in Computing, Communication …, 2018","A Malik, R Kumar, S Singh",12,
Dr Aruna Malik,An AMBTC compression based data hiding scheme using pixel value adjusting strategy,2018,https://scholar.google.com/citations?view_op=view_citation&hl=en&user=3D73AlMAAAAJ&pagesize=100&sortby=pubdate&citation_for_view=3D73AlMAAAAJ:hqOjcs7Dif8C,"Multidimensional Systems and Signal Processing 29 (4), 1801-1818, 2018","A Malik, G Sikka, HK Verma",47,
Dr Aruna Malik,Recovery based high capacity reversible data hiding scheme using even-odd embedding,2018,https://scholar.google.com/citations?view_op=view_citation&hl=en&user=3D73AlMAAAAJ&pagesize=100&sortby=pubdate&citation_for_view=3D73AlMAAAAJ:ufrVoPGSRksC,"Multimedia Tools and Applications 77 (12), 15803-15827, 2018","A Malik, S Singh, R Kumar",52,
Dr Aruna Malik,Anonymity preserving authentication and key agreement scheme for wireless sensor networks,2018,https://scholar.google.com/citations?view_op=view_citation&hl=en&user=3D73AlMAAAAJ&pagesize=100&sortby=pubdate&citation_for_view=3D73AlMAAAAJ:xtRiw3GOFMkC,"International Conference on Futuristic Trends in Network and Communication …, 2018","D Singh, S Singh, B Kumar, S Chand",3,
Dr Aruna Malik,Image interpolation based high capacity reversible data hiding scheme,2017,https://scholar.google.com/citations?view_op=view_citation&hl=en&user=3D73AlMAAAAJ&pagesize=100&sortby=pubdate&citation_for_view=3D73AlMAAAAJ:W7OEmFMy1HYC,"Multimedia Tools and Applications 76 (22), 24107-24123, 2017","A Malik, G Sikka, HK Verma",53,
Dr Aruna Malik,A high capacity text steganography scheme based on huffman compression and color coding,2017,https://scholar.google.com/citations?view_op=view_citation&hl=en&user=3D73AlMAAAAJ&pagesize=100&sortby=pubdate&citation_for_view=3D73AlMAAAAJ:Se3iqnhoufwC,"Journal of Information and Optimization Sciences 38 (5), 647-664, 2017","A Malik, G Sikka, HK Verma",16,
Dr Aruna Malik,hetDEEC: Heterogeneous DEEC protocol for prolonging lifetime in wireless sensor networks,2017,https://scholar.google.com/citations?view_op=view_citation&hl=en&user=3D73AlMAAAAJ&pagesize=100&sortby=pubdate&citation_for_view=3D73AlMAAAAJ:roLk4NBRz8UC,"Journal of Information and Optimization Sciences 38 (5), 699-720, 2017","S Singh, A Malik",20,
Dr Aruna Malik,hetSEP: Heterogeneous SEP protocol for increasing lifetime in WSNs,2017,https://scholar.google.com/citations?view_op=view_citation&hl=en&user=3D73AlMAAAAJ&pagesize=100&sortby=pubdate&citation_for_view=3D73AlMAAAAJ:LkGwnXOMwfcC,"Journal of Information and Optimization Sciences 38 (5), 721-743, 2017","S Singh, A Malik",29,
Dr Aruna Malik,A high payload data hiding scheme based on modified AMBTC technique,2017,https://scholar.google.com/citations?view_op=view_citation&hl=en&user=3D73AlMAAAAJ&pagesize=100&sortby=pubdate&citation_for_view=3D73AlMAAAAJ:qjMakFHDy7sC,"Multimedia Tools and Applications 76 (12), 14151-14167, 2017","A Malik, G Sikka, HK Verma",38,
Dr Aruna Malik,An image interpolation based reversible data hiding scheme using pixel value adjusting feature,2017,https://scholar.google.com/citations?view_op=view_citation&hl=en&user=3D73AlMAAAAJ&pagesize=100&sortby=pubdate&citation_for_view=3D73AlMAAAAJ:9yKSN-GCB0IC,"Multimedia Tools and Applications 76 (11), 13025-13046, 2017","A Malik, G Sikka, HK Verma",49,
Dr Aruna Malik,Energy efficient heterogeneous DEEC protocol for enhancing lifetime in WSNs,2017,https://scholar.google.com/citations?view_op=view_citation&hl=en&user=3D73AlMAAAAJ&pagesize=100&sortby=pubdate&citation_for_view=3D73AlMAAAAJ:UeHWp8X0CEIC,"Engineering Science and Technology, an International Journal 20 (1), 345-353, 2017","S Singh, A Malik, R Kumar",167,
Dr Aruna Malik,A high capacity text steganography scheme based on LZW compression and color coding,2017,https://scholar.google.com/citations?view_op=view_citation&hl=en&user=3D73AlMAAAAJ&cstart=100&pagesize=100&sortby=pubdate&citation_for_view=3D73AlMAAAAJ:2osOgNQ5qMEC,"Engineering Science and Technology, an International Journal 20 (1), 72-79, 2017","A Malik, G Sikka, HK Verma",105,
Dr Aruna Malik,DESIGN AND ANALYSIS OF TEXT AND IMAGE BASED STEGANOGRAPHIC TECHNIQUES,2017,https://scholar.google.com/citations?view_op=view_citation&hl=en&user=3D73AlMAAAAJ&cstart=100&pagesize=100&sortby=pubdate&citation_for_view=3D73AlMAAAAJ:7PzlFSSx8tAC,"Dr. BR Ambedkar National Institute of Technology, Jalandhar, 2017",A Malik,,
Dr Aruna Malik,NEECP: Novel energy‐efficient clustering protocol for prolonging lifetime of WSNs,2016,https://scholar.google.com/citations?view_op=view_citation&hl=en&user=3D73AlMAAAAJ&cstart=100&pagesize=100&sortby=pubdate&citation_for_view=3D73AlMAAAAJ:IjCSPb-OGe4C,"IET Wireless Sensor Systems 6 (5), 151-157, 2016","S Singh, S Chand, R Kumar, A Malik, B Kumar",60,
Dr Aruna Malik,Reversible data hiding scheme for LZW codes using LSB flipping strategy,2016,https://scholar.google.com/citations?view_op=view_citation&hl=en&user=3D73AlMAAAAJ&cstart=100&pagesize=100&sortby=pubdate&citation_for_view=3D73AlMAAAAJ:Y0pCki6q_DkC,"Proceedings of the International Conference on Advances in Information …, 2016","A Malik, R Kumar, S Singh",6,
Dr Aruna Malik,Optimum sink location for sensor deployment in wireless sensor networks,2016,https://scholar.google.com/citations?view_op=view_citation&hl=en&user=3D73AlMAAAAJ&cstart=100&pagesize=100&sortby=pubdate&citation_for_view=3D73AlMAAAAJ:4OULZ7Gr8RgC,"Journal of Information and Optimization Sciences 37 (4), 605-619, 2016","S Singh, S Chand, B Kumar",4,
Dr Aruna Malik,Reversible data hiding scheme for LZW codes using even-odd embedding strategy,2016,https://scholar.google.com/citations?view_op=view_citation&hl=en&user=3D73AlMAAAAJ&cstart=100&pagesize=100&sortby=pubdate&citation_for_view=3D73AlMAAAAJ:WF5omc3nYNoC,"2016 International Conference on Computing, Communication and Automation …, 2016","R Kumar, A Malik, S Singh, B Kumar, S Chand",16,
Dr Aruna Malik,A space based reversible high capacity text steganography scheme using font type and style,2016,https://scholar.google.com/citations?view_op=view_citation&hl=en&user=3D73AlMAAAAJ&cstart=100&pagesize=100&sortby=pubdate&citation_for_view=3D73AlMAAAAJ:eQOLeE2rZwMC,"2016 international conference on computing, communication and automation …, 2016","R Kumar, A Malik, S Singh, B Kumar, S Chand",29,
Dr Aruna Malik,A high capacity email based text steganography scheme using Huffman compression,2016,https://scholar.google.com/citations?view_op=view_citation&hl=en&user=3D73AlMAAAAJ&cstart=100&pagesize=100&sortby=pubdate&citation_for_view=3D73AlMAAAAJ:zYLM7Y9cAGgC,"2016 3rd International Conference on Signal Processing and Integrated …, 2016","R Kumar, A Malik, S Singh, S Chand",37,
Dr Aruna Malik,Energy efficient scheduling protocols for heterogeneous WSNs,2016,https://scholar.google.com/citations?view_op=view_citation&hl=en&user=3D73AlMAAAAJ&cstart=100&pagesize=100&sortby=pubdate&citation_for_view=3D73AlMAAAAJ:3fE2CSJIrl8C,"Int. J. Forensic Comput. Sci 11 (1), 8-29, 2016","S Singh, A Malik",5,
Dr Aruna Malik,Spectroscopy: Types,2016,https://scholar.google.com/citations?view_op=view_citation&hl=en&user=3D73AlMAAAAJ&cstart=100&pagesize=100&sortby=pubdate&citation_for_view=3D73AlMAAAAJ:0EnyYjriUFMC,"Academic Press, 2016","AK Malik, R Kumar",11,
Dr Aruna Malik,heterogeneous energy efficient protocol for enhancing the lifetime in WSNs,2016,https://scholar.google.com/citations?view_op=view_citation&hl=en&user=3D73AlMAAAAJ&cstart=100&pagesize=100&sortby=pubdate&citation_for_view=3D73AlMAAAAJ:YsMSGLbcyi4C,"International Journal of Information Technology and Computer Science 9, 62-72, 2016","S Singh, A Malik",6,
Dr Aruna Malik,A modified pixel-value differencing image steganographic scheme with least significant bit substitution method,2015,https://scholar.google.com/citations?view_op=view_citation&hl=en&user=3D73AlMAAAAJ&cstart=100&pagesize=100&sortby=pubdate&citation_for_view=3D73AlMAAAAJ:d1gkVwhDpl0C,"International Journal of Image, Graphics and Signal Processing 7 (4), 68, 2015","A Malik, G Sikka, HK Verma",16,
Dr Aruna Malik,A stage-4 heterogeneous network model in WSNs,2014,https://scholar.google.com/citations?view_op=view_citation&hl=en&user=3D73AlMAAAAJ&cstart=100&pagesize=100&sortby=pubdate&citation_for_view=3D73AlMAAAAJ:vRqMK49ujn8C,"2014 International Conference on Advances in Computing, Communications and …, 2014","S Singh, S Chand, B Kumar",4,
Dr Aruna Malik,Optimum deployment of sensors in WSNs,2014,https://scholar.google.com/citations?view_op=view_citation&hl=en&user=3D73AlMAAAAJ&cstart=100&pagesize=100&sortby=pubdate&citation_for_view=3D73AlMAAAAJ:35N4QoGY0k4C,"2014 International Conference on Information Systems and Computer Networks …, 2014","S Singh, S Chand, B Kumar",5,
Dr Aruna Malik,Experimental studies on the grinding of Ti-6Al-4 V using micro and nano size solid lubricants,2014,https://scholar.google.com/citations?view_op=view_citation&hl=en&user=3D73AlMAAAAJ&cstart=100&pagesize=100&sortby=pubdate&citation_for_view=3D73AlMAAAAJ:qUcmZB5y_30C,"5th International & 26th All India Manufacturing Technology, Design and …, 2014","AK Malik, S Ghosh, RK Pandey",5,
Dr Aruna Malik,A heterogeneous network model for prolonging lifetime in 3-D WSNs,2013,https://scholar.google.com/citations?view_op=view_citation&hl=en&user=3D73AlMAAAAJ&cstart=100&pagesize=100&sortby=pubdate&citation_for_view=3D73AlMAAAAJ:HoB7MX3m0LUC,"Confluence 2013: The Next Generation Information Technology Summit (4th …, 2013","S Singh, S Chand, B Kumar, R Kumar",6,
Dr Aruna Malik,Optimal sensor deployment for WSNs in grid environment,2013,https://scholar.google.com/citations?view_op=view_citation&hl=en&user=3D73AlMAAAAJ&cstart=100&pagesize=100&sortby=pubdate&citation_for_view=3D73AlMAAAAJ:zA6iFVUQeVQC,"Electronics Letters 49 (16), 1040-1041, 2013","S Singh, S Chand, R Kumar, B Kumar",15,
Dr Aruna Malik,Performance investigation of heterogeneous algorithms in WSNs,2013,https://scholar.google.com/citations?view_op=view_citation&hl=en&user=3D73AlMAAAAJ&cstart=100&pagesize=100&sortby=pubdate&citation_for_view=3D73AlMAAAAJ:738O_yMBCRsC,"2013 3rd IEEE International Advance Computing Conference (IACC), 1051-1054, 2013","S Singh, S Chand, B Kumar",11,
Dr Aruna Malik,Distributed algorithms for maximizing the lifetime of WSNs with heterogeneity for adjustable sensing ranges,2013,https://scholar.google.com/citations?view_op=view_citation&hl=en&user=3D73AlMAAAAJ&cstart=100&pagesize=100&sortby=pubdate&citation_for_view=3D73AlMAAAAJ:ldfaerwXgEUC,"Electrical Engineering Research 1 (1), 10-17, 2013","S Singh, S Chand, B Kumar",5,
Dr Aruna Malik,Performance Analysis of Virtual Private Network for Securing Voice and Video Traffic,2012,https://scholar.google.com/citations?view_op=view_citation&hl=en&user=3D73AlMAAAAJ&cstart=100&pagesize=100&sortby=pubdate&citation_for_view=3D73AlMAAAAJ:u5HHmVD_uO8C,"International Journal of Computer Applications 46 (16), 25-30, 2012","A Malik, HK Verma",8,
Dr Aruna Malik,Impact of Firewall and VPN for securing WLAN,2012,https://scholar.google.com/citations?view_op=view_citation&hl=en&user=3D73AlMAAAAJ&cstart=100&pagesize=100&sortby=pubdate&citation_for_view=3D73AlMAAAAJ:u-x6o8ySG0sC,"International Journal 2 (5), 2012","A Malik, HK Verma, R Pal",13,
Dr Aruna Malik,A distributed energy-efficient target tracking protocol for three level heterogeneous sensor networks,2012,https://scholar.google.com/citations?view_op=view_citation&hl=en&user=3D73AlMAAAAJ&cstart=100&pagesize=100&sortby=pubdate&citation_for_view=3D73AlMAAAAJ:yD5IFk8b50cC,"International Journal of Computer Applications 51 (11), 2012","Y Singh, S Singh, R Kumar",12,
Dr Aruna Malik,PERFORMANCE INVESTIGATION OF ROUTING PROTOCOLS OF MOBILE AD-HOC NETWORKS USING CBR AND TCP TRAFFIC,2011,https://scholar.google.com/citations?view_op=view_citation&hl=en&user=3D73AlMAAAAJ&cstart=100&pagesize=100&sortby=pubdate&citation_for_view=3D73AlMAAAAJ:SP6oXDckpogC,"Journal of Global Research in Computer Science 2 (6), 29-34, 2011",S Singh,,
Dr Aruna Malik,Energy-efficient target monitoring algorithm for wireless sensor networks,2011,https://scholar.google.com/citations?view_op=view_citation&hl=en&user=3D73AlMAAAAJ&cstart=100&pagesize=100&sortby=pubdate&citation_for_view=3D73AlMAAAAJ:abG-DnoFyZgC,"Journal of Global Research in Computer Science 2 (4), 186-189, 2011",S Singh,6,
Dr Aruna Malik,Heterogeneous protocols for increasing lifetime of wireless sensor networks,2011,https://scholar.google.com/citations?view_op=view_citation&hl=en&user=3D73AlMAAAAJ&cstart=100&pagesize=100&sortby=pubdate&citation_for_view=3D73AlMAAAAJ:SeFeTyx0c_EC,"Journal of Global Research in Computer Science 2 (4), 172-176, 2011",S Singh,14,
Dr Aruna Malik,Distributed Energy-Efficient Algorithm for Wireless Sensor Networks.,2011,https://scholar.google.com/citations?view_op=view_citation&hl=en&user=3D73AlMAAAAJ&cstart=100&pagesize=100&sortby=pubdate&citation_for_view=3D73AlMAAAAJ:CHSYGLWDkRkC,"International Journal of Advanced Research in Computer Science 2 (3), 2011","S Singh, AK Sharma",5,
Dr Aruna Malik,A heterogeneous power efficient load balancing target-monitoring protocol for sensor networks,2010,https://scholar.google.com/citations?view_op=view_citation&hl=en&user=3D73AlMAAAAJ&cstart=100&pagesize=100&sortby=pubdate&citation_for_view=3D73AlMAAAAJ:D03iK_w7-QYC,"2010 First International Conference On Parallel, Distributed and Grid …, 2010","S Singh, AK Sharma",5,
Dr Aruna Malik,Energy-efficient data gathering algorithms for improving lifetime of WSNs with heterogeneity and adjustable sensing range,2010,https://scholar.google.com/citations?view_op=view_citation&hl=en&user=3D73AlMAAAAJ&cstart=100&pagesize=100&sortby=pubdate&citation_for_view=3D73AlMAAAAJ:OU6Ihb5iCvQC,"International Journal of Computer Applications 4 (2), 17-21, 2010","S Singh, AK Sharma",11,
Dr Aruna Malik,Cranioplasty with alloplastic cranial implant.,2009,https://scholar.google.com/citations?view_op=view_citation&hl=en&user=3D73AlMAAAAJ&cstart=100&pagesize=100&sortby=pubdate&citation_for_view=3D73AlMAAAAJ:2P1L_qKh6hAC,,"AP Arpan Pavaiya, VK Tyagi, AT Arvind Tripathi, SV Singh, ...",,
Dr Aruna Malik,Nutrition in maxillofacial prosthetic patients: the unexplored frontier.,2007,https://scholar.google.com/citations?view_op=view_citation&hl=en&user=3D73AlMAAAAJ&cstart=100&pagesize=100&sortby=pubdate&citation_for_view=3D73AlMAAAAJ:fPk4N6BV_jEC,,"RM Ravi Madan, SV Singh, AT Arvind Tripathi",,
Dr Aruna Malik,Edible Oil Packaging: An Overview,2001,https://scholar.google.com/citations?view_op=view_citation&hl=en&user=3D73AlMAAAAJ&cstart=100&pagesize=100&sortby=pubdate&citation_for_view=3D73AlMAAAAJ:b0M2c_1WBrUC,"PACKAGING INDIA 33 (5), 41-46, 2001","S Singh, VK Tyagi",,
Dr Aruna Malik,Changes in properties of sunflower-groundnut oil blends during frying of foodstuffs,1999,https://scholar.google.com/citations?view_op=view_citation&hl=en&user=3D73AlMAAAAJ&cstart=100&pagesize=100&sortby=pubdate&citation_for_view=3D73AlMAAAAJ:M05iB0D1s5AC,"JOURNAL-OIL TECHNOLOGISTS ASSOCIATION OF INDIA 31 (3), 122-127, 1999","VK Tyagi, SK Dubey, S Singh",,
Dr Aruna Malik,A Blockchain Enabled Framework for Electronic Health Records,,https://scholar.google.com/citations?view_op=view_citation&hl=en&user=3D73AlMAAAAJ&cstart=100&pagesize=100&sortby=pubdate&citation_for_view=3D73AlMAAAAJ:tS2w5q8j5-wC,"Advances of Machine Learning for Knowledge Mining in Electronic Health …, 0","A Gupta, A Malik, V Singh",,
Dr Aruna Malik,Author's Name Page No. Author's Name Page No.,,https://scholar.google.com/citations?view_op=view_citation&hl=en&user=3D73AlMAAAAJ&cstart=100&pagesize=100&sortby=pubdate&citation_for_view=3D73AlMAAAAJ:k_IJM867U9cC,,"A Sahoo, AS Sabitha, A Pandey, A Khatri, A Jaiswal, A Bhardwaj, ...",,
Dr Kuldeep Kumar,,,,,,,Computer Science and Engineering 
Dr Kuldeep Kumar,,,,,,,Computer Science and Engineering 
Dr Kuldeep Kumar,,,,,,,Computer Science and Engineering 
Dr Kuldeep Kumar,,,,,,,Computer Science and Engineering 
Dr Kuldeep Kumar,,,,,,,Computer Science and Engineering 
Dr Kuldeep Kumar,,,,,,,Computer Science and Engineering 
Dr Kuldeep Kumar,,,,,,,Computer Science and Engineering 
Dr Kuldeep Kumar,,,,,,,Computer Science and Engineering 
Dr Kuldeep Kumar,,,,,,,Computer Science and Engineering 
Dr Kuldeep Kumar,,,,,,,Computer Science and Engineering 
Dr Kuldeep Kumar,,,,,,,Computer Science and Engineering 
Dr Kuldeep Kumar,,,,,,,Computer Science and Engineering 
Dr Kuldeep Kumar,,,,,,,Computer Science and Engineering 
Dr Kuldeep Kumar,,,,,,,Computer Science and Engineering 
Dr Kuldeep Kumar,,,,,,,Computer Science and Engineering 
Dr Kuldeep Kumar,,,,,,,Computer Science and Engineering 
Dr Kuldeep Kumar,,,,,,,Computer Science and Engineering 
Dr Kuldeep Kumar,,,,,,,Computer Science and Engineering 
Dr Kuldeep Kumar,,,,,,,Computer Science and Engineering 
Dr Kuldeep Kumar,,,,,,,Computer Science and Engineering 
Dr Kuldeep Kumar,,,,,,,Computer Science and Engineering 
Dr Kuldeep Kumar,,,,,,,Computer Science and Engineering 
Dr Kuldeep Kumar,,,,,,,Computer Science and Engineering 
Dr Kuldeep Kumar,,,,,,,Computer Science and Engineering 
Dr Kuldeep Kumar,,,,,,,Computer Science and Engineering 
Dr Nagendra Pratap Singh,Fused Texture Feature of Segmented Retinal Image Based Multiretinal Disease Classification,2025,https://scholar.google.com/citations?view_op=view_citation&hl=en&user=Yd-UKrsAAAAJ&pagesize=100&sortby=pubdate&citation_for_view=Yd-UKrsAAAAJ:UHK10RUVsp4C,"International Journal of Imaging Systems and Technology 35 (3), e70112, 2025","PK Verma, J Kaur, NP Singh",,
Dr Nagendra Pratap Singh,Multi-level ensemble for enhanced prognosis of ovarian cancer from histopathological images,2025,https://scholar.google.com/citations?view_op=view_citation&hl=en&user=Yd-UKrsAAAAJ&pagesize=100&sortby=pubdate&citation_for_view=Yd-UKrsAAAAJ:dQ2og3OwTAUC,"2025 3rd International Conference on Intelligent Systems, Advanced Computing …, 2025","S Singh, R Kumar, NP Singh, MK Maurya",,
Dr Nagendra Pratap Singh,Machine Learning Based Prediction of Retinopathy Diseases Using Segmented Retinal Images,2025,https://scholar.google.com/citations?view_op=view_citation&hl=en&user=Yd-UKrsAAAAJ&pagesize=100&sortby=pubdate&citation_for_view=Yd-UKrsAAAAJ:ZuybSZzF8UAC,"ADCAIJ: Advances in Distributed Computing and Artificial Intelligence …, 2025","SK Saroj, R Kumar, NP Singh",,
Dr Nagendra Pratap Singh,Classification of Rice Variant using Deep Learning,2024,https://scholar.google.com/citations?view_op=view_citation&hl=en&user=Yd-UKrsAAAAJ&pagesize=100&sortby=pubdate&citation_for_view=Yd-UKrsAAAAJ:VL0QpB8kHFEC,"2024 International Conference on Modeling, Simulation & Intelligent …, 2024","KS Kumar, PK Verma, S Chaurasia, NP Singh",,
Dr Nagendra Pratap Singh,An intelligent approach for retinal vessels extraction based on transfer learning,2024,https://scholar.google.com/citations?view_op=view_citation&hl=en&user=Yd-UKrsAAAAJ&pagesize=100&sortby=pubdate&citation_for_view=Yd-UKrsAAAAJ:HE397vMXCloC,"SN Computer Science 5 (8), 1072, 2024","PK Verma, J Kaur, NP Singh",31,
Dr Nagendra Pratap Singh,Design and investigation of junction-less TFET (JL-TFET) for the realization of logic gates,2024,https://scholar.google.com/citations?view_op=view_citation&hl=en&user=Yd-UKrsAAAAJ&pagesize=100&sortby=pubdate&citation_for_view=Yd-UKrsAAAAJ:hkOj_22Ku90C,"Nano, 2450160, 2024","B Shah, P Singh, A Raman, NP Singh",20,
Dr Nagendra Pratap Singh,Oral Cancer Detection at an Earlier,2024,https://scholar.google.com/citations?view_op=view_citation&hl=en&user=Yd-UKrsAAAAJ&pagesize=100&sortby=pubdate&citation_for_view=Yd-UKrsAAAAJ:JQOojiI6XY0C,"Proceedings of Third International Conference on Computational Electronics …, 2024","MKS Yadav, A Raman, P Singh, NP Singh",,
Dr Nagendra Pratap Singh,Survey of AI-driven techniques for ovarian cancer detection: state-of-the-art methods and open challenges,2024,https://scholar.google.com/citations?view_op=view_citation&hl=en&user=Yd-UKrsAAAAJ&pagesize=100&sortby=pubdate&citation_for_view=Yd-UKrsAAAAJ:1qzjygNMrQYC,"Network Modeling Analysis in Health Informatics and Bioinformatics 13 (1), 56, 2024","S Singh, MK Maurya, NP Singh, R Kumar",34,
Dr Nagendra Pratap Singh,An IoT Solution for Enhanced Tray Management Systems in Food Service and Industrial Settings,2024,https://scholar.google.com/citations?view_op=view_citation&hl=en&user=Yd-UKrsAAAAJ&pagesize=100&sortby=pubdate&citation_for_view=Yd-UKrsAAAAJ:PR6Y55bgFSsC,"2024 International Conference on Signal Processing and Advance Research in …, 2024","VK Chaudhary, S Singh, NP Singh, S Afreen, MS Yadav, DK Gupta",,
Dr Nagendra Pratap Singh,Automated tongue contour extraction from ultrasound sequences using signal enhancing neural network and energy minimized spline,2024,https://scholar.google.com/citations?view_op=view_citation&hl=en&user=Yd-UKrsAAAAJ&pagesize=100&sortby=pubdate&citation_for_view=Yd-UKrsAAAAJ:Tiz5es2fbqcC,"Multimedia Tools and Applications 83 (19), 57511-57530, 2024","A Verma, N Singh, V Khanna, BP Singh, NP Singh",23,
Dr Nagendra Pratap Singh,STRAMPN: Histopathological image dataset for ovarian cancer detection incorporating AI-based methods,2024,https://scholar.google.com/citations?view_op=view_citation&hl=en&user=Yd-UKrsAAAAJ&pagesize=100&sortby=pubdate&citation_for_view=Yd-UKrsAAAAJ:SeFeTyx0c_EC,"Multimedia Tools and Applications 83 (9), 28175-28196, 2024","S Singh, MK Maurya, NP Singh",20,
Dr Nagendra Pratap Singh,Non-invasive blood group prediction using optimized EfficientNet architecture: A systematic approach,2024,https://scholar.google.com/citations?view_op=view_citation&hl=en&user=Yd-UKrsAAAAJ&pagesize=100&sortby=pubdate&citation_for_view=Yd-UKrsAAAAJ:t6usbXjVLHcC,"Int. J. Inf. Gen. Signal Process., 2024","NS Ujgare, NP Singh, PK Verma, M Patil, A Verma",24,
Dr Nagendra Pratap Singh,Oral cancer detection at an earlier stage,2023,https://scholar.google.com/citations?view_op=view_citation&hl=en&user=Yd-UKrsAAAAJ&pagesize=100&sortby=pubdate&citation_for_view=Yd-UKrsAAAAJ:V3AGJWp-ZtQC,"International Conference on Computational Electronics for Wireless …, 2023","A Pal, S Oshiro, PK verma, MKS Yadav, A Raman, P Singh, NP Singh",29,
Dr Nagendra Pratap Singh,A Survey on Optical Coherence Tomography,2023,https://scholar.google.com/citations?view_op=view_citation&hl=en&user=Yd-UKrsAAAAJ&pagesize=100&sortby=pubdate&citation_for_view=Yd-UKrsAAAAJ:l7t_Zn2s7bgC,"2023 IEEE International Conference on Computer Vision and Machine …, 2023","MKS Yadav, NP Singh",2,
Dr Nagendra Pratap Singh,Screening retinal images and extraction of the retinal blood vessel for identifying diseases and classification of arteries and veins by using deep learning,2023,https://scholar.google.com/citations?view_op=view_citation&hl=en&user=Yd-UKrsAAAAJ&pagesize=100&sortby=pubdate&citation_for_view=Yd-UKrsAAAAJ:1yQoGdGgb4wC,"Recent Advances in Electrical & Electronic Engineering (Formerly Recent …, 2023","KS Kumar, S Yadav, N Pratap Singh",4,
Dr Nagendra Pratap Singh,Augmentation of medical image dataset using GAN,2023,https://scholar.google.com/citations?view_op=view_citation&hl=en&user=Yd-UKrsAAAAJ&pagesize=100&sortby=pubdate&citation_for_view=Yd-UKrsAAAAJ:u9iWguZQMMsC,"Artificial Intelligence, Blockchain, Computing and Security Volume 1, 908-912, 2023","H Sheth, S Singh, NP Singh, P Rathee",,
Dr Nagendra Pratap Singh,Skin cancer detection by using squeeze and excitation method,2023,https://scholar.google.com/citations?view_op=view_citation&hl=en&user=Yd-UKrsAAAAJ&pagesize=100&sortby=pubdate&citation_for_view=Yd-UKrsAAAAJ:p2g8aNsByqUC,"Artificial Intelligence, Blockchain, Computing and Security Volume 1, 900-907, 2023","S Pandey, R Dhenkawat, S Yadav, NP Singh",,
Dr Nagendra Pratap Singh,Deep learning driven automated malaria parasite detection in thin blood smears,2023,https://scholar.google.com/citations?view_op=view_citation&hl=en&user=Yd-UKrsAAAAJ&pagesize=100&sortby=pubdate&citation_for_view=Yd-UKrsAAAAJ:OU6Ihb5iCvQC,"Artificial Intelligence, Blockchain, Computing and Security Volume 1, 375-380, 2023","A Verma, S Mansoori, A Srivastava, P Rathee, NP Singh",8,
Dr Nagendra Pratap Singh,Ovarian cancer identification using transfer learning,2023,https://scholar.google.com/citations?view_op=view_citation&hl=en&user=Yd-UKrsAAAAJ&pagesize=100&sortby=pubdate&citation_for_view=Yd-UKrsAAAAJ:uWQEDVKXjbEC,"Artificial Intelligence, Blockchain, Computing and Security Volume 1, 100-107, 2023","R Dhenkawat, S Singh, NP Singh",2,
Dr Nagendra Pratap Singh,Brain tumor detection using texture based LBP feature on MRI images using feature selection technique,2023,https://scholar.google.com/citations?view_op=view_citation&hl=en&user=Yd-UKrsAAAAJ&pagesize=100&sortby=pubdate&citation_for_view=Yd-UKrsAAAAJ:SP6oXDckpogC,"Artificial Intelligence, Blockchain, Computing and Security Volume 1, 30-36, 2023","V Guleria, A Verma, R Dhenkawat, U Chaurasia, NP Singh",4,
Dr Nagendra Pratap Singh,An ensemble learning approach for large scale birds species classification,2023,https://scholar.google.com/citations?view_op=view_citation&hl=en&user=Yd-UKrsAAAAJ&pagesize=100&sortby=pubdate&citation_for_view=Yd-UKrsAAAAJ:UxriW0iASnsC,"Artificial Intelligence, Blockchain, Computing and Security Volume 1, 3-8, 2023","H Vardhan, A Verma, NP Singh",7,
Dr Nagendra Pratap Singh,Analysis on Machine Learning Strategies for Carcinoma Detection Biomarker,2023,https://scholar.google.com/citations?view_op=view_citation&hl=en&user=Yd-UKrsAAAAJ&pagesize=100&sortby=pubdate&citation_for_view=Yd-UKrsAAAAJ:K3LRdlH-MEoC,"Proceedings of the 5th International Conference on Information Management …, 2023","S Verma, PK Verma, NP Singh",,
Dr Nagendra Pratap Singh,Patching based Deep Learning approach for Retinal blood vessels segmentation,2023,https://scholar.google.com/citations?view_op=view_citation&hl=en&user=Yd-UKrsAAAAJ&pagesize=100&sortby=pubdate&citation_for_view=Yd-UKrsAAAAJ:pqnbT2bcN3wC,,"U Garg, PK Verma, NP Singh",,
Dr Nagendra Pratap Singh,Identification of retinal diseases based on retinal blood vessel segmentation using Dagum PDF and feature-based machine learning,2023,https://scholar.google.com/citations?view_op=view_citation&hl=en&user=Yd-UKrsAAAAJ&pagesize=100&sortby=pubdate&citation_for_view=Yd-UKrsAAAAJ:dshw04ExmUIC,"The Imaging Science Journal 71 (5), 425-445, 2023","K Susheel Kumar, N Pratap Singh",2,
Dr Nagendra Pratap Singh,Deep learning-based networks to detect leaf disease in maize and corn,2023,https://scholar.google.com/citations?view_op=view_citation&hl=en&user=Yd-UKrsAAAAJ&pagesize=100&sortby=pubdate&citation_for_view=Yd-UKrsAAAAJ:fPk4N6BV_jEC,"2023 International Conference on IoT, Communication and Automation …, 2023","S Singh, A Verma, V Guleria, S Yadav, NP Singh",12,
Dr Nagendra Pratap Singh,Retinal disease prediction through blood vessel segmentation and classification using ensemble-based deep learning approaches,2023,https://scholar.google.com/citations?view_op=view_citation&hl=en&user=Yd-UKrsAAAAJ&pagesize=100&sortby=pubdate&citation_for_view=Yd-UKrsAAAAJ:L8Ckcad2t8MC,"Neural Computing and Applications 35 (17), 12495-12511, 2023","KS Kumar, NP Singh",40,
Dr Nagendra Pratap Singh,Retinal blood vessels segmentation using Wald PDF and MSMO operator,2023,https://scholar.google.com/citations?view_op=view_citation&hl=en&user=Yd-UKrsAAAAJ&pagesize=100&sortby=pubdate&citation_for_view=Yd-UKrsAAAAJ:Wp0gIr-vW9MC,"Computer Methods in Biomechanics and Biomedical Engineering: Imaging …, 2023","SK Saroj, R Kumar, NP Singh",5,
Dr Nagendra Pratap Singh,Novel ALBP and OLBP features for gender prediction from offline handwriting,2023,https://scholar.google.com/citations?view_op=view_citation&hl=en&user=Yd-UKrsAAAAJ&pagesize=100&sortby=pubdate&citation_for_view=Yd-UKrsAAAAJ:mVmsd5A6BfQC,"International Journal of Information Technology 15 (3), 1453-1464, 2023","A Verma, R Rahi, NP Singh",14,
Dr Nagendra Pratap Singh,Analysis of retinal blood vessel segmentation techniques: a systematic survey,2023,https://scholar.google.com/citations?view_op=view_citation&hl=en&user=Yd-UKrsAAAAJ&pagesize=100&sortby=pubdate&citation_for_view=Yd-UKrsAAAAJ:kNdYIx-mwKoC,"Multimedia Tools and Applications 82 (5), 7679-7733, 2023","KS Kumar, NP Singh",32,
Dr Nagendra Pratap Singh,Segmentation of retinal blood vessel using generalized extreme value probability distribution function (pdf)-based matched filter approach,2023,https://scholar.google.com/citations?view_op=view_citation&hl=en&user=Yd-UKrsAAAAJ&pagesize=100&sortby=pubdate&citation_for_view=Yd-UKrsAAAAJ:_FxGoFyzp5QC,"Pattern Analysis and Applications 26 (1), 307-332, 2023","KS Kumar, NP Singh",6,
Dr Nagendra Pratap Singh,Skin cancer detection using deep learning approach,2023,https://scholar.google.com/citations?view_op=view_citation&hl=en&user=Yd-UKrsAAAAJ&pagesize=100&sortby=pubdate&citation_for_view=Yd-UKrsAAAAJ:J_g5lzvAfSwC,"International Conference on Smart Trends for Information Technology and …, 2023","Ankush, S Singh, NP Singh, P Rathee",1,
Dr Nagendra Pratap Singh,Bell-pepper leaf bacterial spot detection using AlexNet and VGG-16,2023,https://scholar.google.com/citations?view_op=view_citation&hl=en&user=Yd-UKrsAAAAJ&pagesize=100&sortby=pubdate&citation_for_view=Yd-UKrsAAAAJ:ns9cj8rnVeAC,"International Conference on Smart Trends for Information Technology and …, 2023","K Kapoor, S Singh, NP Singh, Priyanka",4,
Dr Nagendra Pratap Singh,"IPU19-27 (IC0636672; INGR21051), a Black gram (Vigna mungo) Germplasm, Extra Early (60-62 days) Resistant to Yellow Mosaic Disease (MYMV)",2023,https://scholar.google.com/citations?view_op=view_citation&hl=en&user=Yd-UKrsAAAAJ&pagesize=100&sortby=pubdate&citation_for_view=Yd-UKrsAAAAJ:tzM49s52ZIMC,"Indian Society Of Plant Genetic Resources 36 (1), 164-165, 2023","DS Gupta, PK Katiyar, J Kumar, S Gupta, NP Singh",,
Dr Nagendra Pratap Singh,Brain tumor classification using deep learning techniques,2022,https://scholar.google.com/citations?view_op=view_citation&hl=en&user=Yd-UKrsAAAAJ&pagesize=100&sortby=pubdate&citation_for_view=Yd-UKrsAAAAJ:KlAtU1dfN6UC,"International Conference on Machine Learning, Image Processing, Network …, 2022","KS Kumar, A Bansal, NP Singh",8,
Dr Nagendra Pratap Singh,Genetics of tomato leaf curl New Delhi virus in lentil (Lens culinaris Medikus),2022,https://scholar.google.com/citations?view_op=view_citation&hl=en&user=Yd-UKrsAAAAJ&pagesize=100&sortby=pubdate&citation_for_view=Yd-UKrsAAAAJ:tKAzc9rXhukC,"Indian Phytopathology 75 (4), 1217-1220, 2022","J Kumar, M Akram, DS Gupta, NP Singh",,
Dr Nagendra Pratap Singh,An efficient registration-based approach for retinal blood vessel segmentation using generalized Pareto and fatigue pdf,2022,https://scholar.google.com/citations?view_op=view_citation&hl=en&user=Yd-UKrsAAAAJ&pagesize=100&sortby=pubdate&citation_for_view=Yd-UKrsAAAAJ:eQOLeE2rZwMC,"Medical Engineering & Physics 110, 103936, 2022","KS Kumar, NP Singh",5,
Dr Nagendra Pratap Singh,COVID Prediction Using Different Modality of Medical Imaging,2022,https://scholar.google.com/citations?view_op=view_citation&hl=en&user=Yd-UKrsAAAAJ&pagesize=100&sortby=pubdate&citation_for_view=Yd-UKrsAAAAJ:HoB7MX3m0LUC,"International Conference on Advances in Data-driven Computing and …, 2022","U Chaurasia, R Dhenkawat, PK Verma, NP Singh",,
Dr Nagendra Pratap Singh,Left Ventricle Volume Analysis in Cardiac MRI Images Using Convolutional Neural Networks,2022,https://scholar.google.com/citations?view_op=view_citation&hl=en&user=Yd-UKrsAAAAJ&pagesize=100&sortby=pubdate&citation_for_view=Yd-UKrsAAAAJ:5nxA0vEk-isC,"Role of Data-Intensive Distributed Computing Systems in Designing Data …, 2022","PSK Yadhav, KS Kumar, NP Singh",,
Dr Nagendra Pratap Singh,Attention-Based Deep Learning Approach for Semantic Analysis of Chest X-Ray Images Modality,2022,https://scholar.google.com/citations?view_op=view_citation&hl=en&user=Yd-UKrsAAAAJ&pagesize=100&sortby=pubdate&citation_for_view=Yd-UKrsAAAAJ:Se3iqnhoufwC,"Role of Data-Intensive Distributed Computing Systems in Designing Data …, 2022","R Dhenkawat, S Saini, S Kumar, NP Singh",,
Dr Nagendra Pratap Singh,Retinal image enhancement using hybrid approach,2022,https://scholar.google.com/citations?view_op=view_citation&hl=en&user=Yd-UKrsAAAAJ&pagesize=100&sortby=pubdate&citation_for_view=Yd-UKrsAAAAJ:0EnyYjriUFMC,"Machine Intelligence and Smart Systems: Proceedings of MISS 2021, 515-524, 2022","PK Verma, NP Singh",2,
Dr Nagendra Pratap Singh,Retinal blood vessels segmentation using frechet pdf and msmo method,2022,https://scholar.google.com/citations?view_op=view_citation&hl=en&user=Yd-UKrsAAAAJ&pagesize=100&sortby=pubdate&citation_for_view=Yd-UKrsAAAAJ:Tyk-4Ss8FVUC,"ELCVIA Electronic Letters on Computer Vision and Image Analysis 21 (1), 27-46, 2022","R Kumar, NP Singh",5,
Dr Nagendra Pratap Singh,Retinal blood vessel segmentation using a generalized gamma probability distribution function (pdf) of matched filtered,2022,https://scholar.google.com/citations?view_op=view_citation&hl=en&user=Yd-UKrsAAAAJ&pagesize=100&sortby=pubdate&citation_for_view=Yd-UKrsAAAAJ:hqOjcs7Dif8C,"International Journal of Fuzzy System Applications (IJFSA) 11 (2), 1-16, 2022","KS Kumar, NP Singh",3,
Dr Nagendra Pratap Singh,Identi cation and validation of new sources of resistance for Mungbean Yellow Mosaic India Virus in urdbean [Vigna mungo (L.) Hepper],2022,https://scholar.google.com/citations?view_op=view_citation&hl=en&user=Yd-UKrsAAAAJ&pagesize=100&sortby=pubdate&citation_for_view=Yd-UKrsAAAAJ:kzcrU_BdoSEC,"Journal of Food Legumes 35 (1), 41-46, 2022","M Akram, DS Gupta, PK Katiyar, AK Singh, NP Singh",,
Dr Nagendra Pratap Singh,Semantic Analysis of Chest X-Ray using an Attention-based CNN,2022,https://scholar.google.com/citations?view_op=view_citation&hl=en&user=Yd-UKrsAAAAJ&pagesize=100&sortby=pubdate&citation_for_view=Yd-UKrsAAAAJ:4DMP91E08xMC,,"R Dhenkawat, S Saini, NP Singh",,
Dr Nagendra Pratap Singh,Segmentation of retinal blood vessel structure using Birnbaum-Saunders (fatigue life) probability distribution function,2022,https://scholar.google.com/citations?view_op=view_citation&hl=en&user=Yd-UKrsAAAAJ&pagesize=100&sortby=pubdate&citation_for_view=Yd-UKrsAAAAJ:4TOpqqG69KYC,"International Journal of Medical Engineering and Informatics 14 (6), 484-500, 2022","KS Kumar, NP Singh",,
Dr Nagendra Pratap Singh,Gender Recognition by Voice Using Machine Learning,2021,https://scholar.google.com/citations?view_op=view_citation&hl=en&user=Yd-UKrsAAAAJ&pagesize=100&sortby=pubdate&citation_for_view=Yd-UKrsAAAAJ:u5HHmVD_uO8C,"International Conference on Advanced Network Technologies and Intelligent …, 2021","R Bhatia, NP Singh",1,
Dr Nagendra Pratap Singh,A comparatively study of machine learning approaches to predict service of disease haemophilia a,2021,https://scholar.google.com/citations?view_op=view_citation&hl=en&user=Yd-UKrsAAAAJ&pagesize=100&sortby=pubdate&citation_for_view=Yd-UKrsAAAAJ:UeHWp8X0CEIC,"2021 First International Conference on Advances in Computing and Future …, 2021","K Kumar, PK Verma, NP Singh",2,
Dr Nagendra Pratap Singh,Segmentation of retinal blood vessel using an algorithm-based gamma distribution of matched filter,2021,https://scholar.google.com/citations?view_op=view_citation&hl=en&user=Yd-UKrsAAAAJ&pagesize=100&sortby=pubdate&citation_for_view=Yd-UKrsAAAAJ:u-x6o8ySG0sC,"Proceedings of Integrated Intelligence Enable Networks and Computing: IIENC …, 2021","K Susheel Kumar, CS Jatoth, NP Singh",5,
Dr Nagendra Pratap Singh,Efficient kernel based matched filter approach for segmentation of retinal blood vessels,2020,https://scholar.google.com/citations?view_op=view_citation&hl=en&user=Yd-UKrsAAAAJ&pagesize=100&sortby=pubdate&citation_for_view=Yd-UKrsAAAAJ:qxL8FJ1GzNcC,"arXiv preprint arXiv:2012.03601, 2020","SK Saroj, V Ratna, R Kumar, NP Singh",9,
Dr Nagendra Pratap Singh,Frechet PDF based matched filter approach for retinal blood vessels segmentation,2020,https://scholar.google.com/citations?view_op=view_citation&hl=en&user=Yd-UKrsAAAAJ&pagesize=100&sortby=pubdate&citation_for_view=Yd-UKrsAAAAJ:aqlVkmm33-oC,"Computer methods and programs in biomedicine 194, 105490, 2020","SK Saroj, R Kumar, NP Singh",56,
Dr Nagendra Pratap Singh,Efficient Segmentation and Registration of Retinal Image Using Gumble Probability Distribution and BRISK Feature.,2020,https://scholar.google.com/citations?view_op=view_citation&hl=en&user=Yd-UKrsAAAAJ&pagesize=100&sortby=pubdate&citation_for_view=Yd-UKrsAAAAJ:Zph67rFs4hoC,"Traitement du Signal 37 (5), 855-864, 2020","NP Singh, VP Singh",13,
Dr Nagendra Pratap Singh,On scheduling transaction in grid computing using cuckoo search-ant colony optimization considering load,2020,https://scholar.google.com/citations?view_op=view_citation&hl=en&user=Yd-UKrsAAAAJ&pagesize=100&sortby=pubdate&citation_for_view=Yd-UKrsAAAAJ:WF5omc3nYNoC,"Cluster Computing 23 (2), 1483-1504, 2020","DP Mahato, JK Sandhu, NP Singh, V Kaushal",47,
Dr Nagendra Pratap Singh,Image enhancement: a review,2020,https://scholar.google.com/citations?view_op=view_citation&hl=en&user=Yd-UKrsAAAAJ&pagesize=100&sortby=pubdate&citation_for_view=Yd-UKrsAAAAJ:ULOm3_A8WrAC,"Ambient Communications and Computer Systems: RACCCS 2019, 347-355, 2020","PK Verma, NP Singh, D Yadav",21,
Dr Nagendra Pratap Singh,Mushroom classification using feature-based machine learning approach,2019,https://scholar.google.com/citations?view_op=view_citation&hl=en&user=Yd-UKrsAAAAJ&pagesize=100&sortby=pubdate&citation_for_view=Yd-UKrsAAAAJ:8k81kl-MbHgC,"Proceedings of 3rd International Conference on Computer Vision and Image …, 2019","P Maurya, NP Singh",48,
Dr Nagendra Pratap Singh,Extraction of retinal blood vessels by using an extended matched filter based on second derivative of Gaussian,2019,https://scholar.google.com/citations?view_op=view_citation&hl=en&user=Yd-UKrsAAAAJ&pagesize=100&sortby=pubdate&citation_for_view=Yd-UKrsAAAAJ:W7OEmFMy1HYC,"Proceedings of the national academy of sciences, India section a: physical …, 2019","NP Singh, R Srivastava",29,
Dr Nagendra Pratap Singh,Dependability analysis for on-demand computing based transaction processing system,2019,https://scholar.google.com/citations?view_op=view_citation&hl=en&user=Yd-UKrsAAAAJ&pagesize=100&sortby=pubdate&citation_for_view=Yd-UKrsAAAAJ:3fE2CSJIrl8C,"International Conference on Advanced Information Networking and Applications …, 2019","DP Mahato, JK Sandhu, NP Singh, K Dutta",3,
Dr Nagendra Pratap Singh,Machine learning-based classification of good and rotten apple,2018,https://scholar.google.com/citations?view_op=view_citation&hl=en&user=Yd-UKrsAAAAJ&pagesize=100&sortby=pubdate&citation_for_view=Yd-UKrsAAAAJ:UebtZRa9Y70C,"Recent Trends in Communication, Computing, and Electronics: Select …, 2018","S Singh, NP Singh",54,
Dr Nagendra Pratap Singh,Classification of normal and abnormal retinal images by using feature-based machine learning approach,2018,https://scholar.google.com/citations?view_op=view_citation&hl=en&user=Yd-UKrsAAAAJ&pagesize=100&sortby=pubdate&citation_for_view=Yd-UKrsAAAAJ:LkGwnXOMwfcC,"Recent Trends in Communication, Computing, and Electronics: Select …, 2018","P Yadav, NP Singh",19,
Dr Nagendra Pratap Singh,Melanoma skin cancer detection using various classifiers,2018,https://scholar.google.com/citations?view_op=view_citation&hl=en&user=Yd-UKrsAAAAJ&pagesize=100&sortby=pubdate&citation_for_view=Yd-UKrsAAAAJ:ufrVoPGSRksC,"2018 5th IEEE Uttar Pradesh Section International Conference on Electrical …, 2018","P Shahi, S Yadav, N Singh, NP Singh",17,
Dr Nagendra Pratap Singh,Feature based leaf identification,2018,https://scholar.google.com/citations?view_op=view_citation&hl=en&user=Yd-UKrsAAAAJ&pagesize=100&sortby=pubdate&citation_for_view=Yd-UKrsAAAAJ:d1gkVwhDpl0C,"2018 5th IEEE Uttar Pradesh section international conference on electrical …, 2018","NP Singh, T Nagahma, P Yadav, D Yadav",11,
Dr Nagendra Pratap Singh,Physiological and molecular characterisation for high temperature stress in Lens culinaris.,2018,https://scholar.google.com/citations?view_op=view_citation&hl=en&user=Yd-UKrsAAAAJ&pagesize=100&sortby=pubdate&citation_for_view=Yd-UKrsAAAAJ:NJ774b8OgUMC,,"JK Jitendra Kumar, PS Basu, SG Sunanda Gupta, SD Sonali Dubey, ...",,
Dr Nagendra Pratap Singh,Identification of QTLs for agronomic traits using association mapping in lentil.,2018,https://scholar.google.com/citations?view_op=view_citation&hl=en&user=Yd-UKrsAAAAJ&pagesize=100&sortby=pubdate&citation_for_view=Yd-UKrsAAAAJ:_Re3VWB3Y0AC,,"JK Jitendra Kumar, SG Sunanda Gupta, DS Gupta, NP Singh",,
Dr Nagendra Pratap Singh,Association of functional markers with flowering time in lentil.,2018,https://scholar.google.com/citations?view_op=view_citation&hl=en&user=Yd-UKrsAAAAJ&pagesize=100&sortby=pubdate&citation_for_view=Yd-UKrsAAAAJ:ZfRJV9d4-WMC,,"JK Jitendra Kumar, SG Sunanda Gupta, RS Biradar, PG Priyanka Gupta, ...",,
Dr Nagendra Pratap Singh,Genetic diversity changes in Indian lentils over the times.,2018,https://scholar.google.com/citations?view_op=view_citation&hl=en&user=Yd-UKrsAAAAJ&pagesize=100&sortby=pubdate&citation_for_view=Yd-UKrsAAAAJ:Fu2w8maKXqMC,,"JK Jitendra Kumar, SG Sunanda Gupta, SD Sonali Dubey, ...",,
Dr Nagendra Pratap Singh,Retinal blood vessels segmentation by using Gumbel probability distribution function based matched filter,2016,https://scholar.google.com/citations?view_op=view_citation&hl=en&user=Yd-UKrsAAAAJ&pagesize=100&sortby=pubdate&citation_for_view=Yd-UKrsAAAAJ:YOwf2qJgpHMC,"Computer methods and programs in biomedicine 129, 40-50, 2016","NP Singh, R Srivastava",169,
Dr Nagendra Pratap Singh,Segmentation of retinal blood vessels by using a matched filter based on second derivative of Gaussian,2016,https://scholar.google.com/citations?view_op=view_citation&hl=en&user=Yd-UKrsAAAAJ&pagesize=100&sortby=pubdate&citation_for_view=Yd-UKrsAAAAJ:9yKSN-GCB0IC,"International Journal of Biomedical Engineering and Technology 21 (3), 229-246, 2016","NP Singh, R Srivastava",20,
Dr Nagendra Pratap Singh,Weibull probability distribution function-based matched filter approach for retinal blood vessels segmentation,2015,https://scholar.google.com/citations?view_op=view_citation&hl=en&user=Yd-UKrsAAAAJ&pagesize=100&sortby=pubdate&citation_for_view=Yd-UKrsAAAAJ:2osOgNQ5qMEC,"International Conference on Computational Intelligence, 427-437, 2015","NP Singh, R Srivastava",18,
Dr Nagendra Pratap Singh,Local entropy thresholding based fast retinal vessels segmentation by modifying matched filter,2015,https://scholar.google.com/citations?view_op=view_citation&hl=en&user=Yd-UKrsAAAAJ&pagesize=100&sortby=pubdate&citation_for_view=Yd-UKrsAAAAJ:YsMSGLbcyi4C,"International Conference on Computing, Communication & Automation, 1166-1170, 2015","NP Singh, R Kumar, R Srivastava",48,
Dr Nagendra Pratap Singh,Position control and tracking of ball and plate system using fuzzy sliding mode controller,2015,https://scholar.google.com/citations?view_op=view_citation&hl=en&user=Yd-UKrsAAAAJ&pagesize=100&sortby=pubdate&citation_for_view=Yd-UKrsAAAAJ:-_dYPAW6P2MC,"Afro-European Conference for Industrial Advancement: Proceedings of the …, 2015","A Negash, NP Singh",16,
Dr Nagendra Pratap Singh,"Studies on repellent activity of seed oils alone and in combination on mosquito, Aedes aegypti",2014,https://scholar.google.com/citations?view_op=view_citation&hl=en&user=Yd-UKrsAAAAJ&pagesize=100&sortby=pubdate&citation_for_view=Yd-UKrsAAAAJ:_Ybze24A_UAC,"Journal of Environmental Biology 35 (5), 917, 2014","Y Mukesh, P Savitri, R Kaushik, NP Singh",13,
Dr Nagendra Pratap Singh,Studies on effect of pollarding in papaya,2014,https://scholar.google.com/citations?view_op=view_citation&hl=en&user=Yd-UKrsAAAAJ&pagesize=100&sortby=pubdate&citation_for_view=Yd-UKrsAAAAJ:35r97b3x0nAC,,"J Prakash, SP Das, T Bhattacharjee, NP Singh",7,
Dr Nagendra Pratap Singh,An Approach to Filter the Test Data for Killing Multiple Mutants in Different Locations,2013,https://scholar.google.com/citations?view_op=view_citation&hl=en&user=Yd-UKrsAAAAJ&pagesize=100&sortby=pubdate&citation_for_view=Yd-UKrsAAAAJ:M3ejUd6NZC8C,"International Journal of Computer Theory and Engineering 5 (2), 253, 2013","NP Singh, R Mishra, S Tiwari, AK Misra",,
Dr Nagendra Pratap Singh,COMMUNITY KNOWLEDGE AND PERCEPTIONSABOUT MOSQUITOESAND,2013,https://scholar.google.com/citations?view_op=view_citation&hl=en&user=Yd-UKrsAAAAJ&pagesize=100&sortby=pubdate&citation_for_view=Yd-UKrsAAAAJ:W5xh706n7nkC,"Indian Journal of Environmental Sciences 17 (1), 15-23, 2013","S Poonia, M Yadav, R Kaushik, NP Singh",,
Dr Nagendra Pratap Singh,An ID-based signature scheme from bilinear pairing based on EX-K-Plus problem,2012,https://scholar.google.com/citations?view_op=view_citation&hl=en&user=Yd-UKrsAAAAJ&pagesize=100&sortby=pubdate&citation_for_view=Yd-UKrsAAAAJ:qjMakFHDy7sC,"Advanced Materials Research 403, 929-934, 2012","S Mishra, R Yaduvanshi, AK Rai, NP Singh",5,
Dr Nagendra Pratap Singh,Analysis of Software Complexity Measures for Regression Testing,2011,https://scholar.google.com/citations?view_op=view_citation&hl=en&user=Yd-UKrsAAAAJ&pagesize=100&sortby=pubdate&citation_for_view=Yd-UKrsAAAAJ:Y0pCki6q_DkC,"Proceedings of International Conference on Advances in Computer Engineering …, 2011","MK Debbarma, NP Singh, AK Shrivastava, R Mishra",3,
Dr Nagendra Pratap Singh,Analytical review of test redundancy detection techniques,2011,https://scholar.google.com/citations?view_op=view_citation&hl=en&user=Yd-UKrsAAAAJ&pagesize=100&sortby=pubdate&citation_for_view=Yd-UKrsAAAAJ:zYLM7Y9cAGgC,"International Journal of Computer Applications 27 (1), 2011","NP Singh, R Mishra, RR Yadav",7,
Dr Nagendra Pratap Singh,The review: Lifecycle of object-oriented software testing,2011,https://scholar.google.com/citations?view_op=view_citation&hl=en&user=Yd-UKrsAAAAJ&pagesize=100&sortby=pubdate&citation_for_view=Yd-UKrsAAAAJ:_kc_bZDykSQC,"2011 3rd international conference on electronics computer technology 3, 52-56, 2011","NP Singh, R Mishra, MK Debbarma, S Sachan",7,
Dr Nagendra Pratap Singh,RESPONSE OF VARIETIES AND PLANTING DATES ON GROWTH AND YIELD BEHAVIOUR OF LENTIL (LENS CULINARIS MEDIK.),2006,https://scholar.google.com/citations?view_op=view_citation&hl=en&user=Yd-UKrsAAAAJ&pagesize=100&sortby=pubdate&citation_for_view=Yd-UKrsAAAAJ:2KloaMYe4IUC,"Annals of Agricultural Research 27 (1), 2006","NK Sepat, NP Singh, RN Sepat",,
Dr Nagendra Pratap Singh,Unsupervised Attention-Based Framework for Cancerous Region Segmentation with Explainable Post-Hoc Thresholding in Histopathological Images,,https://scholar.google.com/citations?view_op=view_citation&hl=en&user=Yd-UKrsAAAAJ&pagesize=100&sortby=pubdate&citation_for_view=Yd-UKrsAAAAJ:evX43VCCuoAC,"Available at SSRN 5251345, 0","S Singh, R Kumar, N Singh, M Maurya",,
Dr Nagendra Pratap Singh,"ISSR based diversity analysis in beachpea (Vigna marina) accessions of Andaman and Nicobar Islands, India",,https://scholar.google.com/citations?view_op=view_citation&hl=en&user=Yd-UKrsAAAAJ&pagesize=100&sortby=pubdate&citation_for_view=Yd-UKrsAAAAJ:7T2F9Uy0os0C,,"AK Singh, A Velmurugan, DS Gupta, NP Singh, SD Roy, U Biswas, ...",,
Dr Krishna Pal Sharma,A-Geo: Adaptive Geographic Routing for Consumer FANETs in Next-Generation Communication,2025,https://scholar.google.com/citations?view_op=view_citation&hl=en&user=QM9qltUAAAAJ&pagesize=100&sortby=pubdate&citation_for_view=QM9qltUAAAAJ:OTTXONDVkokC,"IEEE Transactions on Consumer Electronics, 2025","V Singh, KP Sharma, HK Verma, G Kumar, B Balusamy, S Rani, W Jiang",,
Dr Krishna Pal Sharma,Blockchain-Enabled Quantum Encryption Scheme for Securing Next-Generation IoT Networks,2025,https://scholar.google.com/citations?view_op=view_citation&hl=en&user=QM9qltUAAAAJ&pagesize=100&sortby=pubdate&citation_for_view=QM9qltUAAAAJ:WJVC3Jt7v1AC,"IEEE Communications Standards Magazine, 2025","S Prajapat, G Thakur, P Kumar, G Kumar, KP Sharma",,
Dr Krishna Pal Sharma,Novel approach of time series prediction using SEMG on hand gestures for prosthetic control,2025,https://scholar.google.com/citations?view_op=view_citation&hl=en&user=QM9qltUAAAAJ&pagesize=100&sortby=pubdate&citation_for_view=QM9qltUAAAAJ:6ZxmRoH8BuwC,"Sādhanā 50 (3), 121, 2025","T Sharma, KP Sharma",,
Dr Krishna Pal Sharma,"A YOLOv11-Based Robust, Scalable, and Efficient Pothole Detection Approach",2025,https://scholar.google.com/citations?view_op=view_citation&hl=en&user=QM9qltUAAAAJ&pagesize=100&sortby=pubdate&citation_for_view=QM9qltUAAAAJ:_5tno0g5mFcC,"2025 International Conference on Electronics, AI and Computing (EAIC), 1-6, 2025","SF Qaser, KP Sharma",,
Dr Krishna Pal Sharma,CLGR: Connectivity and link quality aware geographical routing using AHP-TOPSIS for FANETs,2025,https://scholar.google.com/citations?view_op=view_citation&hl=en&user=QM9qltUAAAAJ&pagesize=100&sortby=pubdate&citation_for_view=QM9qltUAAAAJ:umqufdRvDiIC,"Peer-to-Peer Networking and Applications 18 (1), 63, 2025","V Singh, KP Sharma, HK Verma",5,
Dr Krishna Pal Sharma,Leach-Based Clustering Routing Protocols in Wireless Sensor Networks-A Review,2024,https://scholar.google.com/citations?view_op=view_citation&hl=en&user=QM9qltUAAAAJ&pagesize=100&sortby=pubdate&citation_for_view=QM9qltUAAAAJ:2VqYfGB8ITEC,"2024 4th International Conference on Innovative Sustainable Computational …, 2024","S Sharma, KP Sharma",,
Dr Krishna Pal Sharma,Adaptive Multi-metric Geographic Routing Protocol for FANETs,2024,https://scholar.google.com/citations?view_op=view_citation&hl=en&user=QM9qltUAAAAJ&pagesize=100&sortby=pubdate&citation_for_view=QM9qltUAAAAJ:DUooU5lO8OsC,"2024 International Conference on Modeling, Simulation & Intelligent …, 2024","V Singh, KP Sharma, HK Verma",,
Dr Krishna Pal Sharma,A Decade Review of Authentication and Communication Methods in IoT Environment,2024,https://scholar.google.com/citations?view_op=view_citation&hl=en&user=QM9qltUAAAAJ&pagesize=100&sortby=pubdate&citation_for_view=QM9qltUAAAAJ:XvxMoLDsR5gC,"Wireless Personal Communications 139 (1), 595-623, 2024","R Singh, KP Sharma, LK Awasthi",,
Dr Krishna Pal Sharma,A machine learning-based ensemble model for securing the IoT network,2024,https://scholar.google.com/citations?view_op=view_citation&hl=en&user=QM9qltUAAAAJ&pagesize=100&sortby=pubdate&citation_for_view=QM9qltUAAAAJ:HtEfBTGE9r8C,"Cluster Computing 27 (8), 10883-10897, 2024","R Singh, KP Sharma, LK Awasthi",7,
Dr Krishna Pal Sharma,Alzheimer's Disease Detection and Classification: A Survey,2024,https://scholar.google.com/citations?view_op=view_citation&hl=en&user=QM9qltUAAAAJ&pagesize=100&sortby=pubdate&citation_for_view=QM9qltUAAAAJ:4hFrxpcac9AC,"2024 First International Conference on Pioneering Developments in Computer …, 2024","R Saini, KP Sharma",,
Dr Krishna Pal Sharma,"ETSI ITS: A comprehensive overview of the architecture, challenges and issues",2024,https://scholar.google.com/citations?view_op=view_citation&hl=en&user=QM9qltUAAAAJ&pagesize=100&sortby=pubdate&citation_for_view=QM9qltUAAAAJ:NXb4pA-qfm4C,"International Journal of Sensors Wireless Communications and Control 14 (2 …, 2024","FR Lone, HK Verma, KP Sharma",4,
Dr Krishna Pal Sharma,Forecasting the Semg Signal Using Wavelet Transform and Anfis Model,2024,https://scholar.google.com/citations?view_op=view_citation&hl=en&user=QM9qltUAAAAJ&pagesize=100&sortby=pubdate&citation_for_view=QM9qltUAAAAJ:GtLg2Ama23sC,"Proceedings of the National Academy of Sciences, India Section A: Physical …, 2024","T Sharma, KP Sharma",,
Dr Krishna Pal Sharma,"A systematic study on the challenges, characteristics and security issues in vehicular networks",2024,https://scholar.google.com/citations?view_op=view_citation&hl=en&user=QM9qltUAAAAJ&pagesize=100&sortby=pubdate&citation_for_view=QM9qltUAAAAJ:_axFR9aDTf0C,"International Journal of Pervasive Computing and Communications 20 (1), 56-98, 2024","F Lone, HK Verma, KP Sharma",10,
Dr Krishna Pal Sharma,MF‐DLB: Multimetric forwarding and directed acyclic graph‐based load balancing for geographic routing in FANETs,2024,https://scholar.google.com/citations?view_op=view_citation&hl=en&user=QM9qltUAAAAJ&pagesize=100&sortby=pubdate&citation_for_view=QM9qltUAAAAJ:9pM33mqn1YgC,"Concurrency and Computation: Practice and Experience, e8025, 2024","V Singh, KP Sharma, HK Verma",3,
Dr Krishna Pal Sharma,A Feature Selection Technique Using Self-Organizing Maps for Software Defect Prediction,2023,https://scholar.google.com/citations?view_op=view_citation&hl=en&user=QM9qltUAAAAJ&pagesize=100&sortby=pubdate&citation_for_view=QM9qltUAAAAJ:4fGpz3EwCPoC,"Big Data Analytics in Intelligent IoT and Cyber-Physical Systems, 169-184, 2023","KP Sharma, Shivam, N Sharma, R Sharma, M Mishra",,
Dr Krishna Pal Sharma,International roughness index prediction using various machine learning techniques on flexible pavements,2023,https://scholar.google.com/citations?view_op=view_citation&hl=en&user=QM9qltUAAAAJ&pagesize=100&sortby=pubdate&citation_for_view=QM9qltUAAAAJ:bz8QjSJIRt4C,"Big Data Analytics in Intelligent IoT and Cyber-Physical Systems, 209-235, 2023","WH Pandit, KP Sharma, N Sharma, P Tomar, S Khan",2,
Dr Krishna Pal Sharma,EEDF: Enhanced Encryption Decryption Framework for Device Authentication in IoT.,2023,https://scholar.google.com/citations?view_op=view_citation&hl=en&user=QM9qltUAAAAJ&pagesize=100&sortby=pubdate&citation_for_view=QM9qltUAAAAJ:kh2fBNsKQNwC,"Adhoc & Sensor Wireless Networks 56, 2023","R Singh, LK Awasthi, KP Sharma",,
Dr Krishna Pal Sharma,"Vitamin D Status among the Population Visiting Jigme Dorji Wangchuck National Referral Hospital, Bhutan",2023,https://scholar.google.com/citations?view_op=view_citation&hl=en&user=QM9qltUAAAAJ&pagesize=100&sortby=pubdate&citation_for_view=QM9qltUAAAAJ:anf4URPfarAC,"Indian Journal of Endocrinology and Metabolism 27 (5), 436-439, 2023","GP Dhakal, KP Sharma, GP Bajgai, TR Sharma, TM Bajgai, J Tenzin, ...",1,
Dr Krishna Pal Sharma,Price Prediction of Bitcoin using Social Media Activities and Past Trends,2023,https://scholar.google.com/citations?view_op=view_citation&hl=en&user=QM9qltUAAAAJ&pagesize=100&sortby=pubdate&citation_for_view=QM9qltUAAAAJ:YohjEiUPhakC,"2023 13th International Conference on Cloud Computing, Data Science …, 2023","KP Sharma, SK Singh, A Choudhary, H Goel",10,
Dr Krishna Pal Sharma,Breast cancer classification using snapshot ensemble deep learning model and t-distributed stochastic neighbor embedding,2023,https://scholar.google.com/citations?view_op=view_citation&hl=en&user=QM9qltUAAAAJ&pagesize=100&sortby=pubdate&citation_for_view=QM9qltUAAAAJ:hCrLmN-GePgC,"Multimedia Tools and Applications 82 (3), 4011-4029, 2023","N Sharma, KP Sharma, M Mangla, R Rani",41,
Dr Krishna Pal Sharma,Recommender credibility-based trust model for secure v2x communication,2022,https://scholar.google.com/citations?view_op=view_citation&hl=en&user=QM9qltUAAAAJ&pagesize=100&sortby=pubdate&citation_for_view=QM9qltUAAAAJ:rmuvC79q63oC,"2022 5th International Conference on Computational Intelligence and Networks …, 2022","FR Lone, HK Verma, KP Sharma",4,
Dr Krishna Pal Sharma,"A Systematic Review of Deep Learning Techniques for Semantic Image Segmentation: Methods, Future Directions, and Challenges",2022,https://scholar.google.com/citations?view_op=view_citation&hl=en&user=QM9qltUAAAAJ&pagesize=100&sortby=pubdate&citation_for_view=QM9qltUAAAAJ:a9-T7VOCCH8C,"Handbook of Research on Machine Learning: Foundations and Applications, 49, 2022","KP SHARMA, V WADHWA",,
Dr Krishna Pal Sharma,"A systematic review of deep learning techniques for semantic image segmentation: methods, future directions, and challenges",2022,https://scholar.google.com/citations?view_op=view_citation&hl=en&user=QM9qltUAAAAJ&pagesize=100&sortby=pubdate&citation_for_view=QM9qltUAAAAJ:FPJr55Dyh1AC,"Handbook of research on machine learning, 49-86, 2022","AS Pall, N Sharma, KP Sharma, V Wadhwa",1,
Dr Krishna Pal Sharma,Time Series Forecasting Techniques for Infectious Disease Prediction,2022,https://scholar.google.com/citations?view_op=view_citation&hl=en&user=QM9qltUAAAAJ&pagesize=100&sortby=pubdate&citation_for_view=QM9qltUAAAAJ:0N-VGjzr574C,"Handbook of Research on Machine Learning, 269-287, 2022","J Dev, M Mangla, N Sharma, KP Sharma",,
Dr Krishna Pal Sharma,ABNT: Adaptive beaconing and neighbor timeout for geographical routing in UAV networks,2022,https://scholar.google.com/citations?view_op=view_citation&hl=en&user=QM9qltUAAAAJ&pagesize=100&sortby=pubdate&citation_for_view=QM9qltUAAAAJ:ClCfbGk0d_YC,"Peer-to-Peer Networking and Applications 15 (4), 2079-2100, 2022","V Singh, KP Sharma, HK Verma",17,
Dr Krishna Pal Sharma,Analytical study for Price Prediction of Bitcoin using Machine Learning and Deep Learning,2022,https://scholar.google.com/citations?view_op=view_citation&hl=en&user=QM9qltUAAAAJ&pagesize=100&sortby=pubdate&citation_for_view=QM9qltUAAAAJ:PVjk1bu6vJQC,"2022 2nd International Conference on Intelligent Technologies (CONIT), 1-8, 2022","SK Singh, KP Sharma, P Kumar",3,
Dr Krishna Pal Sharma,Identification and Classification of Myoelectric Signal Features Related to Hand Motions,2022,https://scholar.google.com/citations?view_op=view_citation&hl=en&user=QM9qltUAAAAJ&pagesize=100&sortby=pubdate&citation_for_view=QM9qltUAAAAJ:_FM0Bhl9EiAC,"Neurophysiology 54 (3), 164-174, 2022","T Sharma, KP Sharma",1,
Dr Krishna Pal Sharma,RFDCS: A reactive fault detection and classification scheme for clustered wsns,2022,https://scholar.google.com/citations?view_op=view_citation&hl=en&user=QM9qltUAAAAJ&pagesize=100&sortby=pubdate&citation_for_view=QM9qltUAAAAJ:foquWX3nUaYC,"Peer-to-Peer Networking and Applications 15 (3), 1705-1732, 2022","A Choudhary, S Kumar, KP Sharma",7,
Dr Krishna Pal Sharma,International Roughness Index (IRI) prediction using various machine learning techniques on Flexible Pavements,2022,https://scholar.google.com/citations?view_op=view_citation&hl=en&user=QM9qltUAAAAJ&pagesize=100&sortby=pubdate&citation_for_view=QM9qltUAAAAJ:5qfkUJPXOUwC,"2022 2nd International Conference on Advance Computing and Innovative …, 2022","WH Pandit, KP Sharma, N Sharma",3,
Dr Krishna Pal Sharma,Security Vulnerabilities of Cyber-physical Systems: Autonomous Vehicles Perspective,2022,https://scholar.google.com/citations?view_op=view_citation&hl=en&user=QM9qltUAAAAJ&pagesize=100&sortby=pubdate&citation_for_view=QM9qltUAAAAJ:ruyezt5ZtCIC,"Cyber-Physical Systems, 177-193, 2022","FR Lone, HK Verma, KP Sharma",,
Dr Krishna Pal Sharma,"Uav-based cyber-physical systems: Concepts, applications, and issues",2022,https://scholar.google.com/citations?view_op=view_citation&hl=en&user=QM9qltUAAAAJ&pagesize=100&sortby=pubdate&citation_for_view=QM9qltUAAAAJ:q3CdL3IzO_QC,"Cyber-Physical Systems, 217-232, 2022","V Singh, KP Sharma, HK Verma",2,
Dr Krishna Pal Sharma,Evaluation of electromyogram signals in the control of prosthetic limb: a review,2022,https://scholar.google.com/citations?view_op=view_citation&hl=en&user=QM9qltUAAAAJ&pagesize=100&sortby=pubdate&citation_for_view=QM9qltUAAAAJ:XoXfffV-tXoC,"Current Signal Transduction Therapy 17 (1), 3-11, 2022","T Sharma, KP Sharma, K Veer",1,
Dr Krishna Pal Sharma,A framework for data prediction and forecasting in WSN with Auto ARIMA,2022,https://scholar.google.com/citations?view_op=view_citation&hl=en&user=QM9qltUAAAAJ&pagesize=100&sortby=pubdate&citation_for_view=QM9qltUAAAAJ:Dip1O2bNi0gC,"Wireless Personal Communications 123 (3), 2245-2259, 2022","A Choudhary, S Kumar, M Sharma, KP Sharma",21,
Dr Krishna Pal Sharma,Cyber-physical systems: a comprehensive guide,2022,https://scholar.google.com/citations?view_op=view_citation&hl=en&user=QM9qltUAAAAJ&pagesize=100&sortby=pubdate&citation_for_view=QM9qltUAAAAJ:SpbeaW3--B0C,"Chapman and Hall/CRC, 2022","N Sharma, LK Awasthi, M Mangla, KP Sharma, R Kumar",6,
Dr Krishna Pal Sharma,Decomposition and evaluation of SEMG for hand prostheses control,2021,https://scholar.google.com/citations?view_op=view_citation&hl=en&user=QM9qltUAAAAJ&pagesize=100&sortby=pubdate&citation_for_view=QM9qltUAAAAJ:S16KYo8Pm5AC,"Measurement 186, 110102, 2021","T Sharma, KP Sharma, K Veer",19,
Dr Krishna Pal Sharma,Evaluating the impact of beacon interval and neighbor timeout timer on the performance of geographical routing in fanets,2021,https://scholar.google.com/citations?view_op=view_citation&hl=en&user=QM9qltUAAAAJ&pagesize=100&sortby=pubdate&citation_for_view=QM9qltUAAAAJ:edDO8Oi4QzsC,"3rd International Conference on Integrated Intelligent Computing …, 2021","V Singh, KP Sharma, HK Verma",8,
Dr Krishna Pal Sharma,Analysis of regression techniques for stock market prediction: A performance review,2021,https://scholar.google.com/citations?view_op=view_citation&hl=en&user=QM9qltUAAAAJ&pagesize=100&sortby=pubdate&citation_for_view=QM9qltUAAAAJ:PoWvk5oyLR8C,"2021 9th International Conference on Reliability, Infocom Technologies and …, 2021","S Banik, N Sharma, KP Sharma",10,
Dr Krishna Pal Sharma,Distributed denial-of-service attacks and mitigation in wireless sensor networks,2021,https://scholar.google.com/citations?view_op=view_citation&hl=en&user=QM9qltUAAAAJ&pagesize=100&sortby=pubdate&citation_for_view=QM9qltUAAAAJ:e_rmSamDkqQC,"Distributed Denial of Service Attacks: Concepts, Mathematical and …, 2021","R Singh, LK Awasthi, KP Sharma",3,
Dr Krishna Pal Sharma,Statistical Analysis of Factors Affecting COVID-19,2021,https://scholar.google.com/citations?view_op=view_citation&hl=en&user=QM9qltUAAAAJ&pagesize=100&sortby=pubdate&citation_for_view=QM9qltUAAAAJ:M7yex6snE4oC,"Soft Computing for Intelligent Systems: Proceedings of ICSCIS 2020, 623-631, 2021","A Kapoor, N Sharma, KP Sharma, R Sharma",,
Dr Krishna Pal Sharma,Challenges and applications of Li-Fi in D2D communication,2021,https://scholar.google.com/citations?view_op=view_citation&hl=en&user=QM9qltUAAAAJ&pagesize=100&sortby=pubdate&citation_for_view=QM9qltUAAAAJ:WZBGuue-350C,"2021 International Conference on Communication, Control and Information …, 2021","P Kumar, KP Sharma",3,
Dr Krishna Pal Sharma,Intrusion detection system using machine learning algorithms: a comparative study,2021,https://scholar.google.com/citations?view_op=view_citation&hl=en&user=QM9qltUAAAAJ&pagesize=100&sortby=pubdate&citation_for_view=QM9qltUAAAAJ:oNZyr7d5Mn4C,"2021 2nd International Conference on Secure Cyber Computing and …, 2021","MK Yadav, KP Sharma",9,
Dr Krishna Pal Sharma,Blockchain-based Claim Verification and Approval System for Disbursing Fertilizer Subsidy,2021,https://scholar.google.com/citations?view_op=view_citation&hl=en&user=QM9qltUAAAAJ&pagesize=100&sortby=pubdate&citation_for_view=QM9qltUAAAAJ:-FonjvnnhkoC,"Available at SSRN 3814155, 2021","B Singh, KP Sharma, N Sharma, P Kumar",1,
Dr Krishna Pal Sharma,Occurrence of Echinococcus granulosus sensu lato and Other Taeniids in Bhutan,2021,https://scholar.google.com/citations?view_op=view_citation&hl=en&user=QM9qltUAAAAJ&pagesize=100&sortby=pubdate&citation_for_view=QM9qltUAAAAJ:8d8msizDQcsC,"Pathogens 10 (3), 330, 2021","PM Sharma, NK Thapa, P Tshomo, T Dema, CA Alvarez Rojas, T Tenzin, ...",9,
Dr Krishna Pal Sharma,Evolution of VANETS to IoV: applications and challenges,2021,https://scholar.google.com/citations?view_op=view_citation&hl=en&user=QM9qltUAAAAJ&pagesize=100&sortby=pubdate&citation_for_view=QM9qltUAAAAJ:Ug5p-4gJ2f0C,"Tehnički glasnik 15 (1), 143-149, 2021","FR Lone, HK Verma, KP Sharma",25,
Dr Krishna Pal Sharma,Evolution of VANETS to IoV: Applications and Challenges.,2021,https://scholar.google.com/citations?view_op=view_citation&hl=en&user=QM9qltUAAAAJ&pagesize=100&sortby=pubdate&citation_for_view=QM9qltUAAAAJ:86PQX7AUzd4C,"Technical Journal/Tehnicki Glasnik 15 (1), 2021","FR Lone, HK Verma, KP Sharma",,
Dr Krishna Pal Sharma,An ensemble approach to forecast COVID-19 incidences using linear and non-linear statistical models,2021,https://scholar.google.com/citations?view_op=view_citation&hl=en&user=QM9qltUAAAAJ&pagesize=100&sortby=pubdate&citation_for_view=QM9qltUAAAAJ:xtoqd-5pKcoC,"International Journal of Computer Applications in Technology 66 (3-4), 415-426, 2021","A Mahajan, N Sharma, FH Almukhtar, M Mangla, KP Sharma, R Rani",3,
Dr Krishna Pal Sharma,A Four-Stage Dynamic Approach for Software Defect Prediction,2021,https://scholar.google.com/citations?view_op=view_citation&hl=en&user=QM9qltUAAAAJ&pagesize=100&sortby=pubdate&citation_for_view=QM9qltUAAAAJ:i2xiXl-TujoC,"2021 2nd International Conference on Secure Cyber Computing and …, 2021","Shivam, KP Sharma",2,
Dr Krishna Pal Sharma,A Review of Recent Issues and Challenges of Fault Management Techniques in Underwater Wireless Sensor Network,2021,https://scholar.google.com/citations?view_op=view_citation&hl=en&user=QM9qltUAAAAJ&pagesize=100&sortby=pubdate&citation_for_view=QM9qltUAAAAJ:kz9GbA2Ns4gC,"Energy-Efficient Underwater Wireless Communications and Networking, 101-119, 2021","N Sharma, KP Sharma, R Rani",,
Dr Krishna Pal Sharma,A sequential ensemble model for communicable disease forecasting,2020,https://scholar.google.com/citations?view_op=view_citation&hl=en&user=QM9qltUAAAAJ&pagesize=100&sortby=pubdate&citation_for_view=QM9qltUAAAAJ:k8Z6L05lTy4C,"Current Bioinformatics 15 (4), 309-317, 2020","N Sultana, N Sharma, KP Sharma, S Verma",28,
Dr Krishna Pal Sharma,"Blockchain applications, opportunities, challenges and risks: a survey",2020,https://scholar.google.com/citations?view_op=view_citation&hl=en&user=QM9qltUAAAAJ&pagesize=100&sortby=pubdate&citation_for_view=QM9qltUAAAAJ:YOwf2qJgpHMC,"Proceedings of the International Conference on Innovative Computing …, 2020","B Singh, KP Sharma, N Sharma",12,
Dr Krishna Pal Sharma,Sales forecast for amazon sales with time series modeling,2020,https://scholar.google.com/citations?view_op=view_citation&hl=en&user=QM9qltUAAAAJ&pagesize=100&sortby=pubdate&citation_for_view=QM9qltUAAAAJ:KxtntwgDAa4C,"2020 first international conference on power, control and computing …, 2020","B Singh, P Kumar, N Sharma, KP Sharma",62,
Dr Krishna Pal Sharma,Characteristics of Helicobacter pylori infection in a national referral hospital in Bhutan,2020,https://scholar.google.com/citations?view_op=view_citation&hl=en&user=QM9qltUAAAAJ&pagesize=100&sortby=pubdate&citation_for_view=QM9qltUAAAAJ:FAceZFleit8C,"Bhutan Health Journal 6 (1), 6-10, 2020","CL Adhikari, GP Dhakal, N Suwisith, S Dargay, KP Sharma",2,
Dr Krishna Pal Sharma,Energy aware clustering based mobility model for FANETs,2019,https://scholar.google.com/citations?view_op=view_citation&hl=en&user=QM9qltUAAAAJ&pagesize=100&sortby=pubdate&citation_for_view=QM9qltUAAAAJ:UeHWp8X0CEIC,"Proceedings of ICETIT 2019: Emerging Trends in Information Technology, 36-47, 2019","A Adya, KP Sharma, Nonita",8,
Dr Krishna Pal Sharma,A comparative analysis of mobility models for network of UAVs,2019,https://scholar.google.com/citations?view_op=view_citation&hl=en&user=QM9qltUAAAAJ&pagesize=100&sortby=pubdate&citation_for_view=QM9qltUAAAAJ:W7OEmFMy1HYC,"International Conference on Information, Communication and Computing …, 2019","A Adya, KP Sharma, Nonita",7,
Dr Krishna Pal Sharma,Ensemble model based on NNAR and SVR for predicting influenza incidences,2019,https://scholar.google.com/citations?view_op=view_citation&hl=en&user=QM9qltUAAAAJ&pagesize=100&sortby=pubdate&citation_for_view=QM9qltUAAAAJ:_B80troHkn4C,"Proceedings of the International Conference on Advances in Electronics …, 2019","N Sultana, N Sharma, KP Sharma",17,
Dr Krishna Pal Sharma,Comparative analysis of time series models for the prediction of conjunctivitis disease,2019,https://scholar.google.com/citations?view_op=view_citation&hl=en&user=QM9qltUAAAAJ&pagesize=100&sortby=pubdate&citation_for_view=QM9qltUAAAAJ:kuK5TVdYjLIC,"Proceedings of the International Conference on Advances in Electronics …, 2019","S Verma, N Sharma, KP Sharma",9,
Dr Krishna Pal Sharma,Dynamic load tuning for energy-hole avoidance in corona model for a wireless sensor network,2019,https://scholar.google.com/citations?view_op=view_citation&hl=en&user=QM9qltUAAAAJ&pagesize=100&sortby=pubdate&citation_for_view=QM9qltUAAAAJ:ufrVoPGSRksC,"International Journal of Sensor Networks 30 (1), 56-68, 2019","KP Sharma, TP Sharma",7,
Dr Krishna Pal Sharma,Statistical analysis and forecasting models for stock market,2018,https://scholar.google.com/citations?view_op=view_citation&hl=en&user=QM9qltUAAAAJ&pagesize=100&sortby=pubdate&citation_for_view=QM9qltUAAAAJ:LI9QrySNdTsC,"2018 First International Conference on Secure Cyber Computing and …, 2018","S Yadav, KP Sharma",14,
Dr Krishna Pal Sharma,Secure QR-code based message sharing system using cryptography and steganography,2018,https://scholar.google.com/citations?view_op=view_citation&hl=en&user=QM9qltUAAAAJ&pagesize=100&sortby=pubdate&citation_for_view=QM9qltUAAAAJ:zYLM7Y9cAGgC,"2018 First International Conference on Secure Cyber Computing and …, 2018","A Mendhe, DK Gupta, KP Sharma",18,
Dr Krishna Pal Sharma,ZBFR: zone based failure recovery in WSNs by utilizing mobility and coverage overlapping,2017,https://scholar.google.com/citations?view_op=view_citation&hl=en&user=QM9qltUAAAAJ&pagesize=100&sortby=pubdate&citation_for_view=QM9qltUAAAAJ:d1gkVwhDpl0C,"Wireless Networks 23 (7), 2263-2280, 2017","KP Sharma, TP Sharma",13,
Dr Krishna Pal Sharma,rDFD: reactive distributed fault detection in wireless sensor networks,2017,https://scholar.google.com/citations?view_op=view_citation&hl=en&user=QM9qltUAAAAJ&pagesize=100&sortby=pubdate&citation_for_view=QM9qltUAAAAJ:9yKSN-GCB0IC,"Wireless Networks 23 (4), 1145-1160, 2017","KP Sharma, TP Sharma",54,
Dr Krishna Pal Sharma,Energy-hole avoidance and lifetime enhancement of a WSN through load factor,2017,https://scholar.google.com/citations?view_op=view_citation&hl=en&user=QM9qltUAAAAJ&pagesize=100&sortby=pubdate&citation_for_view=QM9qltUAAAAJ:Y0pCki6q_DkC,"Turkish Journal of Electrical Engineering and Computer Sciences 25 (2), 1375 …, 2017","KP Sharma, TP Sharma",14,
Dr Krishna Pal Sharma,Distributed connectivity restoration in networks of movable sensor nodes,2016,https://scholar.google.com/citations?view_op=view_citation&hl=en&user=QM9qltUAAAAJ&pagesize=100&sortby=pubdate&citation_for_view=QM9qltUAAAAJ:u5HHmVD_uO8C,"Computers & Electrical Engineering 56, 608-629, 2016","KP Sharma, TP Sharma",10,
Dr Krishna Pal Sharma,A reactive scheme for detecting soft faults in wireless sensor networks,2015,https://scholar.google.com/citations?view_op=view_citation&hl=en&user=QM9qltUAAAAJ&pagesize=100&sortby=pubdate&citation_for_view=QM9qltUAAAAJ:WF5omc3nYNoC,"2015 1st International Conference on Next Generation Computing Technologies …, 2015","KP Sharma, TP Sharma",,
Dr Krishna Pal Sharma,A throughput descent and energy efficient mechanism for fault detection in WSNs,2015,https://scholar.google.com/citations?view_op=view_citation&hl=en&user=QM9qltUAAAAJ&pagesize=100&sortby=pubdate&citation_for_view=QM9qltUAAAAJ:2osOgNQ5qMEC,"2015 International Conference on Industrial Instrumentation and Control …, 2015","KP Sharma, TP Sharma",4,
Dr Krishna Pal Sharma,CPFR: coverage preserving failure recovery in wireless sensor networks,2015,https://scholar.google.com/citations?view_op=view_citation&hl=en&user=QM9qltUAAAAJ&pagesize=100&sortby=pubdate&citation_for_view=QM9qltUAAAAJ:eQOLeE2rZwMC,"2015 International Conference on Advances in Computer Engineering and …, 2015","KP Sharma, TP Sharma",3,
Dr Krishna Pal Sharma,Deployment Strategies for Mobile Wireless Sensor Networks (MWSNs).,2015,https://scholar.google.com/citations?view_op=view_citation&hl=en&user=QM9qltUAAAAJ&pagesize=100&sortby=pubdate&citation_for_view=QM9qltUAAAAJ:u-x6o8ySG0sC,"International Journal of Advanced Research in Computer Science 6 (1), 2015","KP Sharma, TP Sharma",1,
Dr Krishna Pal Sharma,"Studies on the biology of pulse beetle, Callosobruchus maculates (Fab.) (Coleoptera: Bruchidae).",2007,https://scholar.google.com/citations?view_op=view_citation&hl=en&user=QM9qltUAAAAJ&pagesize=100&sortby=pubdate&citation_for_view=QM9qltUAAAAJ:LO7wyVUgiFcC,,"MS Manisha Sharma, BL Pareek, KP Sharma",,
Dr Krishna Pal Sharma,Thinking styles among prospective secondary teachers,2003,https://scholar.google.com/citations?view_op=view_citation&hl=en&user=QM9qltUAAAAJ&pagesize=100&sortby=pubdate&citation_for_view=QM9qltUAAAAJ:IRz6iEL74y4C,"Psycho-lingua 33 (2), 101-108, 2003","S Verma, KP Sharma",3,
Dr Krishna Pal Sharma,A Comparative Study of Deployment Strategies in Wireless Sensor Networks,,https://scholar.google.com/citations?view_op=view_citation&hl=en&user=QM9qltUAAAAJ&pagesize=100&sortby=pubdate&citation_for_view=QM9qltUAAAAJ:IjCSPb-OGe4C,,"KP Sharma, TP Sharma",,
Dr Amritpal Singh,An efficient pending interest table content search in NDN through stable bloom filter,2024,https://scholar.google.com/citations?view_op=view_citation&hl=en&user=At9LsDsAAAAJ&pagesize=100&sortby=pubdate&citation_for_view=At9LsDsAAAAJ:hMod-77fHWUC,"The Computer Journal 67 (3), 941-946, 2024","R Kaur, A Singh, A Singh, A Goyal, A Singh, S Batra",4,Computer Science and Engineering 
Dr Amritpal Singh,Health Insurance Recommendation using Probabilistic Data Structures,2023,https://scholar.google.com/citations?view_op=view_citation&hl=en&user=At9LsDsAAAAJ&pagesize=100&sortby=pubdate&citation_for_view=At9LsDsAAAAJ:O3NaXMp0MMsC,"2023 14th International Conference on Computing Communication and Networking …, 2023","A Chauhan, A Singh",,Computer Science and Engineering 
Dr Amritpal Singh,Probabilistic Data Structure in smart agriculture,2023,https://scholar.google.com/citations?view_op=view_citation&hl=en&user=At9LsDsAAAAJ&pagesize=100&sortby=pubdate&citation_for_view=At9LsDsAAAAJ:BqipwSGYUEgC,"2023 Third International Conference on Secure Cyber Computing and …, 2023","G Singhal, A Singh",2,Computer Science and Engineering 
Dr Amritpal Singh,Healthcare 4.0: recent advancements and futuristic research directions,2023,https://scholar.google.com/citations?view_op=view_citation&hl=en&user=At9LsDsAAAAJ&pagesize=100&sortby=pubdate&citation_for_view=At9LsDsAAAAJ:blknAaTinKkC,"Wireless Personal Communications 129 (2), 933-952, 2023","A Gupta, A Singh",85,Computer Science and Engineering 
Dr Amritpal Singh,A Comprehensive Survey on Cyber-Physical Systems Towards Healthcare 4.0,2023,https://scholar.google.com/citations?view_op=view_citation&hl=en&user=At9LsDsAAAAJ&pagesize=100&sortby=pubdate&citation_for_view=At9LsDsAAAAJ:NMxIlDl6LWMC,"SN Computer Science 4 (2), 199, 2023","A Gupta, A Singh",18,Computer Science and Engineering 
Dr Amritpal Singh,Anomalous vehicle recognition in smart cities using persistent bloom filter: Memory efficient and intelligent monitoring,2023,https://scholar.google.com/citations?view_op=view_citation&hl=en&user=At9LsDsAAAAJ&pagesize=100&sortby=pubdate&citation_for_view=At9LsDsAAAAJ:GnPB-g6toBAC,"Transactions on Emerging Telecommunications Technologies, e4896, 2023","M Kumar, A Singh",,Computer Science and Engineering 
Dr Amritpal Singh,An intelligent healthcare cyber physical framework for encephalitis diagnosis based on information fusion and soft-computing techniques,2022,https://scholar.google.com/citations?view_op=view_citation&hl=en&user=At9LsDsAAAAJ&pagesize=100&sortby=pubdate&citation_for_view=At9LsDsAAAAJ:YOwf2qJgpHMC,"New Generation Computing 40 (4), 1093-1123, 2022","A Gupta, A Singh",32,Computer Science and Engineering 
Dr Amritpal Singh,Stacking ensemble-based intelligent machine learning model for predicting post-COVID-19 complications,2022,https://scholar.google.com/citations?view_op=view_citation&hl=en&user=At9LsDsAAAAJ&pagesize=100&sortby=pubdate&citation_for_view=At9LsDsAAAAJ:Zph67rFs4hoC,"New Generation Computing 40 (4), 987-1007, 2022","A Gupta, V Jain, A Singh",103,Computer Science and Engineering 
Dr Amritpal Singh,"Probabilistic data structures in smart city: Survey, applications, challenges, and research directions",2022,https://scholar.google.com/citations?view_op=view_citation&hl=en&user=At9LsDsAAAAJ&pagesize=100&sortby=pubdate&citation_for_view=At9LsDsAAAAJ:M3ejUd6NZC8C,"Journal of Ambient Intelligence and Smart Environments 14 (4), 229-284, 2022","M Kumar, A Singh",28,Computer Science and Engineering 
Dr Amritpal Singh,An optimal multi-disease prediction framework using hybrid machine learning techniques: 10.48129/kjs. splml. 19321,2022,https://scholar.google.com/citations?view_op=view_citation&hl=en&user=At9LsDsAAAAJ&pagesize=100&sortby=pubdate&citation_for_view=At9LsDsAAAAJ:4TOpqqG69KYC,"Kuwait Journal of Science, 2022","A Gupta, A Singh",15,Computer Science and Engineering 
Dr Amritpal Singh,Generative Adversarial Networks: Models and Techniques-A Review,2022,https://scholar.google.com/citations?view_op=view_citation&hl=en&user=At9LsDsAAAAJ&pagesize=100&sortby=pubdate&citation_for_view=At9LsDsAAAAJ:4DMP91E08xMC,"2022 IEEE World Conference on Applied Intelligence and Computing (AIC), 870-876, 2022","P Audichya, D Gupta, A Singh",10,Computer Science and Engineering 
Dr Amritpal Singh,"Aggregation Techniques in Federated Learning: Comprehensive Survey, Challenges and Opportunities",2022,https://scholar.google.com/citations?view_op=view_citation&hl=en&user=At9LsDsAAAAJ&pagesize=100&sortby=pubdate&citation_for_view=At9LsDsAAAAJ:YFjsv_pBGBYC,"2022 2nd International Conference on Advance Computing and Innovative …, 2022","MP Sah, A Singh",10,Computer Science and Engineering 
Dr Amritpal Singh,"Issues and challenges related to privacy and security in healthcare using iot, fog, and cloud computing",2022,https://scholar.google.com/citations?view_op=view_citation&hl=en&user=At9LsDsAAAAJ&pagesize=100&sortby=pubdate&citation_for_view=At9LsDsAAAAJ:Wp0gIr-vW9MC,"Advanced Healthcare Systems: Empowering Physicians with IoT‐Enabled …, 2022","H Raj, M Kumar, P Kumar, A Singh, OP Verma",29,Computer Science and Engineering 
Dr Amritpal Singh,A Comprehensive Analysis on Masked Face Detection Algorithms,2022,https://scholar.google.com/citations?view_op=view_citation&hl=en&user=At9LsDsAAAAJ&pagesize=100&sortby=pubdate&citation_for_view=At9LsDsAAAAJ:_kc_bZDykSQC,"Advanced Healthcare Systems: Empowering Physicians with IoT‐Enabled …, 2022","P Singh, A Garg, A Singh",2,Computer Science and Engineering 
Dr Amritpal Singh,Early Urine Infection Prediction Framework using XGBoost Ensemble Model in IoT-Fog Environment,2022,https://scholar.google.com/citations?view_op=view_citation&hl=en&user=At9LsDsAAAAJ&pagesize=100&sortby=pubdate&citation_for_view=At9LsDsAAAAJ:qxL8FJ1GzNcC,,"A Gupta, A Singh",2,Computer Science and Engineering 
Dr Amritpal Singh,Unmasking the Masked Face Using Zero-Shot Learning,2021,https://scholar.google.com/citations?view_op=view_citation&hl=en&user=At9LsDsAAAAJ&pagesize=100&sortby=pubdate&citation_for_view=At9LsDsAAAAJ:aqlVkmm33-oC,"International Conference on Advanced Network Technologies and Intelligent …, 2021","P Singh, A Singh",1,Computer Science and Engineering 
Dr Amritpal Singh,ARPS: An autonomic resource provisioning and scheduling framework for cloud platforms,2021,https://scholar.google.com/citations?view_op=view_citation&hl=en&user=At9LsDsAAAAJ&pagesize=100&sortby=pubdate&citation_for_view=At9LsDsAAAAJ:KlAtU1dfN6UC,"IEEE Transactions on Sustainable Computing 7 (2), 386-399, 2021","M Kumar, A Kishor, J Abawajy, P Agarwal, A Singh, AY Zomaya",70,Computer Science and Engineering 
Dr Amritpal Singh,A probabilistic data structures-based anomaly detection scheme for software-defined Internet of vehicles,2020,https://scholar.google.com/citations?view_op=view_citation&hl=en&user=At9LsDsAAAAJ&pagesize=100&sortby=pubdate&citation_for_view=At9LsDsAAAAJ:ULOm3_A8WrAC,"IEEE Transactions on Intelligent Transportation Systems 22 (6), 3557-3566, 2020","S Garg, A Singh, GS Aujla, S Kaur, S Batra, N Kumar",47,Computer Science and Engineering 
Dr Amritpal Singh,BloomStore: Dynamic Bloom Filter-based Secure Rule-Space Management Scheme in SDN,2020,https://scholar.google.com/citations?view_op=view_citation&hl=en&user=At9LsDsAAAAJ&pagesize=100&sortby=pubdate&citation_for_view=At9LsDsAAAAJ:8k81kl-MbHgC,"IEEE Transactions on Industrial Informatics, 2020","AP Singh, S Batra, GSS Aujla, N Kumar, LT Yang",12,Computer Science and Engineering 
Dr Amritpal Singh,Probabilistic data structures for big data analytics: A comprehensive review,2020,https://scholar.google.com/citations?view_op=view_citation&hl=en&user=At9LsDsAAAAJ&pagesize=100&sortby=pubdate&citation_for_view=At9LsDsAAAAJ:0EnyYjriUFMC,"Knowledge-Based Systems 188, 104987, 2020","A Singh, S Garg, R Kaur, S Batra, N Kumar, AY Zomaya",78,Computer Science and Engineering 
Dr Amritpal Singh,A short survey on Role of Bloom Filters in Named Data Networking,2019,https://scholar.google.com/citations?view_op=view_citation&hl=en&user=At9LsDsAAAAJ&pagesize=100&sortby=pubdate&citation_for_view=At9LsDsAAAAJ:kNdYIx-mwKoC,"2019 International Conference on Intelligent Computing and Control Systems …, 2019","R Kaur, A Singh, S Batra",3,Computer Science and Engineering 
Dr Amritpal Singh,Probabilistic data structure-based community detection and storage scheme in online social networks,2019,https://scholar.google.com/citations?view_op=view_citation&hl=en&user=At9LsDsAAAAJ&pagesize=100&sortby=pubdate&citation_for_view=At9LsDsAAAAJ:5nxA0vEk-isC,"Future Generation Computer Systems 94, 173-184, 2019","A Singh, S Garg, S Batra, N Kumar",25,Computer Science and Engineering 
Dr Amritpal Singh,Edge computing-based security framework for big data analytics in VANETs,2019,https://scholar.google.com/citations?view_op=view_citation&hl=en&user=At9LsDsAAAAJ&pagesize=100&sortby=pubdate&citation_for_view=At9LsDsAAAAJ:UebtZRa9Y70C,"IEEE Network 33 (2), 72-81, 2019","S Garg, A Singh, K Kaur, GS Aujla, S Batra, N Kumar, MS Obaidat",210,Computer Science and Engineering 
Dr Amritpal Singh,Streamed data analysis using adaptable bloom filter,2018,https://scholar.google.com/citations?view_op=view_citation&hl=en&user=At9LsDsAAAAJ&pagesize=100&sortby=pubdate&citation_for_view=At9LsDsAAAAJ:ufrVoPGSRksC,"Computing and Informatics 37 (3), 693-716, 2018","A Singh, S Batra",4,Computer Science and Engineering 
Dr Amritpal Singh,Fuzzy-folded bloom filter-as-a-service for big data storage in the cloud,2018,https://scholar.google.com/citations?view_op=view_citation&hl=en&user=At9LsDsAAAAJ&pagesize=100&sortby=pubdate&citation_for_view=At9LsDsAAAAJ:WF5omc3nYNoC,"IEEE Transactions on Industrial Informatics 15 (4), 2338-2348, 2018","A Singh, S Garg, K Kaur, S Batra, N Kumar, KKR Choo",71,Computer Science and Engineering 
Dr Amritpal Singh,UAV-empowered edge computing environment for cyber-threat detection in smart vehicles,2018,https://scholar.google.com/citations?view_op=view_citation&hl=en&user=At9LsDsAAAAJ&pagesize=100&sortby=pubdate&citation_for_view=At9LsDsAAAAJ:YsMSGLbcyi4C,"IEEE network 32 (3), 42-51, 2018","S Garg, A Singh, S Batra, N Kumar, LT Yang",227,Computer Science and Engineering 
Dr Amritpal Singh,Edge-based content delivery for providing qoe in wireless networks using quotient filter,2018,https://scholar.google.com/citations?view_op=view_citation&hl=en&user=At9LsDsAAAAJ&pagesize=100&sortby=pubdate&citation_for_view=At9LsDsAAAAJ:eQOLeE2rZwMC,"2018 IEEE International Conference on Communications (ICC), 1-6, 2018","S Garg, A Singh, K Kaur, S Batra, N Kumar, MS Obaidat",18,Computer Science and Engineering 
Dr Amritpal Singh,Bloom filter based optimization scheme for massive data handling in IoT environment,2018,https://scholar.google.com/citations?view_op=view_citation&hl=en&user=At9LsDsAAAAJ&pagesize=100&sortby=pubdate&citation_for_view=At9LsDsAAAAJ:2osOgNQ5qMEC,"Future Generation Computer Systems 82, 440-449, 2018","A Singh, S Garg, S Batra, N Kumar, JJPC Rodrigues",69,Computer Science and Engineering 
Dr Amritpal Singh,Ensemble based spam detection in social IoT using probabilistic data structures,2018,https://scholar.google.com/citations?view_op=view_citation&hl=en&user=At9LsDsAAAAJ&pagesize=100&sortby=pubdate&citation_for_view=At9LsDsAAAAJ:d1gkVwhDpl0C,"Future Generation Computer Systems 81, 359-371, 2018","A Singh, S Batra",46,Computer Science and Engineering 
Dr Amritpal Singh,MVO-based 2-D path planning scheme for providing quality of service in UAV environment,2018,https://scholar.google.com/citations?view_op=view_citation&hl=en&user=At9LsDsAAAAJ&pagesize=100&sortby=pubdate&citation_for_view=At9LsDsAAAAJ:UeHWp8X0CEIC,"IEEE Internet of Things Journal 5 (3), 1698-1707, 2018","P Kumar, S Garg, A Singh, S Batra, N Kumar, I You",89,Computer Science and Engineering 
Dr Amritpal Singh,A Novel Technique for Efficient Storage and Retrieval of Massive Data Sets,2018,https://scholar.google.com/citations?view_op=view_citation&hl=en&user=At9LsDsAAAAJ&pagesize=100&sortby=pubdate&citation_for_view=At9LsDsAAAAJ:MXK_kJrjxJIC,"Patiala, 2018",A Singh,2,Computer Science and Engineering 
Dr Amritpal Singh,FingerPrint Based Duplicate Detection in Streamed Data,2018,https://scholar.google.com/citations?view_op=view_citation&hl=en&user=At9LsDsAAAAJ&pagesize=100&sortby=pubdate&citation_for_view=At9LsDsAAAAJ:hqOjcs7Dif8C,"Computing and Informatics 37 (6), 1313-1338, 2018","A Singh, S Batra",2,Computer Science and Engineering 
Dr Amritpal Singh,EnClass: Ensemble-based classification model for network anomaly detection in massive datasets,2017,https://scholar.google.com/citations?view_op=view_citation&hl=en&user=At9LsDsAAAAJ&pagesize=100&sortby=pubdate&citation_for_view=At9LsDsAAAAJ:9yKSN-GCB0IC,"GLOBECOM 2017-2017 IEEE Global Communications Conference, 1-7, 2017","S Garg, A Singh, S Batra, N Kumar, MS Obaidat",37,Computer Science and Engineering 
Dr Amritpal Singh,ProIDS: Probabilistic data structures based intrusion detection system for network traffic monitoring,2017,https://scholar.google.com/citations?view_op=view_citation&hl=en&user=At9LsDsAAAAJ&pagesize=100&sortby=pubdate&citation_for_view=At9LsDsAAAAJ:u-x6o8ySG0sC,"GLOBECOM 2017-2017 IEEE Global Communications Conference, 1-6, 2017","D Gupta, S Garg, A Singh, S Batra, N Kumar, MS Obaidat",15,Computer Science and Engineering 
Dr Amritpal Singh,Analysis and design of hybrid online movie recommender system,2015,https://scholar.google.com/citations?view_op=view_citation&hl=en&user=At9LsDsAAAAJ&pagesize=100&sortby=pubdate&citation_for_view=At9LsDsAAAAJ:Tyk-4Ss8FVUC,"International Journal of Innovations in Engineering and Technology (IJIET …, 2015","HK Virk, EM Singh, A Singh",30,Computer Science and Engineering 
Dr Amritpal Singh,FR: a recommender for finding faculty based on CF technique,2015,https://scholar.google.com/citations?view_op=view_citation&hl=en&user=At9LsDsAAAAJ&pagesize=100&sortby=pubdate&citation_for_view=At9LsDsAAAAJ:zYLM7Y9cAGgC,"Procedia Computer Science 70, 499-507, 2015","D Nagpal, S Kaur, S Gujral, A Singh",10,Computer Science and Engineering 
Dr Amritpal Singh,Proximity Analysis of Social network using skip graph,2013,https://scholar.google.com/citations?view_op=view_citation&hl=en&user=At9LsDsAAAAJ&pagesize=100&sortby=pubdate&citation_for_view=At9LsDsAAAAJ:qjMakFHDy7sC,,"A Singh, SG Batra",,Computer Science and Engineering 
Dr Amritpal Singh,Amritpal Singh,2013,https://scholar.google.com/citations?view_op=view_citation&hl=en&user=At9LsDsAAAAJ&pagesize=100&sortby=pubdate&citation_for_view=At9LsDsAAAAJ:_Qo2XoVZTnwC,"Communications of the ACM 34 (4), 30-44, 2013",A Singh,,Computer Science and Engineering 
Dr Amritpal Singh,Content Based Recommender System for Map Routing,2013,https://scholar.google.com/citations?view_op=view_citation&hl=en&user=At9LsDsAAAAJ&pagesize=100&sortby=pubdate&citation_for_view=At9LsDsAAAAJ:W7OEmFMy1HYC,"Research Journal of Applied Sciences, Engineering, and Technology 5 (16 …, 2013","K Gurbinder, V Kumar, A Singh",1,Computer Science and Engineering 
Dr Amritpal Singh,A short survey of advantages and applications of skip graphs,2013,https://scholar.google.com/citations?view_op=view_citation&hl=en&user=At9LsDsAAAAJ&pagesize=100&sortby=pubdate&citation_for_view=At9LsDsAAAAJ:IjCSPb-OGe4C,"IJSCE, 2013","S Batra, A Singh",10,Computer Science and Engineering 
Dr Prashant Kumar,Deepfake Dilemma: A Review of GAN-Based Detection for Facial Manipulations,2025,https://scholar.google.com/citations?view_op=view_citation&hl=en&user=iTfItCMAAAAJ&pagesize=100&sortby=pubdate&citation_for_view=iTfItCMAAAAJ:WzTVkKNmPSkC,"2025 International Conference on Electronics, AI and Computing (EAIC), 1-7, 2025","T Sehgal, P Kumar",,
Dr Prashant Kumar,A Robust Intrusion Detection Mechanism Using Ensemble Approach for IoT Paradigm,2024,https://scholar.google.com/citations?view_op=view_citation&hl=en&user=iTfItCMAAAAJ&pagesize=100&sortby=pubdate&citation_for_view=iTfItCMAAAAJ:Kqc1aDSOPooC,"2024 12th International Conference on Intelligent Systems and Embedded …, 2024","A Vardhan, P Kumar, LK Awasthi",,
Dr Prashant Kumar,A Resilient Intrusion Detection System for IoT Environment Based on a Modified Stacking Ensemble Classifier,2024,https://scholar.google.com/citations?view_op=view_citation&hl=en&user=iTfItCMAAAAJ&pagesize=100&sortby=pubdate&citation_for_view=iTfItCMAAAAJ:M_lZXyI38BkC,"SN Computer Science 5 (8), 1020, 2024","A Vardhan, P Kumar, LK Awasthi",3,
Dr Prashant Kumar,Benevolence Behavior Based Message Forwarding Scheme for Consumer-Centric IoT Opportunistic Networks,2024,https://scholar.google.com/citations?view_op=view_citation&hl=en&user=iTfItCMAAAAJ&pagesize=100&sortby=pubdate&citation_for_view=iTfItCMAAAAJ:idthP5jqfYAC,"IEEE Transactions on Consumer Electronics, 2024","P Kumar, N Chauhan, N Chaurasia, KK Agarwal, A Vidyarthi, D Gupta",3,
Dr Prashant Kumar,Optimizing Resource Management in Serverless Computing: A Dynamic Adaptive Scaling Approach,2024,https://scholar.google.com/citations?view_op=view_citation&hl=en&user=iTfItCMAAAAJ&pagesize=100&sortby=pubdate&citation_for_view=iTfItCMAAAAJ:RXiHnyRawswC,"2024 15th International Conference on Computing Communication and Networking …, 2024","T Biswas, P Kumar",7,
Dr Prashant Kumar,A vision-based pothole detection using CNN model,2023,https://scholar.google.com/citations?view_op=view_citation&hl=en&user=iTfItCMAAAAJ&pagesize=100&sortby=pubdate&citation_for_view=iTfItCMAAAAJ:U0iAMwwPxtsC,"SN Computer Science 4 (6), 716, 2023","P Kumar, Pooja, N Chauhan, N Chaurasia",3,
Dr Prashant Kumar,A secured GA-WPC framework for scheduling the independent tasks in cloud environment,2023,https://scholar.google.com/citations?view_op=view_citation&hl=en&user=iTfItCMAAAAJ&pagesize=100&sortby=pubdate&citation_for_view=iTfItCMAAAAJ:TesyEGJKHF4C,"Journal of Ambient Intelligence and Humanized Computing 14 (9), 13003-13015, 2023","K Dubey, SC Sharma, M Kumar, P Kumar, AA Nasr",1,
Dr Prashant Kumar,A Lightweight Trust Based Secure Authentication Mechanism for IoT Devices,2023,https://scholar.google.com/citations?view_op=view_citation&hl=en&user=iTfItCMAAAAJ&pagesize=100&sortby=pubdate&citation_for_view=iTfItCMAAAAJ:v_tt_AnqfNMC,,"A Thakur, P Kumar, N Chaurasia",1,
Dr Prashant Kumar,Blockchain based federated deep learning framework for malware attacks detection in IoT devices,2023,https://scholar.google.com/citations?view_op=view_citation&hl=en&user=iTfItCMAAAAJ&pagesize=100&sortby=pubdate&citation_for_view=iTfItCMAAAAJ:kUhpeDhEZMUC,"2023 14th International Conference on Computing Communication and Networking …, 2023","P Rawat, P Kumar",5,
Dr Prashant Kumar,Clustering based opportunistic traffic offloading technique for device-to-device communication,2023,https://scholar.google.com/citations?view_op=view_citation&hl=en&user=iTfItCMAAAAJ&pagesize=100&sortby=pubdate&citation_for_view=iTfItCMAAAAJ:6VlyvFCUEfcC,"International Journal of System Assurance Engineering and Management 14 …, 2023","P Kumar, N Chauhan, M Kumar, LK Awasthi",14,
Dr Prashant Kumar,A comprehensive study on issues and challenges related to privacy and security in IoT,2023,https://scholar.google.com/citations?view_op=view_citation&hl=en&user=iTfItCMAAAAJ&pagesize=100&sortby=pubdate&citation_for_view=iTfItCMAAAAJ:R22Rs3tN8aoC,"e-Prime-Advances in Electrical Engineering, Electronics and Energy 4, 100158, 2023","N Chaurasia, P Kumar",33,
Dr Prashant Kumar,Performance Evaluation of Ensemble Classifiers for Anomaly Detection in IoT Environment,2023,https://scholar.google.com/citations?view_op=view_citation&hl=en&user=iTfItCMAAAAJ&pagesize=100&sortby=pubdate&citation_for_view=iTfItCMAAAAJ:XDrR66g3YHsC,"International Conference on Emergent Converging Technologies and Biomedical …, 2023","A Vardhan, P Kumar, LK Awasthi",,
Dr Prashant Kumar,Road Safety Modeling: Safe Road for All,2022,https://scholar.google.com/citations?view_op=view_citation&hl=en&user=iTfItCMAAAAJ&pagesize=100&sortby=pubdate&citation_for_view=iTfItCMAAAAJ:as0KMg8qHbkC,"International Conference on Data, Engineering and Applications, 265-276, 2022","S Kumar, A Mishra, A Singh, P Kumar",,
Dr Prashant Kumar,Analytical study for Price Prediction of Bitcoin using Machine Learning and Deep Learning,2022,https://scholar.google.com/citations?view_op=view_citation&hl=en&user=iTfItCMAAAAJ&pagesize=100&sortby=pubdate&citation_for_view=iTfItCMAAAAJ:I858iXPj1OkC,"2022 2nd International Conference on Intelligent Technologies (CONIT), 1-8, 2022","SK Singh, KP Sharma, P Kumar",3,
Dr Prashant Kumar,"Issues and challenges related to privacy and security in healthcare using IoT, fog, and cloud computing",2022,https://scholar.google.com/citations?view_op=view_citation&hl=en&user=iTfItCMAAAAJ&pagesize=100&sortby=pubdate&citation_for_view=iTfItCMAAAAJ:cBPnxVikjH8C,"Advanced healthcare systems: empowering physicians with IoT‐enabled …, 2022","H Raj, M Kumar, P Kumar, A Singh, OP Verma",29,
Dr Prashant Kumar,Smart water quality analysis system using datapine,2021,https://scholar.google.com/citations?view_op=view_citation&hl=en&user=iTfItCMAAAAJ&pagesize=100&sortby=pubdate&citation_for_view=iTfItCMAAAAJ:x21FZCSn4ZoC,"Intelligent Circuits and Systems, 453, 2021","V Tiwari, KP Sharma, N Sharma, P Kumar",,
Dr Prashant Kumar,Challenges and applications of Li-Fi in D2D communication,2021,https://scholar.google.com/citations?view_op=view_citation&hl=en&user=iTfItCMAAAAJ&pagesize=100&sortby=pubdate&citation_for_view=iTfItCMAAAAJ:FsLZdJ3BAzkC,"2021 International Conference on Communication, Control and Information …, 2021","P Kumar, KP Sharma",3,
Dr Prashant Kumar,Blockchain-based Claim Verification and Approval System for Disbursing Fertilizer Subsidy,2021,https://scholar.google.com/citations?view_op=view_citation&hl=en&user=iTfItCMAAAAJ&pagesize=100&sortby=pubdate&citation_for_view=iTfItCMAAAAJ:QoJ_w57xiyAC,"Available at SSRN 3814155, 2021","B Singh, KP Sharma, N Sharma, P Kumar",1,
Dr Prashant Kumar,Security and privacy of sensitive data in cloud computing using RSA,2021,https://scholar.google.com/citations?view_op=view_citation&hl=en&user=iTfItCMAAAAJ&pagesize=100&sortby=pubdate&citation_for_view=iTfItCMAAAAJ:WWeOtg8bX_EC,"International Journal of Scientific Research in Science and Technology 8 (2 …, 2021","M Dhamodaran, E Punarselvam, SD Varshan, PD Kumar, C Saravanan, ...",7,
Dr Prashant Kumar,"An optimized approach for secure data transmission using spread spectrum audio steganography, chaos theory, and social impact theory optimizer",2019,https://scholar.google.com/citations?view_op=view_citation&hl=en&user=iTfItCMAAAAJ&pagesize=100&sortby=pubdate&citation_for_view=iTfItCMAAAAJ:7Frjd3zlGBUC,"Journal of computer networks and communications 2019 (1), 5124364, 2019","R Tanwar, K Singh, M Zamani, A Verma, P Kumar",19,
Dr Prashant Kumar,Mobility models and simulation tools for opportunistic networks,2018,https://scholar.google.com/citations?view_op=view_citation&hl=en&user=iTfItCMAAAAJ&pagesize=100&sortby=pubdate&citation_for_view=iTfItCMAAAAJ:Azgs6IHzeyYC,"2018 First International Conference on Secure Cyber Computing and …, 2018","P Kumar, N Chauhan, N Chand",3,
Dr Prashant Kumar,Forest fire detection system using IoT and artificial neural network,2018,https://scholar.google.com/citations?view_op=view_citation&hl=en&user=iTfItCMAAAAJ&pagesize=100&sortby=pubdate&citation_for_view=iTfItCMAAAAJ:KS-xo-ZNxMsC,"International Conference on Innovative Computing and Communications …, 2018","V Dubey, P Kumar, N Chauhan",110,
Dr Prashant Kumar,Flood early detection system using internet of things and artificial neural networks,2018,https://scholar.google.com/citations?view_op=view_citation&hl=en&user=iTfItCMAAAAJ&pagesize=100&sortby=pubdate&citation_for_view=iTfItCMAAAAJ:oTdOBqtIf_kC,"International Conference on Innovative Computing and Communications …, 2018","A Subeesh, P Kumar, N Chauhan",16,
Dr Prashant Kumar,SF-APP: A secure framework for authentication and privacy preservation in opportunistic networks,2018,https://scholar.google.com/citations?view_op=view_citation&hl=en&user=iTfItCMAAAAJ&pagesize=100&sortby=pubdate&citation_for_view=iTfItCMAAAAJ:ndLnGcHYRF0C,"International Journal of Web Services Research (IJWSR) 15 (2), 47-66, 2018","P Kumar, N Chauhan, N Chand, LK Awasthi",4,
Dr Prashant Kumar,Node activity based routing in opportunistic networks,2018,https://scholar.google.com/citations?view_op=view_citation&hl=en&user=iTfItCMAAAAJ&pagesize=100&sortby=pubdate&citation_for_view=iTfItCMAAAAJ:xm0LlTxljI0C,"International Conference on Futuristic Trends in Network and Communication …, 2018","P Kumar, N Chauhan, N Chand",6,
Dr Prashant Kumar,Security framework for opportunistic networks,2017,https://scholar.google.com/citations?view_op=view_citation&hl=en&user=iTfItCMAAAAJ&pagesize=100&sortby=pubdate&citation_for_view=iTfItCMAAAAJ:_tF6a-HnqWAC,"Progress in Intelligent Computing Techniques: Theory, Practice, and …, 2017","P Kumar, N Chauhan, N Chand",11,
Dr Prashant Kumar,NextContact: Neighbor Discovery Mechanism for Opportunistic Networks,2017,https://scholar.google.com/citations?view_op=view_citation&hl=en&user=iTfItCMAAAAJ&pagesize=100&sortby=pubdate&citation_for_view=iTfItCMAAAAJ:orDZ08hpP44C,"International Journal of Grid and Distributed Computing 10 (1), 99-110, 2017","P Kumar, N Chauhan, N Chand",2,
Dr Prashant Kumar,Authentication with Privacy Preservation in Opportunistic Networks,2017,https://scholar.google.com/citations?view_op=view_citation&hl=en&user=iTfItCMAAAAJ&pagesize=100&sortby=pubdate&citation_for_view=iTfItCMAAAAJ:TIZ-Mc8IlK0C,"IEEE International Conference on Inventive Communication and Computational …, 2017","P Kumar, N Chauhan, N Chand",11,
Dr Prashant Kumar,Node movement based neighbor discovery in opportunistic networks,2016,https://scholar.google.com/citations?view_op=view_citation&hl=en&user=iTfItCMAAAAJ&pagesize=100&sortby=pubdate&citation_for_view=iTfItCMAAAAJ:WwIwg2wKZ0QC,"2016 1st India International Conference on Information Processing (IICIP), 1-4, 2016","P Kumar, N Chauhan, N Chand",1,
Dr Prashant Kumar,SONIC: Stability of Nodes in Cooperative Caching for Wireless Network,2015,https://scholar.google.com/citations?view_op=view_citation&hl=en&user=iTfItCMAAAAJ&pagesize=100&sortby=pubdate&citation_for_view=iTfItCMAAAAJ:QsKbpXNoaWkC,"Computational Vision and Robotics: Proceedings of ICCVR 2014, 169-178, 2015","V Kumar, N Chaturvedi, P Kumar",,
Dr Prashant Kumar,Cooperative cache replacement policy for MANETs,2014,https://scholar.google.com/citations?view_op=view_citation&hl=en&user=iTfItCMAAAAJ&pagesize=100&sortby=pubdate&citation_for_view=iTfItCMAAAAJ:N4u4nq0IxgcC,"International Journal of Advanced Pervasive and Ubiquitous Computing (IJAPUC …, 2014","P Kumar, N Chauhan, LK Awasthi, N Chand",3,
Dr Prashant Kumar,Security Threats to Cloud Computing,2013,https://scholar.google.com/citations?view_op=view_citation&hl=en&user=iTfItCMAAAAJ&pagesize=100&sortby=pubdate&citation_for_view=iTfItCMAAAAJ:pyW8ca7W8N0C,"International Journal of IT, Engineering and Applied Sciences Research …, 2013","P Kumar, L Kumar",13,
Dr Prashant Kumar,Near field communication,2013,https://scholar.google.com/citations?view_op=view_citation&hl=en&user=iTfItCMAAAAJ&pagesize=100&sortby=pubdate&citation_for_view=iTfItCMAAAAJ:DXE8ND7PrJAC,"Conference on Advances in Communication and Control Systems (CAC2S 2013 …, 2013","V Sharma, P Gusain, P Kumar",43,
Dr Prashant Kumar,Enhancing data availability in manets with cooperative caching,2013,https://scholar.google.com/citations?view_op=view_citation&hl=en&user=iTfItCMAAAAJ&pagesize=100&sortby=pubdate&citation_for_view=iTfItCMAAAAJ:pYKElYtJMmwC,"Contemporary Challenges and Solutions for Mobile and Multimedia Technologies …, 2013","P Kumar, N Chauhan, LK Awasthi, N Chand",2,
Dr Prashant Kumar,Energy efficient dynamic group caching in mobile ad hoc networks for improving data accessibility,2012,https://scholar.google.com/citations?view_op=view_citation&hl=en&user=iTfItCMAAAAJ&pagesize=100&sortby=pubdate&citation_for_view=iTfItCMAAAAJ:hNSvKAmkeYkC,"2012 International Conference on Recent Trends in Information Technology …, 2012","A Rao, P Kumar, N Chauhan",11,
Dr Prashant Kumar,Edgc: efficient dynamic group caching technique for mobile ad hoc networks,2012,https://scholar.google.com/citations?view_op=view_citation&hl=en&user=iTfItCMAAAAJ&pagesize=100&sortby=pubdate&citation_for_view=iTfItCMAAAAJ:ymY9cBF3mdcC,"International Journal of Computer Applications 41 (13), 2012","A Rao, P Kumar, N Chauhan",3,
Dr Prashant Kumar,Replica allocation techniques based on clusters for MANETs,2012,https://scholar.google.com/citations?view_op=view_citation&hl=en&user=iTfItCMAAAAJ&pagesize=100&sortby=pubdate&citation_for_view=iTfItCMAAAAJ:zA6iFVUQeVQC,"International Conference on Emerging Trends in Computer and Electronics …, 2012","R Kumar, P Kumar",9,
Dr Prashant Kumar,Cbrm–cluster based replica management in mobile adhoc networks,2011,https://scholar.google.com/citations?view_op=view_citation&hl=en&user=iTfItCMAAAAJ&pagesize=100&sortby=pubdate&citation_for_view=iTfItCMAAAAJ:M0leSnx2MbUC,"International Conference on Advanced Computing, Networking and Security, 338-347, 2011","R Kumar, P Kumar, N Chauhan",6,
Dr Prashant Kumar,Cooperative Caching Strategies for MANETs and IMANETs,2011,https://scholar.google.com/citations?view_op=view_citation&hl=en&user=iTfItCMAAAAJ&pagesize=100&sortby=pubdate&citation_for_view=iTfItCMAAAAJ:Vr2j17o0sqMC,"5th IEEE International Conference on Advanced Computing & Communication …, 2011","A Rao, P Kumar, N Chauhan",7,
Dr Prashant Kumar,An intelligent transportation systems architecture using wireless sensor networks,2011,https://scholar.google.com/citations?view_op=view_citation&hl=en&user=iTfItCMAAAAJ&pagesize=100&sortby=pubdate&citation_for_view=iTfItCMAAAAJ:1r-w4gtu6w8C,"International Journal of Computer Applications 14 (2), 22-26, 2011","V Katiyar, P Kumar, N Chand",69,
Dr Prashant Kumar,Effective Cache based Policies in Wireless Sensor Networks,2010,https://scholar.google.com/citations?view_op=view_citation&hl=en&user=iTfItCMAAAAJ&pagesize=100&sortby=pubdate&citation_for_view=iTfItCMAAAAJ:XAp-VaTZjjwC,"ACM 11 (10), 2010","C Naveen, P Sudhanshu, P Kumar",2,
Dr Prashant Kumar,Effective cache based policies in wireless sensor networks: A survey,2010,https://scholar.google.com/citations?view_op=view_citation&hl=en&user=iTfItCMAAAAJ&pagesize=100&sortby=pubdate&citation_for_view=iTfItCMAAAAJ:nPTYJWkExTIC,"International Journal of Computer Applications 11 (10), 0975-8887, 2010","S Pant, N Chauhan, P Kumar",33,
Dr Prashant Kumar,A survey on data dissemination techniques used in VANETs,2010,https://scholar.google.com/citations?view_op=view_citation&hl=en&user=iTfItCMAAAAJ&pagesize=100&sortby=pubdate&citation_for_view=iTfItCMAAAAJ:9DLIHnF0jcYC,"International Journal of Computer Applications 10 (7), 5-10, 2010","BB Dubey, N Chauhan, P Kumar",30,
Dr Prashant Kumar,Proactive Approach for Cooperative Caching in Mobile Adhoc Networks,2010,https://scholar.google.com/citations?view_op=view_citation&hl=en&user=iTfItCMAAAAJ&pagesize=100&sortby=pubdate&citation_for_view=iTfItCMAAAAJ:8VtEwCQfWZkC,"IJCSI International Journal of Computer Science Issues 7 (3, No 8), 2010","K Prashant, C Naveen, C Narottam",2,
Dr Prashant Kumar,Proactive approach for cooperative caching in mobile adhoc networks,2010,https://scholar.google.com/citations?view_op=view_citation&hl=en&user=iTfItCMAAAAJ&pagesize=100&sortby=pubdate&citation_for_view=iTfItCMAAAAJ:jlhcAiayVhoC,"International Journal of Computer Science Issues (IJCSI) 7 (3), 21, 2010","P Kumar, N Chauhan, LK Awasthi, N Chand",36,
Dr Prashant Kumar,A review of cooperative cache management techniques in MANETs,2010,https://scholar.google.com/citations?view_op=view_citation&hl=en&user=iTfItCMAAAAJ&pagesize=100&sortby=pubdate&citation_for_view=iTfItCMAAAAJ:n3vGvpFsckwC,"International Journal of IT & Knowledge Management 3 (1), 2010","P Kumar, N Chauhan",7,
Dr Prashant Shukla,MOHBA: multi-objective honey badger algorithm for workflow scheduling in heterogeneous cloud–fog-IoT networks,2025,https://scholar.google.com/citations?view_op=view_citation&hl=en&user=BUW0244AAAAJ&pagesize=100&sortby=pubdate&citation_for_view=BUW0244AAAAJ:ufrVoPGSRksC,"International Journal of Information Technology 17 (3), 1619-1630, 2025","P Shukla, D Agrawal, S Pandey, R Mahapatra",3,
Dr Prashant Shukla,PES-DAS: Privacy Enhancing Subset-Data Aggregation Scheme Leveraging Homomorphic Cryptosystem in Fog-Cloud Based IoT Applications,2025,https://scholar.google.com/citations?view_op=view_citation&hl=en&user=BUW0244AAAAJ&pagesize=100&sortby=pubdate&citation_for_view=BUW0244AAAAJ:Se3iqnhoufwC,"SN Computer Science 6 (3), 1-16, 2025","P Shukla, S Pandey",1,
Dr Prashant Shukla,MOTORS: multi-objective task offloading and resource scheduling algorithm for heterogeneous fog-cloud computing scenario,2024,https://scholar.google.com/citations?view_op=view_citation&hl=en&user=BUW0244AAAAJ&pagesize=100&sortby=pubdate&citation_for_view=BUW0244AAAAJ:WF5omc3nYNoC,"The Journal of Supercomputing 80 (15), 22315-22361, 2024","P Shukla, S Pandey",14,
Dr Prashant Shukla,DE-GWO: a multi-objective workflow scheduling algorithm for heterogeneous fog-cloud environment,2024,https://scholar.google.com/citations?view_op=view_citation&hl=en&user=BUW0244AAAAJ&pagesize=100&sortby=pubdate&citation_for_view=BUW0244AAAAJ:W7OEmFMy1HYC,"Arabian Journal for Science and Engineering 49 (3), 4419-4444, 2024","P Shukla, S Pandey",22,
Dr Prashant Shukla,Energy efficient workflow scheduling algorithm for latency-sensitive applications using cloud-fog collaboration,2023,https://scholar.google.com/citations?view_op=view_citation&hl=en&user=BUW0244AAAAJ&pagesize=100&sortby=pubdate&citation_for_view=BUW0244AAAAJ:YsMSGLbcyi4C,"2023 IEEE International Conference on Advanced Networks and …, 2023","P Shukla, S Pandey",5,
Dr Prashant Shukla,ECO-RL-ECA: efficient computation offloading using reinforcement learning in edge-cloud architecture,2023,https://scholar.google.com/citations?view_op=view_citation&hl=en&user=BUW0244AAAAJ&pagesize=100&sortby=pubdate&citation_for_view=BUW0244AAAAJ:eQOLeE2rZwMC,"2023 OITS International Conference on Information Technology (OCIT), 605-610, 2023","P Shukla, S Gupta, S Pandey",4,
Dr Prashant Shukla,FDA-TO-FCA: Flow Direction Algorithm-Based Task Offloading in Fog-Cloud Architecture,2023,https://scholar.google.com/citations?view_op=view_citation&hl=en&user=BUW0244AAAAJ&pagesize=100&sortby=pubdate&citation_for_view=BUW0244AAAAJ:roLk4NBRz8UC,"International Conference on Smart Systems: Innovations in Computing, 359-371, 2023","P Shukla, S Pandey, S Gupta, D Agrawal",,
Dr Prashant Shukla,MAA: multi-objective artificial algae algorithm for workflow scheduling in heterogeneous fog-cloud environment,2023,https://scholar.google.com/citations?view_op=view_citation&hl=en&user=BUW0244AAAAJ&pagesize=100&sortby=pubdate&citation_for_view=BUW0244AAAAJ:Tyk-4Ss8FVUC,"The Journal of Supercomputing 79 (10), 11218-11260, 2023","P Shukla, S Pandey",30,
Dr Prashant Shukla,FAT-ETO: Fuzzy-AHP-TOPSIS-Based efficient task offloading algorithm for scientific workflows in heterogeneous fog–cloud environment,2023,https://scholar.google.com/citations?view_op=view_citation&hl=en&user=BUW0244AAAAJ&pagesize=100&sortby=pubdate&citation_for_view=BUW0244AAAAJ:zYLM7Y9cAGgC,"Proceedings of the national academy of sciences, india section a: physical …, 2023","P Shukla, S Pandey, P Hatwar, A Pant",23,
Dr Prashant Shukla,An efficient offloading technique using DQN for MEC-IoT networks,2023,https://scholar.google.com/citations?view_op=view_citation&hl=en&user=BUW0244AAAAJ&pagesize=100&sortby=pubdate&citation_for_view=BUW0244AAAAJ:Y0pCki6q_DkC,"2023 6th International Conference on Information Systems and Computer …, 2023","P Shukla, S Pandey, D Agarwal",13,
Dr Prashant Shukla,An efficient group-based neighbor discovery for wireless sensor networks,2021,https://scholar.google.com/citations?view_op=view_citation&hl=en&user=BUW0244AAAAJ&pagesize=100&sortby=pubdate&citation_for_view=BUW0244AAAAJ:d1gkVwhDpl0C,"2021 Third International Conference on Intelligent Communication …, 2021","S Pandey, P Shukla, A Tripathi",5,
Dr Prashant Shukla,Birthday Protocol for Efficient Node Deployment and Neighbour Discovery in Wireless Sensor Network,2021,https://scholar.google.com/citations?view_op=view_citation&hl=en&user=BUW0244AAAAJ&pagesize=100&sortby=pubdate&citation_for_view=BUW0244AAAAJ:u-x6o8ySG0sC,"2021 Third International Conference on Intelligent Communication …, 2021","S Pandey, P Shukla, D Kalwani",,
Dr Prashant Shukla,"Security issues, challenges and solutions for wireless sensor networks (WSN): a review",2020,https://scholar.google.com/citations?view_op=view_citation&hl=en&user=BUW0244AAAAJ&pagesize=100&sortby=pubdate&citation_for_view=BUW0244AAAAJ:9yKSN-GCB0IC,"Research Journal of Engineering and Technology 11 (2), 62-68, 2020",P Shukla,1,
Dr Prashant Shukla,Statistical Based Fault Node Detection Algorithms For Wireless Sensor Networks,2017,https://scholar.google.com/citations?view_op=view_citation&hl=en&user=BUW0244AAAAJ&pagesize=100&sortby=pubdate&citation_for_view=BUW0244AAAAJ:_FxGoFyzp5QC,"International Conference on Telecommunication, Power Analysis and Computing …, 2017",PS RR Panda,,
Dr Prashant Shukla,Neighbor co-ordination based fault node detection algorithm for distributed wireless sensor networks,2017,https://scholar.google.com/citations?view_op=view_citation&hl=en&user=BUW0244AAAAJ&pagesize=100&sortby=pubdate&citation_for_view=BUW0244AAAAJ:qjMakFHDy7sC,"International Journal of Engineering Research & Technology 6 (9), 261-265, 2017","P Shukla, RR Panda",2,
Dr Prashant Shukla,Task Offloading in Edge Computing using Reinforcement Learning,,https://scholar.google.com/citations?view_op=view_citation&hl=en&user=BUW0244AAAAJ&pagesize=100&sortby=pubdate&citation_for_view=BUW0244AAAAJ:LkGwnXOMwfcC,"7th International Conference on Microelectronics, Computing & Communication …, 0","PS S Gupta, S Pandey",,
Dr Avtar Singh,A walrus optimization algorithm for sustainable internet of robotic things based on Q-Learning,2025,https://scholar.google.com/citations?view_op=view_citation&hl=en&user=UN4_VkEAAAAJ&pagesize=100&sortby=pubdate&citation_for_view=UN4_VkEAAAAJ:vkDViGfkvYEC,"The Journal of Supercomputing 81 (15), 1-29, 2025","H Varshney, A Singh",,
Dr Avtar Singh,A Systematic Literature Survey of Crowdsourcing: Current Status and Future Perspectives,2025,https://scholar.google.com/citations?view_op=view_citation&hl=en&user=UN4_VkEAAAAJ&pagesize=100&sortby=pubdate&citation_for_view=UN4_VkEAAAAJ:SZzxPo9m4nkC,"Wiley Interdisciplinary Reviews: Data Mining and Knowledge Discovery 15 (3 …, 2025","H Suyal, A Singh",,
Dr Avtar Singh,Privacy Preserving Efficient Worker Selection in the Cloud‐Based Crowdsourcing Platform,2025,https://scholar.google.com/citations?view_op=view_citation&hl=en&user=UN4_VkEAAAAJ&pagesize=100&sortby=pubdate&citation_for_view=UN4_VkEAAAAJ:ZpfHopiqs50C,"Internet Technology Letters 8 (5), e70092, 2025","H Suyal, A Singh, G Shrivastava",,
Dr Avtar Singh,Machine learning-centric prediction and decision based resource management in cloud computing environments,2025,https://scholar.google.com/citations?view_op=view_citation&hl=en&user=UN4_VkEAAAAJ&pagesize=100&sortby=pubdate&citation_for_view=UN4_VkEAAAAJ:RdUpO4xyVKMC,"Cluster Computing 28 (2), 130, 2025","S Kashyap, A Singh, SS Gill",7,
Dr Avtar Singh,P0632 Analysis of serological responses to SARS-Cov-2 vaccination in patients with Inflammatory Bowel Disease in India identifies low BMI as an independent determinant of …,2025,https://scholar.google.com/citations?view_op=view_citation&hl=en&user=UN4_VkEAAAAJ&pagesize=100&sortby=pubdate&citation_for_view=UN4_VkEAAAAJ:ExBYd_ZNEOYC,"Journal of Crohn's and Colitis 19 (Supplement_1), i1244-i1245, 2025","SY Wong, HR Moran, G Elgood-Hunt, L Stolle, E Giselbrecht, J Wellens, ...",,
Dr Avtar Singh,"Assessment of the Incidence of Pigeon Pea Leaf Webber, Grapholita critica (Meyr.) and Roller, Caloptilia soyella (Van.) in Relation to Weather Variables in the Bundelkhand …",2024,https://scholar.google.com/citations?view_op=view_citation&hl=en&user=UN4_VkEAAAAJ&pagesize=100&sortby=pubdate&citation_for_view=UN4_VkEAAAAJ:vefPE_iVbj4C,"Legume Research 47 (9), 1613-1619, 2024","A Pandey, SK Singh, AK Singh, R Pandey, S Routray, MK Mishra, ...",1,
Dr Avtar Singh,Assessing the effect of the direction of transplanting and yield of rice (Oryza Sativa L.) Under different crop growing environments,2024,https://scholar.google.com/citations?view_op=view_citation&hl=en&user=UN4_VkEAAAAJ&pagesize=100&sortby=pubdate&citation_for_view=UN4_VkEAAAAJ:aNch6Af-aFkC,"Plant Archives 24 (1), 1628-1634, 2024","B Kunal, SR Mishra, AK Singh, AN Mishra, S Pandey, J Raj",2,
Dr Avtar Singh,"Social Media Use and Its Association With Academic Performance Among School Students of Kirtipur Municipality, Kathmandu, Nepal",2024,https://scholar.google.com/citations?view_op=view_citation&hl=en&user=UN4_VkEAAAAJ&pagesize=100&sortby=pubdate&citation_for_view=UN4_VkEAAAAJ:JdL-Xu2nR38C,"J Comm Med and Pub Health Rep 5, 12, 2024","R Tandukar, R Tiwari, A Singh, G Bhattarai, L Chaudhary",,
Dr Avtar Singh,Micronutrient Diversity in Foxtail Millet Genotypes under Foothills of Nagaland,2024,https://scholar.google.com/citations?view_op=view_citation&hl=en&user=UN4_VkEAAAAJ&pagesize=100&sortby=pubdate&citation_for_view=UN4_VkEAAAAJ:HqhvjgTjE9cC,"Indian Journal of Agricultural Biochemistry 37 (1), 71-76, 2024","DP Rao, HP Chaturvedi, DM Khanday, AK Singh, GK Rai",2,
Dr Avtar Singh,"Serum Biomarkers in Pediatric Acute Respiratory Distress Syndrome: A Prospective, Longitudinal Pilot Study",2024,https://scholar.google.com/citations?view_op=view_citation&hl=en&user=UN4_VkEAAAAJ&pagesize=100&sortby=pubdate&citation_for_view=UN4_VkEAAAAJ:vPKCt-r_nWsC,"C40. ARDS AND ACUTE RESPIRATORY FAILURE: MECHANISM, RISK, AND OUTCOMES …, 2024","S Bhela, LA Parton, H Christie, A Singh, M Pinto, AJ Dozor, SS Krishnan",,
Dr Avtar Singh,Multilabel classification using crowdsourcing under budget constraints,2024,https://scholar.google.com/citations?view_op=view_citation&hl=en&user=UN4_VkEAAAAJ&pagesize=100&sortby=pubdate&citation_for_view=UN4_VkEAAAAJ:KlAtU1dfN6UC,"Knowledge and Information Systems 66 (2), 841-877, 2024","H Suyal, A Singh",7,
Dr Avtar Singh,Strengthening the agricultural entrepreneurship: Insights on transformative influence,2024,https://scholar.google.com/citations?view_op=view_citation&hl=en&user=UN4_VkEAAAAJ&pagesize=100&sortby=pubdate&citation_for_view=UN4_VkEAAAAJ:NZNkWSpQBv0C,"The Indian Journal of Agricultural Sciences 94 (3-1), 72-80, 2024","RK Rana, CG MJ, RK Singh, S Monga, T Kaur, P Sheoran, SK Dubey, ...",,
Dr Avtar Singh,Jackfruit waste and peels: Potential as livestock feed,2024,https://scholar.google.com/citations?view_op=view_citation&hl=en&user=UN4_VkEAAAAJ&pagesize=100&sortby=pubdate&citation_for_view=UN4_VkEAAAAJ:BzPC9jo9PWgC,"The Indian Journal of Animal Sciences 94 (5), 395-400, 2024","S Prusty, MK Gendley, AK Singh, M Dubey, PV PATIL, VK Sharma",3,
Dr Avtar Singh,Generative ai for cyberdefense,2024,https://scholar.google.com/citations?view_op=view_citation&hl=en&user=UN4_VkEAAAAJ&pagesize=100&sortby=pubdate&citation_for_view=UN4_VkEAAAAJ:uoeYKOKFegwC,"Generative AI: Current Trends and Applications, 121-145, 2024","A Singh, D Singh, R Singh",3,
Dr Avtar Singh,Genetic variability and character association for growth and yield characters in Dolichos bean (Lablab purpureus var. typicus) under rainfed semi-arid conditions,2024,https://scholar.google.com/citations?view_op=view_citation&hl=en&user=UN4_VkEAAAAJ&pagesize=100&sortby=pubdate&citation_for_view=UN4_VkEAAAAJ:ThYxFsVAhEkC,"Current Horticulture 12 (2), 85-89, 2024","K Gangadhara, LP Yadav, AK Singh, VVA Rao, AK Verma, P Ravat",,
Dr Avtar Singh,Current Chemistry Letters,2024,https://scholar.google.com/citations?view_op=view_citation&hl=en&user=UN4_VkEAAAAJ&pagesize=100&sortby=pubdate&citation_for_view=UN4_VkEAAAAJ:P7Ujq4OLJYoC,,"S Giria, A Singha, K Kumarb",,
Dr Avtar Singh,BIOTOXINS AND XENOBIOTICS IN AQUATIC SYSTEMS AND ITS IMPACT ON AQUATIC FOOD SAFETY,2024,https://scholar.google.com/citations?view_op=view_citation&hl=en&user=UN4_VkEAAAAJ&pagesize=100&sortby=pubdate&citation_for_view=UN4_VkEAAAAJ:X1xEhyGaivYC,,"K Chattopadhyay, M Manivannan, P Debbarma, P Jana, AK Singh",,
Dr Avtar Singh,Differential Equation-Based Analytical Modeling of the Characteristics Parameters of the Junctionless MOSFET-Based Label-Free Biosensors,2023,https://scholar.google.com/citations?view_op=view_citation&hl=en&user=UN4_VkEAAAAJ&pagesize=100&sortby=pubdate&citation_for_view=UN4_VkEAAAAJ:IvSMUa3B7yYC,"Differential Equation Based Solutions for Emerging Real-Time Problems, 207-220, 2023","M Chanda, P Debnath, A Singh",,
Dr Avtar Singh,"Knowledge, Attitude and Practice regarding the effect of yoga on periodontal health among Indian adults: A questionnaire study.",2023,https://scholar.google.com/citations?view_op=view_citation&hl=en&user=UN4_VkEAAAAJ&pagesize=100&sortby=pubdate&citation_for_view=UN4_VkEAAAAJ:BmWJbWwHJAwC,,"L Puzhankara, M Mahendra, SP Sinha, A Singh, S Karmakar",,
Dr Avtar Singh,"Runoff estimation in steep slope forested Dzumah watershed of Upper Dhansiri, Nagaland using standard and modified curve number method",2023,https://scholar.google.com/citations?view_op=view_citation&hl=en&user=UN4_VkEAAAAJ&pagesize=100&sortby=pubdate&citation_for_view=UN4_VkEAAAAJ:lSLsV1MU4ZUC,"International Journal of Ecology and Environmental Sciences 49 (6), 555-561, 2023","R Kichu, M Dutta, AK Singh, S Ram",1,
Dr Avtar Singh,Impact of Underlap/Overlap on Source Engineered Tunnel FET,2023,https://scholar.google.com/citations?view_op=view_citation&hl=en&user=UN4_VkEAAAAJ&pagesize=100&sortby=pubdate&citation_for_view=UN4_VkEAAAAJ:rCNdntzdTkkC,"2023 1st International Conference on Circuits, Power and Intelligent Systems …, 2023","A Shakya, AK Mishra, T Bhadauria, A Singh, A Kaur",,
Dr Avtar Singh,PHYSIOLOGICAL IMPACT OF HEAT STRESS ON WHEAT VARITIES AT DIFFERENT GROWTH STAGES.,2023,https://scholar.google.com/citations?view_op=view_citation&hl=en&user=UN4_VkEAAAAJ&pagesize=100&sortby=pubdate&citation_for_view=UN4_VkEAAAAJ:U5uP8zs9lfgC,"Plant Archives (09725210) 23 (2), 2023","J Rajput, AK Singh, S Singh, S Singh, S Singh, AK Singh, RK Yadav",1,
Dr Avtar Singh,Prediction-based scheduling techniques for cloud data center’s workload: a systematic review,2023,https://scholar.google.com/citations?view_op=view_citation&hl=en&user=UN4_VkEAAAAJ&pagesize=100&sortby=pubdate&citation_for_view=UN4_VkEAAAAJ:WF5omc3nYNoC,"Cluster Computing 26 (5), 3209-3235, 2023","S Kashyap, A Singh",24,
Dr Avtar Singh,"Effect of crop establishment methods and fertility management on growth, yield and economics of rice (Oryza sativa L.)",2023,https://scholar.google.com/citations?view_op=view_citation&hl=en&user=UN4_VkEAAAAJ&pagesize=100&sortby=pubdate&citation_for_view=UN4_VkEAAAAJ:L24QuVWYgZ0C,"International Journal of Plant & Soil Science 35 (19), 1785-1795, 2023","K Baboo, V Nand, R Kumar, AK Singh, N Kumar, BL Kushwaha, S Maurya, ...",1,
Dr Avtar Singh,Role of DRDO in Covid-19 Containment,2023,https://scholar.google.com/citations?view_op=view_citation&hl=en&user=UN4_VkEAAAAJ&pagesize=100&sortby=pubdate&citation_for_view=UN4_VkEAAAAJ:AubyX3KqGToC,"Learning from the COVID-19 Pandemic, 195-212, 2023","KP Mishra, AK Singh",,
Dr Avtar Singh,Investigating the impact of fungicides and mungbean,2023,https://scholar.google.com/citations?view_op=view_citation&hl=en&user=UN4_VkEAAAAJ&pagesize=100&sortby=pubdate&citation_for_view=UN4_VkEAAAAJ:3pYxbvHKFu8C,"Current advancements in real-time plant pathogen diagnostics: From lab …, 2023","HS Buttar¹, A Singh¹, A Sirari, KK Anupam¹, A Kumar",,
Dr Avtar Singh,16 Role of DRDO in Covid-19 Containment,2023,https://scholar.google.com/citations?view_op=view_citation&hl=en&user=UN4_VkEAAAAJ&pagesize=100&sortby=pubdate&citation_for_view=UN4_VkEAAAAJ:hrkNWuzUpWwC,"Learning from the COVID-19 Pandemic: Implications for Science, Health, and …, 2023","KP Mishra, AK Singh",,
Dr Avtar Singh,Influence of tempering conditions on the microstructure and mechanical properties of nodular cast iron,2023,https://scholar.google.com/citations?view_op=view_citation&hl=en&user=UN4_VkEAAAAJ&pagesize=100&sortby=pubdate&citation_for_view=UN4_VkEAAAAJ:L_l9e5I586QC,"Australian Journal of Mechanical Engineering 21 (5), 1778-1789, 2023","A Singh, M Agarwal",1,
Dr Avtar Singh,Correction: Morphology of ammonium perchlorate in the presence of ethylene glycol as an additive: a first principle study,2023,https://scholar.google.com/citations?view_op=view_citation&hl=en&user=UN4_VkEAAAAJ&pagesize=100&sortby=pubdate&citation_for_view=UN4_VkEAAAAJ:f2IySw72cVMC,"CrystEngComm 25 (5), 884-884, 2023","MAS Khan, R Vijayalakshmi, A Singh, AK Nandi, MB Talawar",,
Dr Avtar Singh,Pattern of nutrient dynamics through litterfall in Melia composita plantation with different 82espacements under agroforestry,2023,https://scholar.google.com/citations?view_op=view_citation&hl=en&user=UN4_VkEAAAAJ&pagesize=100&sortby=pubdate&citation_for_view=UN4_VkEAAAAJ:GnPB-g6toBAC,"Indian Journal of Agroforestry 25 (2), 2023","B Singh, H Kaur, R Gill, N Kaur, A Singh",2,
Dr Avtar Singh,"EPH25 Adverse Drug Events Associated with Immune Checkpoint Inhibitors Atezolizumab, Nivolumab and Pembrolizumab: A Descriptive Retrospective Pharmacoepidemiologic Analysis …",2023,https://scholar.google.com/citations?view_op=view_citation&hl=en&user=UN4_VkEAAAAJ&pagesize=100&sortby=pubdate&citation_for_view=UN4_VkEAAAAJ:FtNbRaqWXr4C,"Value in Health 26 (6), S168, 2023","A Singh, AL Hincapie, JJ Guo, YE Shin",,
Dr Avtar Singh,Correction to: Differential expression of genes during recovery of Nicotiana tabacum from tomato leaf curl Gujarat virus infection,2023,https://scholar.google.com/citations?view_op=view_citation&hl=en&user=UN4_VkEAAAAJ&pagesize=100&sortby=pubdate&citation_for_view=UN4_VkEAAAAJ:3WNXLiBY60kC,"Planta 258 (3), 51, 2023","T Namgial, AK Singh, NP Singh, A Francis, D Chattopadhyay, ...",,
Dr Avtar Singh,SelTCS: a framework for selecting trustworthy cloud services,2023,https://scholar.google.com/citations?view_op=view_citation&hl=en&user=UN4_VkEAAAAJ&pagesize=100&sortby=pubdate&citation_for_view=UN4_VkEAAAAJ:eQOLeE2rZwMC,"Sādhanā 48 (2), 87, 2023","N Thakur, A Singh, AL Sangal",,
Dr Avtar Singh,A deep learning algorithm for noise reduction in a novel respiratory-triggered single-shot phase sensitive inversion recovery myocardial delayed enhancement cardiac MRI pulse …,2023,https://scholar.google.com/citations?view_op=view_citation&hl=en&user=UN4_VkEAAAAJ&pagesize=100&sortby=pubdate&citation_for_view=UN4_VkEAAAAJ:ynsZFq2pu0MC,"European Heart Journal-Cardiovascular Imaging 24 (Supplement_1), jead119. 372, 2023","M Tang, H Wang, S Wang, E Wali, J Gutbrod, A Singh, L Landeras, ...",1,
Dr Avtar Singh,Effect of Process Controlling Agent on the Microstructural Evolution of CoCrFeMnNi High Entropy Alloy Processed Through Mechanical Alloying,2023,https://scholar.google.com/citations?view_op=view_citation&hl=en&user=UN4_VkEAAAAJ&pagesize=100&sortby=pubdate&citation_for_view=UN4_VkEAAAAJ:0dtNEdnCFDAC,"NanoWorld J 9 (S1), S359-S363, 2023","A Kumar, A Singh, A Suhane, AK Singh, PK Verma",2,
Dr Avtar Singh,Comparative Study of Truth Inferences Algorithms In Crowdsourcing,2023,https://scholar.google.com/citations?view_op=view_citation&hl=en&user=UN4_VkEAAAAJ&pagesize=100&sortby=pubdate&citation_for_view=UN4_VkEAAAAJ:UebtZRa9Y70C,"Optimization Methods for Engineering Problems, 99-111, 2023","H Suyal, A Singh",3,
Dr Avtar Singh,Development of village level geospatial framework for “digital India”,2023,https://scholar.google.com/citations?view_op=view_citation&hl=en&user=UN4_VkEAAAAJ&pagesize=100&sortby=pubdate&citation_for_view=UN4_VkEAAAAJ:qbqt7gslDFUC,"Motilal Nehru National Institute of Technology, Allahabad, 2023",DK Azad,1,
Dr Avtar Singh,A novel mathematical expression for estimating IR-192 source dwell times by utilising Co-60 source dwell times in optimised brachytherapy plans,2023,https://scholar.google.com/citations?view_op=view_citation&hl=en&user=UN4_VkEAAAAJ&pagesize=100&sortby=pubdate&citation_for_view=UN4_VkEAAAAJ:qOpkhvVCMvUC,"Proceedings of the twenty fifth international conference on medical physics …, 2023","D Sampathirao, S Dwivedi, A Singh, G Singh, T Dora",,
Dr Avtar Singh,Analysis and dosimetry of patient specific QA performed on beam matched linear accelerators to check their reliability and deliverability,2023,https://scholar.google.com/citations?view_op=view_citation&hl=en&user=UN4_VkEAAAAJ&pagesize=100&sortby=pubdate&citation_for_view=UN4_VkEAAAAJ:Cy13deThEpcC,"Proceedings of the twenty fifth international conference on medical physics …, 2023","G Singh, R Singh, S Pahwa, D Sampathirao, S Dwivedi, A Singh, A Saini",,
Dr Avtar Singh,To study the impact of minimum segment width on the quality of VMAT plans using monaco TPS for endometrium cancer,2023,https://scholar.google.com/citations?view_op=view_citation&hl=en&user=UN4_VkEAAAAJ&pagesize=100&sortby=pubdate&citation_for_view=UN4_VkEAAAAJ:WTSGYGHz1bkC,"Proceedings of the twenty fifth international conference on medical physics …, 2023","A Singh, A Saini, R Kalita, G Singh",,
Dr Avtar Singh,Study on flow of institutional credit and its diversion by dairy farmers in Kerala,2023,https://scholar.google.com/citations?view_op=view_citation&hl=en&user=UN4_VkEAAAAJ&pagesize=100&sortby=pubdate&citation_for_view=UN4_VkEAAAAJ:XUAslYVNQLQC,"Journal of Agricultural Development and Policy 33 (2), 132-137, 2023","NK Raj, AK Dixit, A Singh, G Bhandari, K Ponnusamy, B Sen, A Verma",,
Dr Avtar Singh,Effect of Moisture Regimes and Weed Management Practices on Growth Indices under Drum Seeded Rice (Oryza sativa L.),2023,https://scholar.google.com/citations?view_op=view_citation&hl=en&user=UN4_VkEAAAAJ&pagesize=100&sortby=pubdate&citation_for_view=UN4_VkEAAAAJ:KS-xo-ZNxMsC,"International Journal of Environment and Climate Change 13 (9), 270-276, 2023","R Prakash, R Kumar, R Verma, S Maurya, AK Singh",1,
Dr Avtar Singh,"Influence of detopping practices on green fodder availability, seed yield and economics of fodder maize (Zea mays L.) in central and southern plateau regions of India",2023,https://scholar.google.com/citations?view_op=view_citation&hl=en&user=UN4_VkEAAAAJ&pagesize=100&sortby=pubdate&citation_for_view=UN4_VkEAAAAJ:wKETBy42zhYC,"Range Management and Agroforestry 44 (2), 315-322, 2023","HM Halli, VK Wasnik, BG Shivakumar, AK Singh, VK Yadav, S Swami, ...",1,
Dr Avtar Singh,"Soil nutrient dynamics under silviculture, silvipasture and hortipasture as alternate land-use systems in semi-arid environment. Forests. 2023; 14 (1): 125",2023,https://scholar.google.com/citations?view_op=view_citation&hl=en&user=UN4_VkEAAAAJ&pagesize=100&sortby=pubdate&citation_for_view=UN4_VkEAAAAJ:nRpfm8aw39MC,,"H Baradwal, A Ghosh, AK Singh, R Jiménez-Ballesta, RK Yadav, S Misra, ...",1,
Dr Avtar Singh,"Advances in low-power devices: FinFETs, nanowire FETS, and CNT FET",2023,https://scholar.google.com/citations?view_op=view_citation&hl=en&user=UN4_VkEAAAAJ&pagesize=100&sortby=pubdate&citation_for_view=UN4_VkEAAAAJ:pZ2CosqRuhkC,"Low Power Designs in Nanodevices and Circuits for Emerging Applications, 297-308, 2023","SM Sharma, A Singh",1,
Dr Avtar Singh,Assessment of Subsidence and Its Impact for Design of Non-effective Width of Excavation Below Forest Land,2023,https://scholar.google.com/citations?view_op=view_citation&hl=en&user=UN4_VkEAAAAJ&pagesize=100&sortby=pubdate&citation_for_view=UN4_VkEAAAAJ:J6OZcwVsj5AC,"International Conference on Sustainable and Innovative Mining Practices, 464-482, 2023","AK Singh, S Ram, A Kumar",1,
Dr Avtar Singh,Reply: Portal vein thrombosis in cirrhosis: exploring the uncharted waters.,2023,https://scholar.google.com/citations?view_op=view_citation&hl=en&user=UN4_VkEAAAAJ&pagesize=100&sortby=pubdate&citation_for_view=UN4_VkEAAAAJ:artPoR2Yc-kC,"Journal of Gastroenterology & Hepatology 38 (12), 2023","S Giri, A Singh, K Kolhe, A Kale, A Shukla",,
Dr Avtar Singh,IMPACT OF MOTHER'S HYPOTHYROIDISM ON FETAL DEVELOPMENT AND OUTCOMES: A SYSTEMATIC REVIEW.,2023,https://scholar.google.com/citations?view_op=view_citation&hl=en&user=UN4_VkEAAAAJ&pagesize=100&sortby=pubdate&citation_for_view=UN4_VkEAAAAJ:AFmTUeZ1pmEC,"Georgian Medical News, 32-36, 2023","A Singh, N Sathe, K Rani, S Das, JD Patel, RR Jyothi",3,
Dr Avtar Singh,Serum Biomarkers in Acute Lung Injury-Receptor for Advanced End Products,2023,https://scholar.google.com/citations?view_op=view_citation&hl=en&user=UN4_VkEAAAAJ&pagesize=100&sortby=pubdate&citation_for_view=UN4_VkEAAAAJ:gNZucvRojEcC,"D94. NOVEL REGULATORS AND MEDIATORS OF AIRWAY INFECTION AND INFLAMMATION …, 2023","S Bhela, LA Parton, VY Trinh, A Singh, M Pinto, AJ Dozor, SS Krishnan",,
Dr Avtar Singh,A Machine Learning-Based Prediction Model for Fetal Health Assessment,2023,https://scholar.google.com/citations?view_op=view_citation&hl=en&user=UN4_VkEAAAAJ&pagesize=100&sortby=pubdate&citation_for_view=UN4_VkEAAAAJ:Wp0gIr-vW9MC,"Frontiers of ICT in Healthcare: Proceedings of EAIT 2022, 239-250, 2023","H Varshney, A Singh",1,
Dr Avtar Singh,Dosimetric Comparison of Photon Beams Using CIRS Thorax Phantom to Evaluate Monaco Radiotherapy Treatment Planning System,2022,https://scholar.google.com/citations?view_op=view_citation&hl=en&user=UN4_VkEAAAAJ&pagesize=100&sortby=pubdate&citation_for_view=UN4_VkEAAAAJ:hkOj_22Ku90C,"ECS Transactions 107 (1), 5729, 2022","A Saini, VP Pandey, A Singh, P Kumar",,
Dr Avtar Singh,Sustainable Technologies for Value Added Product Recovery from Wastewater,2022,https://scholar.google.com/citations?view_op=view_citation&hl=en&user=UN4_VkEAAAAJ&pagesize=100&sortby=pubdate&citation_for_view=UN4_VkEAAAAJ:zGWyAL6qfKUC,"Environmental Degradation: Challenges and Strategies for Mitigation, 395-417, 2022","P Das, AK Singh, KKK Singh",,
Dr Avtar Singh,Momordica charantia L.: A Medicinal Plant,2022,https://scholar.google.com/citations?view_op=view_citation&hl=en&user=UN4_VkEAAAAJ&pagesize=100&sortby=pubdate&citation_for_view=UN4_VkEAAAAJ:jSAVyFp_754C,"Bioactives and Pharmacology of Medicinal Plants, 245-256, 2022","R Komal, R Kumari, AK Singh",,
Dr Avtar Singh,HIV/AIDS-Related Stigma and Prevalent Attitude among Healthcare Trainees in Delhi,2022,https://scholar.google.com/citations?view_op=view_citation&hl=en&user=UN4_VkEAAAAJ&pagesize=100&sortby=pubdate&citation_for_view=UN4_VkEAAAAJ:blknAaTinKkC,"Indian Journal of Psychiatric Social Work, 62-69, 2022","S Kumari, GJ Ojha, AA Dungdung, A Singh",,
Dr Avtar Singh,Performance evaluation of classic McEliece post quantum cryptography,2022,https://scholar.google.com/citations?view_op=view_citation&hl=en&user=UN4_VkEAAAAJ&pagesize=100&sortby=pubdate&citation_for_view=UN4_VkEAAAAJ:mVmsd5A6BfQC,"2022 Algorithms, Computing and Mathematics Conference (ACM), 90-94, 2022","B Lingeshwaran, A Singh",3,
Dr Avtar Singh,PRODUCTIVITY AND PROFITABILITY OF WHEAT (TRITICUM AESTIVUM L.) BASED CROPPING SYSTEM WITH INTEGRATED NUTRIENT MANAGEMENT IN CENTRAL PLATEAU OF UTTAR PRADESH,2022,https://scholar.google.com/citations?view_op=view_citation&hl=en&user=UN4_VkEAAAAJ&pagesize=100&sortby=pubdate&citation_for_view=UN4_VkEAAAAJ:gL9scSG3K_gC,"Pakistan Journal of Agriculture, Agricultural Engineering and Veterinary …, 2022","AK Singh, HS Kushwaha",,
Dr Avtar Singh,B108 From epidural to fascial plane in blunt chest trauma,2022,https://scholar.google.com/citations?view_op=view_citation&hl=en&user=UN4_VkEAAAAJ&pagesize=100&sortby=pubdate&citation_for_view=UN4_VkEAAAAJ:Iq19BMNozs4C,"Regional Anesthesia & Pain Medicine 47 (Suppl 1), A138-A140, 2022","A Singh, S Howey, T Egan, P Verma",1,
Dr Avtar Singh,Dielectric Engineered Cylindrical Junctionless FET for Low Power Applications,2022,https://scholar.google.com/citations?view_op=view_citation&hl=en&user=UN4_VkEAAAAJ&pagesize=100&sortby=pubdate&citation_for_view=UN4_VkEAAAAJ:7Frjd3zlGBUC,"2022 2nd International Conference on Emerging Frontiers in Electrical and …, 2022","B Zewudie, B Fekede, B Simeneh, E Alemayehu, A Ebissa, A Singh, ...",,
Dr Avtar Singh,Load Frequency Control for Power System of Interconnected Two Area System Using Salp Swarm Algorithm Technique Based 3 DOF-PID Controller for Optimization,2022,https://scholar.google.com/citations?view_op=view_citation&hl=en&user=UN4_VkEAAAAJ&pagesize=100&sortby=pubdate&citation_for_view=UN4_VkEAAAAJ:DGzKIA18-3YC,"Control Applications in Modern Power Systems: Select Proceedings of EPREC …, 2022","AR Sinha, NK Gupta, C Sekhar, AK Singh",,
Dr Avtar Singh,Plant growth regulators in aonla,2022,https://scholar.google.com/citations?view_op=view_citation&hl=en&user=UN4_VkEAAAAJ&pagesize=100&sortby=pubdate&citation_for_view=UN4_VkEAAAAJ:HAmI6pRF5skC,"Plant Growth Regulators in Tropical and Sub-tropical Fruit Crops, 52-63, 2022","S Singh, DS Mishra, AK Singh, AK Singh, S Verma, P Mishra",3,
Dr Avtar Singh,Rice Plant Disease Classification and Comparative Analysis of SVM Hyperparameters,2022,https://scholar.google.com/citations?view_op=view_citation&hl=en&user=UN4_VkEAAAAJ&pagesize=100&sortby=pubdate&citation_for_view=UN4_VkEAAAAJ:LkGwnXOMwfcC,"3rd International Conference on Emerging Trends in Engineering and …, 2022","R Kaur, A Singh",,
Dr Avtar Singh,Performance Evaluation of Classic McEliece Post Quantum Cryptography,2022,https://scholar.google.com/citations?view_op=view_citation&hl=en&user=UN4_VkEAAAAJ&pagesize=100&sortby=pubdate&citation_for_view=UN4_VkEAAAAJ:roLk4NBRz8UC,"ALGORITHMS COMPUTING AND MATHEMATICS CONFERENCE ACM, 2022","L B, A Singh",,
Dr Avtar Singh,Registration of CIM-Vrinda: A citral (Neral and Geranial) rich high essential oil yielding variety of Ocimum basilicum L.,2022,https://scholar.google.com/citations?view_op=view_citation&hl=en&user=UN4_VkEAAAAJ&pagesize=100&sortby=pubdate&citation_for_view=UN4_VkEAAAAJ:kJDgFkosVoMC,"Journal of Medicinal and Aromatic Plant Sciences 44 (3-4), 127-134, 2022","T JHANG, RK LAL, P PANDEY, P SAROJ, S AGRAWAL, S DWIVEDI, ...",,
Dr Avtar Singh,Potential scaling strategies for Farmer FIRST Project,2022,https://scholar.google.com/citations?view_op=view_citation&hl=en&user=UN4_VkEAAAAJ&pagesize=100&sortby=pubdate&citation_for_view=UN4_VkEAAAAJ:aIdbFUkbNIkC,"Indian Farming 71 (10), 2022","AK Singh, VP Chahal, S Kumar, A Jhajhria, A Amit, A Abdulla",,
Dr Avtar Singh,A Machine Learning based Prediction Model for Fetal Health Assessment,2022,https://scholar.google.com/citations?view_op=view_citation&hl=en&user=UN4_VkEAAAAJ&pagesize=100&sortby=pubdate&citation_for_view=UN4_VkEAAAAJ:ufrVoPGSRksC,"7th International Conference on Emerging Applications of Information …, 2022","Hirdesh Varshney, AvtarSingh",,
Dr Avtar Singh,Impact Analysis of Adversarial Attacks on Convolutional Neural Networks for Healthcare: A Review,2022,https://scholar.google.com/citations?view_op=view_citation&hl=en&user=UN4_VkEAAAAJ&pagesize=100&sortby=pubdate&citation_for_view=UN4_VkEAAAAJ:_FxGoFyzp5QC,"International Conference on Data Science and Computational Intelligence …, 2022","Abhishek Sahu, Kuldeep Kumar and Avtar Singh",,
Dr Avtar Singh,3.41 Management of Rice Blast Disease Caused by Pyricularia oryzae through Application of Biocontrol Agents and Fungicides Alone and in Possible Combination,2022,https://scholar.google.com/citations?view_op=view_citation&hl=en&user=UN4_VkEAAAAJ&pagesize=100&sortby=pubdate&citation_for_view=UN4_VkEAAAAJ:8O4vDxvErlEC,"Sustainable Agricultural Innovations for Resilient Agri-Food Systems, 218, 2022","D Pandit, AK Singh",,
Dr Avtar Singh,Quality seed production and seed cane economy for better resource use efficiency,2022,https://scholar.google.com/citations?view_op=view_citation&hl=en&user=UN4_VkEAAAAJ&pagesize=100&sortby=pubdate&citation_for_view=UN4_VkEAAAAJ:5p9vMBpPSXYC,"Indian Farming 72 (4), 2022","N Kumar, L Rana, A Kumar, SN Singh, AK Singh",1,
Dr Avtar Singh,"Review on Challenges, Opportunities and Genetic Improvement of Indigenous Breed of Cow and its Productivity",2022,https://scholar.google.com/citations?view_op=view_citation&hl=en&user=UN4_VkEAAAAJ&pagesize=100&sortby=pubdate&citation_for_view=UN4_VkEAAAAJ:TNEldfgDb5MC,,"VP Singh, AK Singh",,
Dr Avtar Singh,"PlainLanguageSummaryInthisstudy, wedevelopasystematicframeworkthatcharacterizes",2022,https://scholar.google.com/citations?view_op=view_citation&hl=en&user=UN4_VkEAAAAJ&pagesize=100&sortby=pubdate&citation_for_view=UN4_VkEAAAAJ:Qh5Z_vBjo80C,,"J Roy, A Tejedor, A Singh",,
Dr Avtar Singh,"S., AK COVID-19 Vaccine Hesitancy and Vaccination Coverage in India: An Exploratory Analysis. Vaccines 2022, 10, 739",2022,https://scholar.google.com/citations?view_op=view_citation&hl=en&user=UN4_VkEAAAAJ&pagesize=100&sortby=pubdate&citation_for_view=UN4_VkEAAAAJ:rwEhk56xNqMC,"s Note: MDPI stays neutral with regard to jurisdictional claims in published …, 2022","P Dhalaria, H Arora, AK Singh, M Mathur",1,
Dr Avtar Singh,"Response of Indian mustard (Brassica juncea L.) to sources and levels of sulphur on growth, yield and yield attributes",2022,https://scholar.google.com/citations?view_op=view_citation&hl=en&user=UN4_VkEAAAAJ&pagesize=100&sortby=pubdate&citation_for_view=UN4_VkEAAAAJ:AbQWx2m_oG8C,"The Pharma Innovation J 11 (1), 1368-1373, 2022","S Dubey, AK Singh, R Verma, S Maurya",1,
Dr Avtar Singh,Socio-Economic Gap Noticed in Women Ex-Trainees of Mainpuri KVK,2022,https://scholar.google.com/citations?view_op=view_citation&hl=en&user=UN4_VkEAAAAJ&pagesize=100&sortby=pubdate&citation_for_view=UN4_VkEAAAAJ:dyiPZ63SVtYC,"AgroScience Today 3 (11), 0526-0529, 2022","H Paliwal, OP Yadav, AK Singh, I Mishra",,
Dr Avtar Singh,Spectroscopic study of 125Te,2022,https://scholar.google.com/citations?view_op=view_citation&hl=en&user=UN4_VkEAAAAJ&pagesize=100&sortby=pubdate&citation_for_view=UN4_VkEAAAAJ:o0tJHVzi6PsC,"Proceedings of the DAE-BRNS symposium on nuclear physics. V. 66, 2-2, 2022","A Dey, A Basu, AK Singh",,
Dr Avtar Singh,Cloud services selection: A systematic review and future research directions,2022,https://scholar.google.com/citations?view_op=view_citation&hl=en&user=UN4_VkEAAAAJ&pagesize=100&sortby=pubdate&citation_for_view=UN4_VkEAAAAJ:W7OEmFMy1HYC,"Computer Science Review 46, 100514, 2022","N Thakur, A Singh, AL Sangal",40,
Dr Avtar Singh,Epigenetic silencing of P16INK4a hasten disease stage in Carcinoma of Breast: A hospital-based study of North India,2022,https://scholar.google.com/citations?view_op=view_citation&hl=en&user=UN4_VkEAAAAJ&pagesize=100&sortby=pubdate&citation_for_view=UN4_VkEAAAAJ:QaSi33NTfwYC,"European Journal of Cancer 175, S37, 2022","S Singh, M Tewari, A Singh",,
Dr Avtar Singh,"Association of Human Leucocyte Antigen Polymorphism with Coronavirus Disease 19 in Renal Transplant Recipients. Vaccines 2022, 10, 1840",2022,https://scholar.google.com/citations?view_op=view_citation&hl=en&user=UN4_VkEAAAAJ&pagesize=100&sortby=pubdate&citation_for_view=UN4_VkEAAAAJ:RfUwGJFMQ-0C,"s Note: MDPI stays neu-tral with regard to jurisdictional claims in …, 2022","N Prasad, B Yadav, S Prakash, D Yadav, A Singh, S Gautam, ...",,
Dr Avtar Singh,Antibiotic resistance in Escherichia coli from clinical and drinking water sources of northern India.,2022,https://scholar.google.com/citations?view_op=view_citation&hl=en&user=UN4_VkEAAAAJ&pagesize=100&sortby=pubdate&citation_for_view=UN4_VkEAAAAJ:bXQfdp6S9ecC,,"VK Upadhyay, AK Singh, AP Singh",,
Dr Avtar Singh,Splitting dose influence the nutrient acquisition of Saccharum officinarum L. under calcareous soil conditions,2022,https://scholar.google.com/citations?view_op=view_citation&hl=en&user=UN4_VkEAAAAJ&pagesize=100&sortby=pubdate&citation_for_view=UN4_VkEAAAAJ:Nw_I7GeUguwC,,"S Bhilala, L Rana, N Kumar, A Kumar, CK Jha, SK Meena, AK Singh",,
Dr Avtar Singh,"Soil Nutrient Status and Morphometric Responses of Guava under Drip Irrigation and High-Tech Horticultural Techniques for Sustainable Farming. Hydrology 2022, 9, 151",2022,https://scholar.google.com/citations?view_op=view_citation&hl=en&user=UN4_VkEAAAAJ&pagesize=100&sortby=pubdate&citation_for_view=UN4_VkEAAAAJ:ufKn5pxu7C0C,"s Note: MDPI stays neutral with regard to jurisdictional claims in published …, 2022","MS Preet, R Kumar, M Valipour, VP Singh, T Neha, AK Singh, R Iqbal, ...",,
Dr Avtar Singh,"A Modified Marx Generator Circuit with Enhanced Tradeoff between Voltage and Pulse Width for Electroporation Applications. Electronics 2022, 11, 2013",2022,https://scholar.google.com/citations?view_op=view_citation&hl=en&user=UN4_VkEAAAAJ&pagesize=100&sortby=pubdate&citation_for_view=UN4_VkEAAAAJ:J4E9jCG1tHUC,"s Note: MDPI stays neutral with regard to jurisdictional claims in published …, 2022","S Ganesan, D Ghosh, A Taneja, N Saluja, S Rani, A Singh, ...",,
Dr Avtar Singh,"Projection modeling-based geospatial analysis of land use-land cover change at Hasdeo River Watershed, Chhattisgarh, India",2022,https://scholar.google.com/citations?view_op=view_citation&hl=en&user=UN4_VkEAAAAJ&pagesize=100&sortby=pubdate&citation_for_view=UN4_VkEAAAAJ:KsTgnNRry18C,"FAO;, 2022","SS Singh, AK Singh, A Singh",,
Dr Avtar Singh,RARE LONG-TERM SEQUELAE OF USE OF CARDIAC SEPTAL OCCLUDER DEVICE FOR TRACHEO-OESOPHAGEAL FISTULA CLOSURE IN COVID TIMES,2022,https://scholar.google.com/citations?view_op=view_citation&hl=en&user=UN4_VkEAAAAJ&pagesize=100&sortby=pubdate&citation_for_view=UN4_VkEAAAAJ:tH6gc1N1XXoC,"Endoscopy 54 (S 01), eP287V, 2022","A Kale, M Dodmani, M Satai, S Sundaram, A Singh, M Aggarwal, ...",,
Dr Avtar Singh,Investigation of bifurcations in cyclic combustion dynamics of a CNG-diesel RCCI engine,2022,https://scholar.google.com/citations?view_op=view_citation&hl=en&user=UN4_VkEAAAAJ&pagesize=100&sortby=pubdate&citation_for_view=UN4_VkEAAAAJ:m92CDrhVnKEC,,"MR Saxena, RK Maurya, A Singh",,
Dr Avtar Singh,"Oxidative and Nitrosative Stress in Major Depressive Disorder: A Case Control Study. Brain Sci. 2022, 12, 144",2022,https://scholar.google.com/citations?view_op=view_citation&hl=en&user=UN4_VkEAAAAJ&pagesize=100&sortby=pubdate&citation_for_view=UN4_VkEAAAAJ:yRRszJvrVdAC,"s Note: MDPI stays neutral with regard to jurisdictional claims in published …, 2022","A Somani, AK Singh, B Gupta, S Nagarkoti, PK Dalal, M Dikshit",,
Dr Avtar Singh,A novel technique to widen the 1st web space by using'spare parts' of thumb polydactyly,2022,https://scholar.google.com/citations?view_op=view_citation&hl=en&user=UN4_VkEAAAAJ&pagesize=100&sortby=pubdate&citation_for_view=UN4_VkEAAAAJ:mel-f30kHHgC,"Sri Lanka Journal of Surgery 40 (1), 2022","SS Bharat, N Makkar, S Karmakar, AK Singh",,
Dr Avtar Singh,Effect of flaxseed supplementation on metabolic profile and reproductive performance of prepubertal gilts,2021,https://scholar.google.com/citations?view_op=view_citation&hl=en&user=UN4_VkEAAAAJ&cstart=100&pagesize=100&sortby=pubdate&citation_for_view=UN4_VkEAAAAJ:mS4qin7VKjkC,"The Indian Journal of Animal Sciences 91 (4), 285-290, 2021","AK Singh, U Singh, A Sharma, P Kaur, P Singh",,
Dr Avtar Singh,Isolated Endobronchial Pulmonary Arteriovenous Malformation Presenting with Massive Hemoptysis,2021,https://scholar.google.com/citations?view_op=view_citation&hl=en&user=UN4_VkEAAAAJ&cstart=100&pagesize=100&sortby=pubdate&citation_for_view=UN4_VkEAAAAJ:9UF2BbDYXHIC,"TP76. TP076 PEDIATRIC INTENSIVE CARE AND INTERVENTIONAL PULMONOLOGY, A3426-A3426, 2021","S Bhela, E De la Riva-Velasco, A Singh, KN Harris, SS Krishnan, ...",,
Dr Avtar Singh,Number of Passes and Lymph Node Size Predict Adequate Yield of Tissue in Absence of on-Site Evaluation During EUS Guided Sampling,2021,https://scholar.google.com/citations?view_op=view_citation&hl=en&user=UN4_VkEAAAAJ&cstart=100&pagesize=100&sortby=pubdate&citation_for_view=UN4_VkEAAAAJ:5icHVeHT4IsC,"Endoscopy 53 (S 01), eP396, 2021","S Harindranath, S Sundaram, A Kale, A Singh, A Shukla",,
Dr Avtar Singh,POS-723 TELEMEDICINE FOR KIDNEY TRANSPLANT PATIENTS IN COVID19 PANDEMIC: BREAKING THE ACCESS BARRIER,2021,https://scholar.google.com/citations?view_op=view_citation&hl=en&user=UN4_VkEAAAAJ&cstart=100&pagesize=100&sortby=pubdate&citation_for_view=UN4_VkEAAAAJ:q3oQSFYPqjQC,"Kidney International Reports 6 (4), S316, 2021","S GULATI, A Singh",,
Dr Avtar Singh,"Current Horticulture: Improvement, Production, Plant Health Management and Value-Addition",2021,https://scholar.google.com/citations?view_op=view_citation&hl=en&user=UN4_VkEAAAAJ&cstart=100&pagesize=100&sortby=pubdate&citation_for_view=UN4_VkEAAAAJ:5VjbC5aozO0C,"Current Horticulture 9 (2), 72-72, 2021","T Janakiram, B Singh, AK Singh, BS Tomar, JK Ranjan, S Dutt",,
Dr Avtar Singh,Task scheduling in cloud computing using hybrid meta-heuristic: A review,2021,https://scholar.google.com/citations?view_op=view_citation&hl=en&user=UN4_VkEAAAAJ&cstart=100&pagesize=100&sortby=pubdate&citation_for_view=UN4_VkEAAAAJ:5nxA0vEk-isC,"Proceedings of the international conference on paradigms of computing …, 2021","SK Patel, A Singh",6,
Dr Avtar Singh,Multi-ratooning in sugarcane â€” Future prospects and strategies,2021,https://scholar.google.com/citations?view_op=view_citation&hl=en&user=UN4_VkEAAAAJ&cstart=100&pagesize=100&sortby=pubdate&citation_for_view=UN4_VkEAAAAJ:JqN3CTdJtl0C,"Indian Farming 71 (5), 2021","L Rana, M Kumar, N Kumar, A Kumar, AK Singh",1,
Dr Avtar Singh,P383 Biologics in IBD: are we adhering to guidelines?,2021,https://scholar.google.com/citations?view_op=view_citation&hl=en&user=UN4_VkEAAAAJ&cstart=100&pagesize=100&sortby=pubdate&citation_for_view=UN4_VkEAAAAJ:L7CI7m0gUJcC,"Gut 70 (Suppl 1), A238-A239, 2021","M Qurashi, S Sheikh, A Singh, P Rimmer, V Sagar, R Cooney, K Kane",,
Dr Avtar Singh,An Effective Use of Methylene Blue Dye for Guiding Resection of Nasal Dermoid Sinus Cyst,2021,https://scholar.google.com/citations?view_op=view_citation&hl=en&user=UN4_VkEAAAAJ&cstart=100&pagesize=100&sortby=pubdate&citation_for_view=UN4_VkEAAAAJ:s9ia6_kGH2AC,"Int J Surg Res Pract 8, 126, 2021","S Karmakar, AK Singh, S Karmakar",,
Dr Avtar Singh,Effect of foliar spray of plant growth regulators on growth and yield of sesame (Sesamum indicum L.).,2021,https://scholar.google.com/citations?view_op=view_citation&hl=en&user=UN4_VkEAAAAJ&cstart=100&pagesize=100&sortby=pubdate&citation_for_view=UN4_VkEAAAAJ:T_ojBgVMvoEC,,"DM Hadiya, HS Bhadauria, KP Prajapati, AK Singh, VH Kanabi",,
Dr Avtar Singh,Occurrence of rice blast disease caused by Pyricularia oryzae under mid-hills and sub-tropics conditions of Jammu,2021,https://scholar.google.com/citations?view_op=view_citation&hl=en&user=UN4_VkEAAAAJ&cstart=100&pagesize=100&sortby=pubdate&citation_for_view=UN4_VkEAAAAJ:cTy_cm4PQvYC,"Journal of Pharmacognosy and Phytochemistry 10 (2), 211-213, 2021","D Pandit, AK Singh, SK Singh, VB Singh, S Saima, SA Khushboo, ...",,
Dr Avtar Singh,Effect of FYM and gypsum on growth and yield attributing traits on radish (Raphanus sativus) using RSC water,2021,https://scholar.google.com/citations?view_op=view_citation&hl=en&user=UN4_VkEAAAAJ&cstart=100&pagesize=100&sortby=pubdate&citation_for_view=UN4_VkEAAAAJ:qCaWouos7ogC,"Current Horticulture 9 (2), 56-59, 2021","DR Choudhary, A Singh, VPS Panghal, V Kumar",3,
Dr Avtar Singh,Forecast of Flow Characteristics in Time-Dependent Artery Having Mild Stenosis,2021,https://scholar.google.com/citations?view_op=view_citation&hl=en&user=UN4_VkEAAAAJ&cstart=100&pagesize=100&sortby=pubdate&citation_for_view=UN4_VkEAAAAJ:QD3KBmkZPeQC,"Recent Trends in Mathematical Modeling and High Performance Computing …, 2021","AK Singh, SP Pandey",,
Dr Avtar Singh,An Ensemble-Based Method for Predicting Facebook Check-ins,2021,https://scholar.google.com/citations?view_op=view_citation&hl=en&user=UN4_VkEAAAAJ&pagesize=100&sortby=pubdate&citation_for_view=UN4_VkEAAAAJ:YOwf2qJgpHMC,"Soft Computing: Theories and Applications: Proceedings of SoCTA 2020, Volume …, 2021","S Kashyap, A Singh",1,
Dr Avtar Singh,Effect of Drain Splitting on Silicon Nano-Tube Tunnel Field Effect Transistor,2021,https://scholar.google.com/citations?view_op=view_citation&hl=en&user=UN4_VkEAAAAJ&pagesize=100&sortby=pubdate&citation_for_view=UN4_VkEAAAAJ:xm0LlTxljI0C,"2021 International Conference on Radar, Antenna, Microwave, Electronics, and …, 2021","A Singh, VM Srivastava",,
Dr Avtar Singh,Initial Beam Characteristics calculations of 6 MV FF Beam from Elekta Versa-H Dusing TOPAS MC simulation code,2021,https://scholar.google.com/citations?view_op=view_citation&hl=en&user=UN4_VkEAAAAJ&pagesize=100&sortby=pubdate&citation_for_view=UN4_VkEAAAAJ:4MWp96NkSFoC,"SGS-Engineering & Sciences 1 (01), 2021","A Singh, A Saini, R Kinhikar, P Kumar",,
Dr Avtar Singh,Improving Multi‐Label Classification in Prototype Selection Scenario,2021,https://scholar.google.com/citations?view_op=view_citation&hl=en&user=UN4_VkEAAAAJ&pagesize=100&sortby=pubdate&citation_for_view=UN4_VkEAAAAJ:Se3iqnhoufwC,"Computational Intelligence and Healthcare Informatics, 103-119, 2021","H Suyal, A Singh",8,
Dr Avtar Singh,Accessing the predictabilities in cyclic combustion and emission variations in SI engines for their modelling and control: a literature review,2021,https://scholar.google.com/citations?view_op=view_citation&hl=en&user=UN4_VkEAAAAJ&pagesize=100&sortby=pubdate&citation_for_view=UN4_VkEAAAAJ:ji7lAbPyDbYC,,"RK Maurya, A Singh",,
Dr Avtar Singh,Task scheduling algorithms in cloud computing: A survey,2021,https://scholar.google.com/citations?view_op=view_citation&hl=en&user=UN4_VkEAAAAJ&pagesize=100&sortby=pubdate&citation_for_view=UN4_VkEAAAAJ:Y0pCki6q_DkC,"2nd International Conference on Secure Cyber Computing and Communications …, 2021","SS Pol, A Singh",24,
Dr Avtar Singh,A systematic review and meta-analysis highlighting the adjunctive role of tissue sealant application in the prevention of complications following urethroplasty in children with …,2021,https://scholar.google.com/citations?view_op=view_citation&hl=en&user=UN4_VkEAAAAJ&pagesize=100&sortby=pubdate&citation_for_view=UN4_VkEAAAAJ:fHS53ZCY-AEC,"European Urology 79, S1532, 2021","A Singh, S Anand, DK Yadav, M Bajpai",,
Dr Avtar Singh,Role of Ayurveda on PCOS (Polycystic Ovary Syndrome): A Critical Review,2021,https://scholar.google.com/citations?view_op=view_citation&hl=en&user=UN4_VkEAAAAJ&pagesize=100&sortby=pubdate&citation_for_view=UN4_VkEAAAAJ:2l5NCbZemmgC,"Indian Journal of Integrative Medicine 1 (1), 14-18, 2021","S Sharma, AK Singh",,
Dr Avtar Singh,Automated brain hemorrhage segmentation using a deep neural network,2021,https://scholar.google.com/citations?view_op=view_citation&hl=en&user=UN4_VkEAAAAJ&pagesize=100&sortby=pubdate&citation_for_view=UN4_VkEAAAAJ:A8cqit5AE6sC,"Smart Computing, 180-189, 2021","V Thapliyal, I Kumar, P Sharma, HS Bhadauria, A Singh",,
Dr Avtar Singh,"Root Trait Variation in Lentil (Lens culinaris Medikus) Germplasm under Drought Stress. Plants 2021, 10, 2410",2021,https://scholar.google.com/citations?view_op=view_citation&hl=en&user=UN4_VkEAAAAJ&cstart=100&pagesize=100&sortby=pubdate&citation_for_view=UN4_VkEAAAAJ:pwA0zy_liR0C,"s Note: MDPI stays neutral with regard to jurisdictional claims in published …, 2021","S Priya, R Bansal, G Kumar, HK Dikshit, J Kumari, R Pandey, AK Singh, ...",,
Dr Avtar Singh,Rhizosphere Microbial Population of Pea Genotypes under Different Level of Aluminium,2021,https://scholar.google.com/citations?view_op=view_citation&hl=en&user=UN4_VkEAAAAJ&cstart=100&pagesize=100&sortby=pubdate&citation_for_view=UN4_VkEAAAAJ:aVq8r21TQD4C,"Int. J. Curr. Microbiol. App. Sci 10 (02), 3023-3029, 2021","MT Ansari, P Sarma, AS Mailappa, C Deo, AK Singh, L Wangchu, ...",,
Dr Avtar Singh,"What Drives the Use of Organic Fertilizers? Evidence from Rice Farmers in Indo-Gangetic Plains, India. Sustainability 2021, 13, 9546",2021,https://scholar.google.com/citations?view_op=view_citation&hl=en&user=UN4_VkEAAAAJ&cstart=100&pagesize=100&sortby=pubdate&citation_for_view=UN4_VkEAAAAJ:xEMdJR0kL_sC,"s Note: MDPI stays neutral with regard to jurisdictional claims in published …, 2021","P Koovalamkadu Velayudhan, A Singh, GK Jha, P Kumar, ...",,
Dr Avtar Singh,"Application of geo-spatial technologies in soil suitability assessment for village level crop planning in Chittaurgarh, Rajasthan",2021,https://scholar.google.com/citations?view_op=view_citation&hl=en&user=UN4_VkEAAAAJ&cstart=100&pagesize=100&sortby=pubdate&citation_for_view=UN4_VkEAAAAJ:FepLwMwnKBMC,"Annals of Plant and Soil Research 23 (1), 23-29, 2021","R SINGH, TP VERMA, RS SINGH, BL TAILOR, SS SHARMA, MK JAT, ...",,
Dr Avtar Singh,"Myocarditis in Multisystem Inflammatory Syndrome in Children Associated With Coronavirus Disease 2019 (vol 28, pg 308, 2020)",2021,https://scholar.google.com/citations?view_op=view_citation&hl=en&user=UN4_VkEAAAAJ&cstart=100&pagesize=100&sortby=pubdate&citation_for_view=UN4_VkEAAAAJ:00hq1xGbIBsC,"CARDIOLOGY IN REVIEW 29 (1), 54-54, 2021","S Jain, S Nolan, A Singh",,
Dr Avtar Singh,Multi-optimization of µ-EDMed Arrayed Microrods Using Gray Relational Analysis,2021,https://scholar.google.com/citations?view_op=view_citation&hl=en&user=UN4_VkEAAAAJ&cstart=100&pagesize=100&sortby=pubdate&citation_for_view=UN4_VkEAAAAJ:JP7YXuLIOvAC,"Recent Advances in Mechanical Engineering: Select Proceedings of ICRAME 2020 …, 2021","AK Singh, TJ Singh, R Pongen, PK Patowari",,
Dr Avtar Singh,WITHDRAWN: Evaluation of magnetic and intrinsic magnetodielectric coupling in Ni substituted Ba2Mg2Fe12O22 hexaferrite,2021,https://scholar.google.com/citations?view_op=view_citation&hl=en&user=UN4_VkEAAAAJ&pagesize=100&sortby=pubdate&citation_for_view=UN4_VkEAAAAJ:-38epGy1wY0C,"Journal of Physics and Chemistry of Solids, 110245, 2021","MF Abdullah, S Devi, K Chandrakanta, R Jena, CS Yadav, AK Singh",,
Dr Avtar Singh,Manipulating soil microorganisms for sustainable agriculture,2021,https://scholar.google.com/citations?view_op=view_citation&hl=en&user=UN4_VkEAAAAJ&pagesize=100&sortby=pubdate&citation_for_view=UN4_VkEAAAAJ:j5aT6aphRxQC,,"A Kumar, CK Jha",,
Dr Avtar Singh,LB740 SARS-CoV-2-associated ‘covid toes:’multiplex immunofluorescent characterization of pathophysiology,2021,https://scholar.google.com/citations?view_op=view_citation&hl=en&user=UN4_VkEAAAAJ&pagesize=100&sortby=pubdate&citation_for_view=UN4_VkEAAAAJ:v_tt_AnqfNMC,"The Journal of Investigative Dermatology 141 (9), B9, 2021","JJ Moon, AC da Silva, JM Tran, C Kim, R Sharma, M Hinshaw, BE Shields, ...",,
Dr Avtar Singh,"Triple “L”(Leukocytosis, Lactate, and LDH): Predictors of Mesenteric Ischemia",2021,https://scholar.google.com/citations?view_op=view_citation&hl=en&user=UN4_VkEAAAAJ&pagesize=100&sortby=pubdate&citation_for_view=UN4_VkEAAAAJ:7XUxBq3GufIC,"Indian Journal of Surgery 83 (4), 865-869, 2021","KP Mishra, SR Gosh, AK Singh",,
Dr Avtar Singh,Enhancing the Date Rate by the Management of Bandwidth and Power Using Interference Temperature Constraint in Cognitive Radio Networks,2021,https://scholar.google.com/citations?view_op=view_citation&hl=en&user=UN4_VkEAAAAJ&pagesize=100&sortby=pubdate&citation_for_view=UN4_VkEAAAAJ:gsN89kCJA0AC,"ICT with Intelligent Applications: Proceedings of ICTIS 2021, Volume 1, 507-523, 2021","P Goel, A Singh, A Goel",,
Dr Avtar Singh,Data Integrity Authentication Techniques in Cloud Computing: A Survey,2020,https://scholar.google.com/citations?view_op=view_citation&hl=en&user=UN4_VkEAAAAJ&cstart=100&pagesize=100&sortby=pubdate&citation_for_view=UN4_VkEAAAAJ:N4u4nq0IxgcC,"Soft Computing: Theories and Applications: Proceedings of SoCTA 2018, 1255-1267, 2020","N Thakur, A Singh, AL Sangal",2,
Dr Avtar Singh,Heavy metal concentration of Chandigarh urban soils due to urbanization in a changing environment: An ecological assessment,2020,https://scholar.google.com/citations?view_op=view_citation&hl=en&user=UN4_VkEAAAAJ&cstart=100&pagesize=100&sortby=pubdate&citation_for_view=UN4_VkEAAAAJ:J_g5lzvAfSwC,"Ecology, Environment and Conservation 26, 41-48, 2020","V Kumar, R Kaur, AN Singh",1,
Dr Avtar Singh,Identification of Rice Genotypes for Submergence and Yield Attributing Traits,2020,https://scholar.google.com/citations?view_op=view_citation&hl=en&user=UN4_VkEAAAAJ&cstart=100&pagesize=100&sortby=pubdate&citation_for_view=UN4_VkEAAAAJ:Weau3kkTRIMC,"International Journal of Current Microbiology and Applied Sciences, 2020","S Dixit, SP Giri, V Prasad, SKS Rajpoot, AK Singh, AK Singh, DK Dwivedi",,
Dr Avtar Singh,Comparative performance of various pollinators in guava,2020,https://scholar.google.com/citations?view_op=view_citation&hl=en&user=UN4_VkEAAAAJ&cstart=100&pagesize=100&sortby=pubdate&citation_for_view=UN4_VkEAAAAJ:k6nH7jlkaTkC,"Indian Journal of Horticulture 77 (1), 206-209, 2020",AK Singh,2,
Dr Avtar Singh,Comparison of the outcome of diathermy incisions v/s surgical scalpel incisions in general surgery,2020,https://scholar.google.com/citations?view_op=view_citation&hl=en&user=UN4_VkEAAAAJ&cstart=100&pagesize=100&sortby=pubdate&citation_for_view=UN4_VkEAAAAJ:1pC5hbHeJ6IC,"Journal of Advanced Medical and Dental Sciences Research 8 (12), 179-182, 2020","AK Singh, P Pandey, A Kumar",,
Dr Avtar Singh,Evaluation of clusterbean (Cyamopsis tetragonoloba) intercrop in agri-silviculture system in south-western Punjab,2020,https://scholar.google.com/citations?view_op=view_citation&hl=en&user=UN4_VkEAAAAJ&cstart=100&pagesize=100&sortby=pubdate&citation_for_view=UN4_VkEAAAAJ:hC7cP41nSMkC,"Indian Journal of Agronomy 65 (4), 476-478, 2020","SK Brar, A Singh",,
Dr Avtar Singh,"Magnetic reorientation transition in a three orbital model for {\boldmath } --- Interplay of spin-orbit coupling, tetragonal distortion, and Coulomb interactions.",2020,https://scholar.google.com/citations?view_op=view_citation&hl=en&user=UN4_VkEAAAAJ&cstart=100&pagesize=100&sortby=pubdate&citation_for_view=UN4_VkEAAAAJ:peNFRSk4lDYC,"Journal of physics. Condensed Matter: an Institute of Physics Journal, 2020","S Mohapatra, A Singh",,
Dr Avtar Singh,Neuroprotective and neuromodulatory properties of Olea purpurea leaf extract in MPTP intoxicated Parkinsonian rat model: 1064,2020,https://scholar.google.com/citations?view_op=view_citation&hl=en&user=UN4_VkEAAAAJ&cstart=100&pagesize=100&sortby=pubdate&citation_for_view=UN4_VkEAAAAJ:eI34FqJmdUoC,"Movement Disorders 35, S483, 2020","A Singh, T Yadav, A Pandey",,
Dr Avtar Singh,Estimation of pesticide residues in table grapes by using gas and liquid chromatography coupled with mass spectrometry.,2020,https://scholar.google.com/citations?view_op=view_citation&hl=en&user=UN4_VkEAAAAJ&cstart=100&pagesize=100&sortby=pubdate&citation_for_view=UN4_VkEAAAAJ:JH5k92_tO-AC,,"SP Yadav, BK Singh, R Pandey, AK Singh, MK Mishra, SK Singh",,
Dr Avtar Singh,Identification of promising drug candidates against Non-Structural Protein 15 (NSP15) from SARS-CoV-2: an in silico assisted drug-repurposing studies,2020,https://scholar.google.com/citations?view_op=view_citation&hl=en&user=UN4_VkEAAAAJ&cstart=100&pagesize=100&sortby=pubdate&citation_for_view=UN4_VkEAAAAJ:k_7cPK9k7w8C,,"RJ Khan, E Singh, M Jain, GM Amera, RP Singh, J Muthukumaran, ...",,
Dr Avtar Singh,"Prediction of area and production along with production function for area, production and productivity of linseed crop in undivided bastar region of Chhattisgarh",2019,https://scholar.google.com/citations?view_op=view_citation&hl=en&user=UN4_VkEAAAAJ&cstart=100&pagesize=100&sortby=pubdate&citation_for_view=UN4_VkEAAAAJ:svGagg1hbZMC,"Journal of Pharmacognosy and Phytochemistry 8 (4), 498-504, 2019","K Chawla, AK Singh",1,
Dr Avtar Singh,Studies on crop growing environment of mustard (Brassica juncea L.) varieties of eastern plain zone,2019,https://scholar.google.com/citations?view_op=view_citation&hl=en&user=UN4_VkEAAAAJ&cstart=100&pagesize=100&sortby=pubdate&citation_for_view=UN4_VkEAAAAJ:isU91gLudPYC,"IJCS 7 (4), 1851-1853, 2019","P Jaiswal, AN Mishra, AK Singh, SR Mishra, G Singh, R Kumar, M Kumar",,
Dr Avtar Singh,"Draft genome sequence of halotolerant bacterium Chromohalobacter salexigens ANJ207, isolated from salt crystal deposits in pipelines. Microbiol Resour Announc 8: e00049-19",2019,https://scholar.google.com/citations?view_op=view_citation&hl=en&user=UN4_VkEAAAAJ&cstart=100&pagesize=100&sortby=pubdate&citation_for_view=UN4_VkEAAAAJ:sJsF-0ZLhtgC,,"AK Srivastava, A Sharma, R Srivastava, PK Tiwari, AK Singh, J Yadav, ...",,
Dr Avtar Singh,Kinetics of β-carotene degradation under different storage conditions in transgenic Golden Rice® lines.,2019,https://scholar.google.com/citations?view_op=view_citation&hl=en&user=UN4_VkEAAAAJ&cstart=100&pagesize=100&sortby=pubdate&citation_for_view=UN4_VkEAAAAJ:OlbiQ0ttILcC,,"HB Haritha Bollinedi, JDL Jyoti Dhakane-Lad, SG Krishnan, ...",,
Dr Avtar Singh,Effect of exogenous melatonin on physiological characters and oestrus in Black Bengal goats.,2019,https://scholar.google.com/citations?view_op=view_citation&hl=en&user=UN4_VkEAAAAJ&cstart=100&pagesize=100&sortby=pubdate&citation_for_view=UN4_VkEAAAAJ:Hck25ST_3aIC,,"AK Avinash Kumar, RK Verma, AK Singh",,
Dr Avtar Singh,"Fast-acting small molecules targeting malarial aspartyl proteases, plasmepsins, inhibit malaria infection at multiple life stages.",2019,https://scholar.google.com/citations?view_op=view_citation&hl=en&user=UN4_VkEAAAAJ&cstart=100&pagesize=100&sortby=pubdate&citation_for_view=UN4_VkEAAAAJ:sszUF3NjhM4C,,"SS Snigdha Singh, VR Vinoth Rajendran, JH Jiang He, AK Singh, ...",,
Dr Avtar Singh,Haplotype analysis of key genes governing grain yield and quality traits across 3K RG panel reveals scope for the development of tailor-made rice with enhanced genetic gains.,2019,https://scholar.google.com/citations?view_op=view_citation&hl=en&user=UN4_VkEAAAAJ&cstart=100&pagesize=100&sortby=pubdate&citation_for_view=UN4_VkEAAAAJ:urP0JZOBBUsC,,"RA Ragavendran Abbai, VK Singh, VV Nachimuthu, PS Pallavi Sinha, ...",,
Dr Avtar Singh,In Vivo Toxicity Study of Ethanolic Extracts of Evolvulus alsinoides & Centella asiatica in Swiss Albino Mice. Open Access Maced J Med Sci. 2019 Apr 15; 7 (7): 1071-1076,2019,https://scholar.google.com/citations?view_op=view_citation&hl=en&user=UN4_VkEAAAAJ&cstart=100&pagesize=100&sortby=pubdate&citation_for_view=UN4_VkEAAAAJ:e0LTWoPxLYMC,,"MK Yadav, SK Singh, M Singh, SS Mishra, AK Singh, JS Tripathi, ...",,
Dr Avtar Singh,Integrated management of bacterial leaf blight (Xanthomonas oryzae pv. oryzae in rice under sub-tropics of Jammu.,2019,https://scholar.google.com/citations?view_op=view_citation&hl=en&user=UN4_VkEAAAAJ&cstart=100&pagesize=100&sortby=pubdate&citation_for_view=UN4_VkEAAAAJ:AFXcoJnoRH0C,,"AK Singh, PC Aryan, VB Singh, SK Singh",,
Dr Avtar Singh,"Replacement or displacement? Periurbanisation and changing water access in the Kumaon Himalaya, India.",2019,https://scholar.google.com/citations?view_op=view_citation&hl=en&user=UN4_VkEAAAAJ&cstart=100&pagesize=100&sortby=pubdate&citation_for_view=UN4_VkEAAAAJ:nrtMV_XWKgEC,,"VN Vishal Narain, AK Singh",,
Dr Avtar Singh,Studies of recovery of uranium from Nb-Ta concentrate,2019,https://scholar.google.com/citations?view_op=view_citation&hl=en&user=UN4_VkEAAAAJ&cstart=100&pagesize=100&sortby=pubdate&citation_for_view=UN4_VkEAAAAJ:ec1XJgWlWRUC,"Proceedings of the conference on indigenous nuclear fuel program in India …, 2019","M Yadav, A Patil, A Chatterjee, AK Singh",,
Dr Avtar Singh,"Predictive model and productions function for area, production and productivity of rapeseed and mustard crop in Bastar plateau agro climatic zone of Chhattisgarh",2019,https://scholar.google.com/citations?view_op=view_citation&hl=en&user=UN4_VkEAAAAJ&cstart=100&pagesize=100&sortby=pubdate&citation_for_view=UN4_VkEAAAAJ:eIKNFFVQvJAC,"Journal of Pharmacognosy and Phytochemistry 8 (6), 1179-1187, 2019","K Chawla, V Kumar, AK Singh",,
Dr Avtar Singh,Rejuvenation of senile and overcrowded mango trees in orchard,2019,https://scholar.google.com/citations?view_op=view_citation&hl=en&user=UN4_VkEAAAAJ&cstart=100&pagesize=100&sortby=pubdate&citation_for_view=UN4_VkEAAAAJ:S_fw-_riRmcC,"Progressive Horticulture 51 (1), 53-57, 2019","AK Singh, CP Singh, S Ram",2,
Dr Avtar Singh,Real time cucumber production benefits farmers and consumers,2019,https://scholar.google.com/citations?view_op=view_citation&hl=en&user=UN4_VkEAAAAJ&cstart=100&pagesize=100&sortby=pubdate&citation_for_view=UN4_VkEAAAAJ:gYnLYBw1zZMC,"Indian Horticulture 64 (5), 2019","P Tripathy, B Behera, D Malik, A Sahoo, AK Singh, PK Roul",1,
Dr Avtar Singh,Genetic diversity of carambola in North East India,2019,https://scholar.google.com/citations?view_op=view_citation&hl=en&user=UN4_VkEAAAAJ&cstart=100&pagesize=100&sortby=pubdate&citation_for_view=UN4_VkEAAAAJ:YanO1q2l3soC,"Indian Journal of Horticulture 76 (4), 741-744, 2019","R Lalmuanpuii, SR Singh, L Wangchu, N Devachandra, PM Anal, ...",1,
Dr Avtar Singh,Uranium leaching studies on Jajawal uranium ore,2019,https://scholar.google.com/citations?view_op=view_citation&hl=en&user=UN4_VkEAAAAJ&cstart=100&pagesize=100&sortby=pubdate&citation_for_view=UN4_VkEAAAAJ:e-nnqdki048C,"Proceedings of the conference on indigenous nuclear fuel program in India …, 2019","A Patil, M Yadav, A Chatterjee, AK Singh",,
Dr Avtar Singh,Carbon sequestration potential of important crops in eastern plateau and hill region,2019,https://scholar.google.com/citations?view_op=view_citation&hl=en&user=UN4_VkEAAAAJ&cstart=100&pagesize=100&sortby=pubdate&citation_for_view=UN4_VkEAAAAJ:6YFk0eKgftsC,"Technical bulletin No, 4, 2019","SK Naik, PK Sarkar, S Maurya, B Das, AK Singh",1,
Dr Avtar Singh,Spectroscopy of 126Te,2019,https://scholar.google.com/citations?view_op=view_citation&hl=en&user=UN4_VkEAAAAJ&cstart=100&pagesize=100&sortby=pubdate&citation_for_view=UN4_VkEAAAAJ:6sy8ByAbWgIC,"Proceedings of the DAE-BRNS symposium on nuclear physics. V. 64, 2-2, 2019","A Dey, A Basu, AK Singh",,
Dr Avtar Singh,Privacy preserving on searchable encrypted data in cloud,2019,https://scholar.google.com/citations?view_op=view_citation&hl=en&user=UN4_VkEAAAAJ&cstart=100&pagesize=100&sortby=pubdate&citation_for_view=UN4_VkEAAAAJ:UeHWp8X0CEIC,"International Conference on Advanced Communication and Computational …, 2019","D Sharma, A Singh",2,
Dr Avtar Singh,MA23. 03 BAP1 Loss Induces Genome Instability Through BRCA1-Dependent and Independent Mechanisms in Mesothelioma,2019,https://scholar.google.com/citations?view_op=view_citation&hl=en&user=UN4_VkEAAAAJ&cstart=100&pagesize=100&sortby=pubdate&citation_for_view=UN4_VkEAAAAJ:0iM-huCvmk0C,"Journal of Thoracic Oncology 14 (10), S343, 2019",A Singh,,
Dr Avtar Singh,Corilagin in cancer: a critical evaluation of anticancer activities and molecular mechanisms.,2019,https://scholar.google.com/citations?view_op=view_citation&hl=en&user=UN4_VkEAAAAJ&cstart=100&pagesize=100&sortby=pubdate&citation_for_view=UN4_VkEAAAAJ:uQdrZ3qaPmcC,,"AG Ashutosh Gupta, AK Singh, RK Ramesh Kumar, RG Risha Ganguly, ...",,
Dr Avtar Singh,Effect of energy requirement on growth and yield at Rabi maize (Zea mays L.) on various moisture regimes,2018,https://scholar.google.com/citations?view_op=view_citation&hl=en&user=UN4_VkEAAAAJ&cstart=100&pagesize=100&sortby=pubdate&citation_for_view=UN4_VkEAAAAJ:qE4H1tSSYIIC,"Journal of Pharmacognosy and Phytochemistry 7 (5), 2274-2277, 2018","P Katiyar, AK Singh, SR Mishra, R Chaudhari, RK Aryan, N Kumar, ...",,
Dr Avtar Singh,Ayurveda Kayachikitsa towards the management of joint pain: a review.,2018,https://scholar.google.com/citations?view_op=view_citation&hl=en&user=UN4_VkEAAAAJ&cstart=100&pagesize=100&sortby=pubdate&citation_for_view=UN4_VkEAAAAJ:YsrPvlHIBpEC,,"MN Manish Nautiyal, BS Chouchan, SS Rajput, AK Singh",,
Dr Avtar Singh,"Effect of lime and FYM on growth, yield and quality of soybean (Glycine max L. Merrill).",2018,https://scholar.google.com/citations?view_op=view_citation&hl=en&user=UN4_VkEAAAAJ&cstart=100&pagesize=100&sortby=pubdate&citation_for_view=UN4_VkEAAAAJ:xa5BkEQK8BgC,,"A Nakhro, AK Singh, AO Engrala",,
Dr Avtar Singh,"ICAR-Indian Agricultural Research Institute, New Delhi 110 012 Received: 14 January 2016; Accepted: 11 September 2017",2018,https://scholar.google.com/citations?view_op=view_citation&hl=en&user=UN4_VkEAAAAJ&cstart=100&pagesize=100&sortby=pubdate&citation_for_view=UN4_VkEAAAAJ:LK8CI43ZvvMC,"The Indian Journal of Agricultural Sciences 88 (1), 54-62, 2018","V GOYAL¹, AK SINGH, AK MISHRA, SS PARIHAR",,
Dr Avtar Singh,Forecast of production parameters of wheat in Chhattisgarh Plains agro-climatic zone using R-based-arima.,2018,https://scholar.google.com/citations?view_op=view_citation&hl=en&user=UN4_VkEAAAAJ&cstart=100&pagesize=100&sortby=pubdate&citation_for_view=UN4_VkEAAAAJ:g30IDTdgJMgC,,"G Bhavani, AK Singh",,
Dr Avtar Singh,Horticulture: potential to food and nutritional security,2018,https://scholar.google.com/citations?view_op=view_citation&hl=en&user=UN4_VkEAAAAJ&cstart=100&pagesize=100&sortby=pubdate&citation_for_view=UN4_VkEAAAAJ:IyxfXMz2bNAC,"Indian Farming 68 (10), 2018","AK Singh, T Janakiram, M Das",,
Dr Avtar Singh,Studies on growth analysis of turmeric (Curcuma longa L.) genotypes at various different stages.,2018,https://scholar.google.com/citations?view_op=view_citation&hl=en&user=UN4_VkEAAAAJ&cstart=100&pagesize=100&sortby=pubdate&citation_for_view=UN4_VkEAAAAJ:-95Q15plzcUC,,"MS Mudit Srivastava, AK Singh",,
Dr Avtar Singh,"Study of line x tester analysis, combining ability and per se performance in rice (Oryza sativa L.)",2018,https://scholar.google.com/citations?view_op=view_citation&hl=en&user=UN4_VkEAAAAJ&cstart=100&pagesize=100&sortby=pubdate&citation_for_view=UN4_VkEAAAAJ:WHdLCjDvYFkC,"Journal of Pharmacognosy and Phytochemistry 7 (5), 769-773, 2018","NK Singh, AK Singh, AK Mall",,
Dr Avtar Singh,Evaluation of metal contamination and risk assessment to human health in a coal mine region of India: a case study of the North Karanpura coalfield.,2018,https://scholar.google.com/citations?view_op=view_citation&hl=en&user=UN4_VkEAAAAJ&cstart=100&pagesize=100&sortby=pubdate&citation_for_view=UN4_VkEAAAAJ:HbR8gkJAVGIC,,"BN Babita Neogi, AK Tiwari, AK Singh, DD Pathak",,
Dr Avtar Singh,A Survey on Alternative Schools in Kumaon Division of Uttarakhand,2018,https://scholar.google.com/citations?view_op=view_citation&hl=en&user=UN4_VkEAAAAJ&cstart=100&pagesize=100&sortby=pubdate&citation_for_view=UN4_VkEAAAAJ:uc_IGeMz5qoC,"Journal of Global Communication 11 (1), 76-80, 2018","N Upreti, AK Singh",,
Dr Avtar Singh,Optimization of seeding rates and nitrogen scheduling in direct-seeded rice (Oryza sativa) under drought-prone environment in middle Indo-Gangetic plains,2018,https://scholar.google.com/citations?view_op=view_citation&hl=en&user=UN4_VkEAAAAJ&cstart=100&pagesize=100&sortby=pubdate&citation_for_view=UN4_VkEAAAAJ:Pqt4MY__2vwC,"Indian Journal of Agronomy 63 (4), 447-452, 2018","S Kumar, R Kumar, JS Mishra, SK Dwivedi, AK Singh, V Prakash, KK Rao, ...",,
Dr Avtar Singh,Contract Farming in India prospects and limitations,2018,https://scholar.google.com/citations?view_op=view_citation&hl=en&user=UN4_VkEAAAAJ&cstart=100&pagesize=100&sortby=pubdate&citation_for_view=UN4_VkEAAAAJ:6pF0wJmtdfAC,"Indian Farming 66 (8), 2018","N Prasad, AK Singh, JM Saini",1,
Dr Avtar Singh,Predictive analysis of medical data using a hybrid machine learning technique,2018,https://scholar.google.com/citations?view_op=view_citation&hl=en&user=UN4_VkEAAAAJ&cstart=100&pagesize=100&sortby=pubdate&citation_for_view=UN4_VkEAAAAJ:u5HHmVD_uO8C,"2018 First International Conference on Secure Cyber Computing and …, 2018","PS Rajawat, DK Gupta, SS Rathore, A Singh",9,
Dr Avtar Singh,Interplay of advective and diffusive processes on landscape organization and evolution,2018,https://scholar.google.com/citations?view_op=view_citation&hl=en&user=UN4_VkEAAAAJ&cstart=100&pagesize=100&sortby=pubdate&citation_for_view=UN4_VkEAAAAJ:tFzHCjejgA0C,"AGU Fall Meeting Abstracts 2018, EP43D-2745, 2018","Z Wu, A Singh, A Tejedor",,
Dr Avtar Singh,Impact of Advertising on Buying Decision of Consumers towards FMCG products in the Rural Market,2018,https://scholar.google.com/citations?view_op=view_citation&hl=en&user=UN4_VkEAAAAJ&cstart=100&pagesize=100&sortby=pubdate&citation_for_view=UN4_VkEAAAAJ:SEKBqlyTJecC,"International Journal of Business and Management Research 6 (3), 85-90, 2018","IM Dar, AK Singh",1,
Dr Avtar Singh,Auction based scheme for resource allotment in cloud computing,2018,https://scholar.google.com/citations?view_op=view_citation&hl=en&user=UN4_VkEAAAAJ&cstart=100&pagesize=100&sortby=pubdate&citation_for_view=UN4_VkEAAAAJ:9yKSN-GCB0IC,"Digital Business: Business Algorithms, Cloud Computing and Data Engineering …, 2018","R Bhan, A Singh, R Pamula, P Faruki",9,
Dr Avtar Singh,Morphological comparison of two etching techniques for multicrystalline silicon wafers,2018,https://scholar.google.com/citations?view_op=view_citation&hl=en&user=UN4_VkEAAAAJ&cstart=100&pagesize=100&sortby=pubdate&citation_for_view=UN4_VkEAAAAJ:aqlVkmm33-oC,"AIP Conference Proceedings 2006 (1), 030030, 2018","M Kaur, A Singh, D Kumar, J Singh, R Kaur",,
Dr Avtar Singh,Effect of Post Harvest Treatments and Wrapping Materials 0f Mango Cv. Dashehari During Ambient Condition,2018,https://scholar.google.com/citations?view_op=view_citation&hl=en&user=UN4_VkEAAAAJ&cstart=100&pagesize=100&sortby=pubdate&citation_for_view=UN4_VkEAAAAJ:vofGIMt6cyEC,"Bull. Env. Pharmacol. Life Sci 7, 84-90, 2018","AK Singh, MK Singh, S Prakash, S Malik, M Kumar, AK Yadav",,
Dr Avtar Singh,Poster,2018,https://scholar.google.com/citations?view_op=view_citation&hl=en&user=UN4_VkEAAAAJ&cstart=100&pagesize=100&sortby=pubdate&citation_for_view=UN4_VkEAAAAJ:Y5dfb0dijaUC,"Journal of Medical Physics 43 (Suppl 1), S39-S111, 2018","P Patwe, H Ghare, P Shinde, M Meshram, R Veer, A Chand, M Mathankar",,
Dr Avtar Singh,Ayurveda Kayachikitsa towards the management of joint pain: a review.,2018,https://scholar.google.com/citations?view_op=view_citation&hl=en&user=UN4_VkEAAAAJ&cstart=100&pagesize=100&sortby=pubdate&citation_for_view=UN4_VkEAAAAJ:5bg8sr1QxYwC,"Journal of Drug Delivery & Therapeutics 8 (6), 2018","M Nautiyal, BS Chouchan, SS Rajput, AK Singh",,
Dr Avtar Singh,Effect of Ground Plane and Strained Silicon on Nanoscale FET Devices,2018,https://scholar.google.com/citations?view_op=view_citation&hl=en&user=UN4_VkEAAAAJ&cstart=100&pagesize=100&sortby=pubdate&citation_for_view=UN4_VkEAAAAJ:QoJ_w57xiyAC,"Nanoscale Devices, 51-66, 2018","S Chaudhury, A Singh",,
Dr Avtar Singh,Mueller Matrix Approach for Engineering Asymmetric Fano-resonance Line Shape in Anisotropic Optical System,2018,https://scholar.google.com/citations?view_op=view_citation&hl=en&user=UN4_VkEAAAAJ&cstart=100&pagesize=100&sortby=pubdate&citation_for_view=UN4_VkEAAAAJ:zaHkCSmj5XkC,"Fano Resonances in Optics and Microwaves: Physics and Applications, 57-83, 2018","AK Singh, S Chandel, SK Ray, P Mitra, N Ghosh",,
Dr Avtar Singh,VTE prophylaxis in ambulatory patients with lower limb immobilization: A retrospective audit: 0986,2018,https://scholar.google.com/citations?view_op=view_citation&hl=en&user=UN4_VkEAAAAJ&cstart=100&pagesize=100&sortby=pubdate&citation_for_view=UN4_VkEAAAAJ:Kv9jytqXTosC,"International Journal of Surgery 55, S86, 2018","N Choudhry, M Nagy, G Reddy, A Singh",,
Dr Avtar Singh,Effect of mass density on surface morphology of electrodeposited manganese oxide films,2018,https://scholar.google.com/citations?view_op=view_citation&hl=en&user=UN4_VkEAAAAJ&cstart=100&pagesize=100&sortby=pubdate&citation_for_view=UN4_VkEAAAAJ:qxL8FJ1GzNcC,"AIP Conference Proceedings 1953 (1), 030088, 2018","A Singh, D Kumar, A Thakur, R Kaur",,
Dr Avtar Singh,Quantitative polarimetric studies of Plasmonic quasicrystals,2018,https://scholar.google.com/citations?view_op=view_citation&hl=en&user=UN4_VkEAAAAJ&cstart=100&pagesize=100&sortby=pubdate&citation_for_view=UN4_VkEAAAAJ:g9YHGIZn7mcC,"Nanophotonics VII 10672, 125-131, 2018","S Chandel, PR Ajith, AK Singh, KA Aneeth, A Venugopal, N Ghosh",,
Dr Avtar Singh,Development of Basmati rice genotypes with resistance to both bacterial blight and blast diseases using marker assisted restricted backcross breeding.,2018,https://scholar.google.com/citations?view_op=view_citation&hl=en&user=UN4_VkEAAAAJ&cstart=100&pagesize=100&sortby=pubdate&citation_for_view=UN4_VkEAAAAJ:QlnOKEPDpKwC,,"VS Vidya Sagar, SG Krishnan, PD Priyanka Dwivedi, KK Mondal, ...",,
Dr Avtar Singh,P027 Vitamin A modulates mucosal inflammation by augmenting Th1/Th17 differentiation in inflammatory bowel disease,2018,https://scholar.google.com/citations?view_op=view_citation&hl=en&user=UN4_VkEAAAAJ&cstart=100&pagesize=100&sortby=pubdate&citation_for_view=UN4_VkEAAAAJ:DPO9WFcz7UcC,"Journal of Crohn's and Colitis 12 (supplement_1), S107-S107, 2018","R Rampal, MN Wari, AK Singh, UK Das, S Bopanna, S Jain, V Gupta, ...",,
Dr Avtar Singh,"Morphological, physiological and biochemical responses of poplar plants to drought stress.",2018,https://scholar.google.com/citations?view_op=view_citation&hl=en&user=UN4_VkEAAAAJ&cstart=100&pagesize=100&sortby=pubdate&citation_for_view=UN4_VkEAAAAJ:BSZS1fLCB98C,,"AK Aradhna Kumari, AK Singh, SK Singh, IM Khan",,
Dr Avtar Singh,The conservation agriculture roadmap for India: policy brief,2018,https://scholar.google.com/citations?view_op=view_citation&hl=en&user=UN4_VkEAAAAJ&cstart=100&pagesize=100&sortby=pubdate&citation_for_view=UN4_VkEAAAAJ:C2yK8tfAHAgC,"ICAR, 2018","ML Jat, AK Biswas, H Pathak, A Mcdonald, AK Patra, CB Acharya, ...",1,
Dr Avtar Singh,Economic Evaluation of Kinnow Cultivation under Different Irrigation Systems in Rajasthan,2018,https://scholar.google.com/citations?view_op=view_citation&hl=en&user=UN4_VkEAAAAJ&cstart=100&pagesize=100&sortby=pubdate&citation_for_view=UN4_VkEAAAAJ:wuYnf3tzzDUC,"Economic Affairs 63 (3), 741-744, 2018","NK Meena, R Singh, SM Feroze, RJ Singh, AK Singh",1,
Dr Avtar Singh,"DML 339 (IC0612721; INGR17022), a Maize (Zea mays L.) Germplasm with Resistance to Charcoal Rot (disease mean score 2.8 on the scale of 1–9). Mean Anthesis Silking Interval of …",2018,https://scholar.google.com/citations?view_op=view_citation&hl=en&user=UN4_VkEAAAAJ&cstart=100&pagesize=100&sortby=pubdate&citation_for_view=UN4_VkEAAAAJ:wZJMF1LD7PcC,"Indian Journal of Plant Genetic Resources 31 (3), 351-351, 2018","B Kumar, J Kaul, OP Yadav, V Mahajan, SB Singh, RS Kumar, KS Hooda, ...",,
Dr Avtar Singh,Efficacy of insecticides against blister beetle Mylabris phalerata (Pallas) on soybean,2018,https://scholar.google.com/citations?view_op=view_citation&hl=en&user=UN4_VkEAAAAJ&cstart=100&pagesize=100&sortby=pubdate&citation_for_view=UN4_VkEAAAAJ:u1IMlZnpNFQC,"Indian Journal of Entomology 80 (3), 720-724, 2018","AK Singh, S Kumar, E Ao, A Kumar, AP Singh, P Singh",,
Dr Avtar Singh,"Effect of Honey and Sucrose on Longivity of Larval Endoparasitoids Viz., Glyptapanteles agamemnonis (Wilkinson) and Meteorus pulchricornis (Wesmael)",2018,https://scholar.google.com/citations?view_op=view_citation&hl=en&user=UN4_VkEAAAAJ&cstart=100&pagesize=100&sortby=pubdate&citation_for_view=UN4_VkEAAAAJ:ddB7do2jUx8C,"Int. J. Curr. Microbiol. App. Sci 7 (7), 3073-3079, 2018","R Kour, RK Gupta, AK Singh, S Kour",,
Dr Avtar Singh,Effect of aqueous ozone on quality and shelf life of shredded green bell pepper (Capsicum annuum).,2018,https://scholar.google.com/citations?view_op=view_citation&hl=en&user=UN4_VkEAAAAJ&cstart=100&pagesize=100&sortby=pubdate&citation_for_view=UN4_VkEAAAAJ:0klj8wIChNAC,,"VU Viruja Ummat, AK Singh, GK Sidhu",,
Dr Avtar Singh,"Assessment of Ground Water Resources for Irrigation in Aurngabad District of South Bihar, India",2018,https://scholar.google.com/citations?view_op=view_citation&hl=en&user=UN4_VkEAAAAJ&cstart=100&pagesize=100&sortby=pubdate&citation_for_view=UN4_VkEAAAAJ:_TjUWtciUekC,"Int. J. Curr. Microbiol. App. Sci 7 (4), 1606-1617, 2018","R Chandra, S Kumari, SK Jain, AK Singh",,
Dr Avtar Singh,Role of Glycine Betaine and Potassium Nitrate in Drought Tolerance using Proline Accumulation in Rice (Oryza sativa L.),2018,https://scholar.google.com/citations?view_op=view_citation&hl=en&user=UN4_VkEAAAAJ&cstart=100&pagesize=100&sortby=pubdate&citation_for_view=UN4_VkEAAAAJ:JavbeY_VQWIC,"Int. J. Curr. Microbiol. App. Sci 7 (7), 2916-2922, 2018","N Sharma, AK Singh, N Nehal, KK Mishra, M Singh",,
Dr Avtar Singh,"Predictive model and production function for area, production and productivity of Niger crop in Bastar plateau agro-climatic zone of Chhattisgarh",2018,https://scholar.google.com/citations?view_op=view_citation&hl=en&user=UN4_VkEAAAAJ&cstart=100&pagesize=100&sortby=pubdate&citation_for_view=UN4_VkEAAAAJ:sYWwZaPVD1oC,"Journal of Pharmacognosy and Phytochemistry 7 (5), 2329-2337, 2018","K Chawla, PK Ganjeer, AK Singh",,
Dr Avtar Singh,Phenological growth and development of Rabi maize (Zea mays L.) under various moisture regimes,2018,https://scholar.google.com/citations?view_op=view_citation&hl=en&user=UN4_VkEAAAAJ&cstart=100&pagesize=100&sortby=pubdate&citation_for_view=UN4_VkEAAAAJ:JIEWM9yDoCIC,"IJCS 6 (5), 2007-2010, 2018","P Katiyar, AK Singh, SR Mishra, AN Mishra, R Chaudhari, RK Aryan, ...",,
Dr Avtar Singh,Estimation of water consumption and crop water productivity of wheat crop in farmer's field of north Bihar.,2017,https://scholar.google.com/citations?view_op=view_citation&hl=en&user=UN4_VkEAAAAJ&cstart=200&pagesize=100&sortby=pubdate&citation_for_view=UN4_VkEAAAAJ:_AkkBXT-jcoC,,"RC Ravish Chandra, SK Jain, AK Singh",,
Dr Avtar Singh,Immobilization increases the stability and reusability of pigeon pea NADP+ linked glucose-6-phosphate dehydrogenase.,2017,https://scholar.google.com/citations?view_op=view_citation&hl=en&user=UN4_VkEAAAAJ&cstart=200&pagesize=100&sortby=pubdate&citation_for_view=UN4_VkEAAAAJ:ve7iT2ZEuL4C,,"SS Siddhartha Singh, AK Singh, MC Singh, PK Pandey",,
Dr Avtar Singh,Monetary and Credit Instruments for the Improvement of Financial Market’s Instability,2017,https://scholar.google.com/citations?view_op=view_citation&hl=en&user=UN4_VkEAAAAJ&cstart=200&pagesize=100&sortby=pubdate&citation_for_view=UN4_VkEAAAAJ:IF0FbId8XVwC,"Farabi Journal of Social Sciences 3 (1-2), 3-5, 2017","AM Nurgazina, AK Singh",,
Dr Avtar Singh,Starch: A precise account covering its multidimensional aspects,2017,https://scholar.google.com/citations?view_op=view_citation&hl=en&user=UN4_VkEAAAAJ&cstart=200&pagesize=100&sortby=pubdate&citation_for_view=UN4_VkEAAAAJ:eJjLl3UG7CkC,"Nova Science Publishers, Inc., 2017","A Majeed, W Ul Rehman, RA Najar, S Choudhary, S Thakur, A Singh, ...",,
Dr Avtar Singh,The effect of foliar feeding of plant growth regulators on growth fruiting behaviour and quality improvement of phalsa (Grewia subinaequalis DC),2017,https://scholar.google.com/citations?view_op=view_citation&hl=en&user=UN4_VkEAAAAJ&cstart=100&pagesize=100&sortby=pubdate&citation_for_view=UN4_VkEAAAAJ:SAZ1SQo2q1kC,"International Symposium on Horticulture: Priorities and Emerging Trends 1255 …, 2017","A Kumar Meena, AK Singh, B Singh",,
Dr Avtar Singh,Poster,2017,https://scholar.google.com/citations?view_op=view_citation&hl=en&user=UN4_VkEAAAAJ&cstart=100&pagesize=100&sortby=pubdate&citation_for_view=UN4_VkEAAAAJ:tkaPQYYpVKoC,"Journal of Medical Physics 42 (Suppl 1), S110-S255, 2017","A Saini, A Singh, S Pahwa, A Kumar, DD Deshpande, T Dora",,
Dr Avtar Singh,A fine muddle:(Re) configuring water conflicts?,2017,https://scholar.google.com/citations?view_op=view_citation&hl=en&user=UN4_VkEAAAAJ&cstart=100&pagesize=100&sortby=pubdate&citation_for_view=UN4_VkEAAAAJ:ZfRJV9d4-WMC,,"VN Vishal Narain, AK Singh",,
Dr Avtar Singh,Comparison between single and double volumetric arc therapy technique in the treatment of cervix and BOT cancer,2017,https://scholar.google.com/citations?view_op=view_citation&hl=en&user=UN4_VkEAAAAJ&cstart=100&pagesize=100&sortby=pubdate&citation_for_view=UN4_VkEAAAAJ:URolC5Kub84C,,"A Saini, A Singh, S Pahwa, A Kumar, T Dora, DD Deshpande",,
Dr Avtar Singh,Effects of foliar application of FeSO4 and ZnSO4 on leaf tissue nutrients of gerbera (Gerbera jamesonii) varieties under protected condition.,2017,https://scholar.google.com/citations?view_op=view_citation&hl=en&user=UN4_VkEAAAAJ&cstart=100&pagesize=100&sortby=pubdate&citation_for_view=UN4_VkEAAAAJ:rDsFeusoTZkC,,"SP Sunder Pal, AV Barad, AK Singh, BS Khadda, DK Daleep Kumar",,
Dr Avtar Singh,Enhanced magnetodielectricity in Gd3+ substituted Bi2Fe4O9 ceramics,2017,https://scholar.google.com/citations?view_op=view_citation&hl=en&user=UN4_VkEAAAAJ&cstart=100&pagesize=100&sortby=pubdate&citation_for_view=UN4_VkEAAAAJ:hsZV8lGYWTMC,"AIP Conference Proceedings 1832 (1), 140019, 2017","SR Mohapatra, CS Yadav, SD Kaushik, AK Singh",,
Dr Avtar Singh,"Flowing against the current: the socio-technical mediation of water (in) security in periurban Gurgaon, India.",2017,https://scholar.google.com/citations?view_op=view_citation&hl=en&user=UN4_VkEAAAAJ&cstart=100&pagesize=100&sortby=pubdate&citation_for_view=UN4_VkEAAAAJ:7T2F9Uy0os0C,,"VN Vishal Narain, AK Singh",,
Dr Avtar Singh,"1, 3, 5 s-triazine containing analogues a prime Src family inhibitor: Design synthesis docking, anticarcinoma and angiogenic inhibition efficacy on cancer grafted CAM",2017,https://scholar.google.com/citations?view_op=view_citation&hl=en&user=UN4_VkEAAAAJ&cstart=100&pagesize=100&sortby=pubdate&citation_for_view=UN4_VkEAAAAJ:ZZwcLRaXOV4C,"Annals of Oncology 28, v20, 2017","P Pathak, A Balkrishna, PK Shukla, V Kumar, A Kumar, AK Singh, ...",,
Dr Avtar Singh,"Design, synthesis and evaluation of hybrid of quinazoline–triazine derivatives as FAK inhibitor with antitumor activity",2017,https://scholar.google.com/citations?view_op=view_citation&hl=en&user=UN4_VkEAAAAJ&cstart=100&pagesize=100&sortby=pubdate&citation_for_view=UN4_VkEAAAAJ:P2d6BWbXU0IC,"Annals of Oncology 28, x2, 2017","A Verma, V Kumar, P Pathak, PK Shukla, A Kumar, UP Singh, AK Singh",,
Dr Avtar Singh,Investigation of effect of collimator angles on dosimetric parameters in double-arc volumetric modulated arc therapy of head and neck cancer,2017,https://scholar.google.com/citations?view_op=view_citation&hl=en&user=UN4_VkEAAAAJ&cstart=100&pagesize=100&sortby=pubdate&citation_for_view=UN4_VkEAAAAJ:KPAPMsW7zc0C,,"S Pahwa, A Singh, A Saini, TK Dora, DD Deshpande",,
Dr Avtar Singh,"Luminescence of Eu3+ in GaN (Mg, Eu)",2017,https://scholar.google.com/citations?view_op=view_citation&hl=en&user=UN4_VkEAAAAJ&cstart=100&pagesize=100&sortby=pubdate&citation_for_view=UN4_VkEAAAAJ:tz746QTLzJkC,"American Institute of Physics Inc., 2017","AK Singh, KP O'Donnell, PR Edwards, D Cameron, K Lorenz, MJ Kappers, ...",,
Dr Avtar Singh,Performance of mango (Mangifera indica) based agri-horticultural systems under rainfed plateau conditions of eastern India.,2017,https://scholar.google.com/citations?view_op=view_citation&hl=en&user=UN4_VkEAAAAJ&cstart=100&pagesize=100&sortby=pubdate&citation_for_view=UN4_VkEAAAAJ:lRPiJ3GhvscC,,"BD Bikash Das, MK Dhakar, PK Sarkar, SK Shivendra Kumar, ...",,
Dr Avtar Singh,Fluconazole Resistance in Candida Parapsilosis in India and Analysis of Sterol Biosynthesis Gene (ERG11),2017,https://scholar.google.com/citations?view_op=view_citation&hl=en&user=UN4_VkEAAAAJ&cstart=200&pagesize=100&sortby=pubdate&citation_for_view=UN4_VkEAAAAJ:ALROH1vI_8AC,"Morressier, 2017",A Singh,,
Dr Avtar Singh,Determine Physiological Traits Associated with Flowering Stage Drought Tolerance in Lowland Rice (Oryza sativa L.) Genotypes,2017,https://scholar.google.com/citations?view_op=view_citation&hl=en&user=UN4_VkEAAAAJ&cstart=200&pagesize=100&sortby=pubdate&citation_for_view=UN4_VkEAAAAJ:NMlhSUseqAsC,"Int. J. Curr. Microbiol. App. Sci 6 (6), 910-920, 2017","AK Singh, AK Mall",,
Dr Avtar Singh,To study the clopidogrel pharmacogenetics in north Indian population with acute myocardial infarction,2017,https://scholar.google.com/citations?view_op=view_citation&hl=en&user=UN4_VkEAAAAJ&cstart=200&pagesize=100&sortby=pubdate&citation_for_view=UN4_VkEAAAAJ:e3CVSTJ63dQC,"Indian Heart Journal 2 (69), S28, 2017","RK Sinha, AK Singh, P Tiwari, R Thakur, MM Razi, SK Sinha",,
Dr Avtar Singh,Isolation and identification of effective Rhizobium germplasm for increasing productivity of Kulthi (Dolichos biflorus L.) under climatic conditions of Chhattisgarh,2017,https://scholar.google.com/citations?view_op=view_citation&hl=en&user=UN4_VkEAAAAJ&cstart=200&pagesize=100&sortby=pubdate&citation_for_view=UN4_VkEAAAAJ:8gBurD7jEYQC,"IJCS 5 (4), 1069-1073, 2017","RN Singh, AK Singh, SB Gupta, SS Sengar",,
Dr Avtar Singh,Utility and economical value of treated paddy straw fed to the lactating buffaloes.,2017,https://scholar.google.com/citations?view_op=view_citation&hl=en&user=UN4_VkEAAAAJ&cstart=200&pagesize=100&sortby=pubdate&citation_for_view=UN4_VkEAAAAJ:Sf6vrWCRp3YC,,"SK Sunil Kumar, AK Singh, AK Amit Kumar, AF Ahmad Fahim, ...",,
Dr Avtar Singh,Development and evaluation of iso-cytoplasmic rice restorer lines for different agro-morphological traits.,2017,https://scholar.google.com/citations?view_op=view_citation&hl=en&user=UN4_VkEAAAAJ&cstart=200&pagesize=100&sortby=pubdate&citation_for_view=UN4_VkEAAAAJ:K-tzbvM8PMoC,,"AK Amit Kumar, PK Bhowmick, SG Krishnan, AK Singh",,
Dr Avtar Singh,24 hours urinary analysis for renal stones promoters and inhibitors in North India,2017,https://scholar.google.com/citations?view_op=view_citation&hl=en&user=UN4_VkEAAAAJ&cstart=200&pagesize=100&sortby=pubdate&citation_for_view=UN4_VkEAAAAJ:dj1AAMDQi3QC,,"S Kanchan, AK Singh, R Ajanta",1,
Dr Avtar Singh,"AICRP (Honey Bees & Pollinators), School of Agricultural Sciences and",2017,https://scholar.google.com/citations?view_op=view_citation&hl=en&user=UN4_VkEAAAAJ&cstart=200&pagesize=100&sortby=pubdate&citation_for_view=UN4_VkEAAAAJ:0kLwNjf3oFwC,"Indian Journal of Entomology 79 (3), 295-299, 2017",AK SINGH,,
Dr Avtar Singh,Make in India: an allure for multinational Companies (MNCs) in India,2017,https://scholar.google.com/citations?view_op=view_citation&hl=en&user=UN4_VkEAAAAJ&cstart=200&pagesize=100&sortby=pubdate&citation_for_view=UN4_VkEAAAAJ:xm1hsP5ya-EC,"International Journal of Management IT and Engineering 7 (5), 11-17, 2017","IM Dar, AK Singh, H Vishwakarma",,
Dr Avtar Singh,Effects of foliar application of FeSO4 and ZnSO4 on leaf tissue nutrients of gerbera (Gerbera jamesonii) varieties under protected condition,2017,https://scholar.google.com/citations?view_op=view_citation&hl=en&user=UN4_VkEAAAAJ&cstart=200&pagesize=100&sortby=pubdate&citation_for_view=UN4_VkEAAAAJ:zfsRRabFVBUC,"The Indian Journal of Agricultural Sciences 87 (1), 102-106, 2017","S Pal, AV Barad, AK Singh, BS Khadda, D Kumar",,
Dr Avtar Singh,"College of Agriculture, Junagadh Agricultural University, Junagadh, Gujarat 362 001 Received: 18 August 2015; Accepted: 31 July 2016",2017,https://scholar.google.com/citations?view_op=view_citation&hl=en&user=UN4_VkEAAAAJ&cstart=200&pagesize=100&sortby=pubdate&citation_for_view=UN4_VkEAAAAJ:ZOYfmFL0FrgC,"The Indian Journal of Agricultural Sciences 87 (1), 102-6, 2017","S PAL¹, AV BARAD, AK SINGH, BS KHADDA, D KUMARS",,
Dr Avtar Singh,"Improvement of nutritive values, quality and shelf life of oyster mushroom via development of different value added products.",2017,https://scholar.google.com/citations?view_op=view_citation&hl=en&user=UN4_VkEAAAAJ&cstart=200&pagesize=100&sortby=pubdate&citation_for_view=UN4_VkEAAAAJ:w0odbtu79TwC,,"SM Sujata Makkar, AK Singh, SM Suman Minhas, KN Kiran Nehra",,
Dr Avtar Singh,Comparative studies of flowering behaviour and sex ratio in different hybrids and selections of mango (Mangifera indica L.) under Tarai region of Uttarakhand,2016,https://scholar.google.com/citations?view_op=view_citation&hl=en&user=UN4_VkEAAAAJ&cstart=200&pagesize=100&sortby=pubdate&citation_for_view=UN4_VkEAAAAJ:mJbmKSuM8toC,"Life sci. Intl. Res. J 3 (1), 14, 2016","Y Pandey, AK Singh, SS Bhatt",1,
Dr Avtar Singh,Interactive comment on “Linear and Non-linear Stability Analysis of the Rate and State Friction Model with Three State Variables” by N. Sinha and,2016,https://scholar.google.com/citations?view_op=view_citation&hl=en&user=UN4_VkEAAAAJ&cstart=200&pagesize=100&sortby=pubdate&citation_for_view=UN4_VkEAAAAJ:6IBXqrN-DEwC,,AK Singh,,
Dr Avtar Singh,Wind Tunnel Study of Ring Slot Parachute with Varying Geometric & Fabric Porosity,2016,https://scholar.google.com/citations?view_op=view_citation&hl=en&user=UN4_VkEAAAAJ&cstart=200&pagesize=100&sortby=pubdate&citation_for_view=UN4_VkEAAAAJ:irE4lMk4wWMC,"ARMS-2016-TP, 2016","V Verma, R Krishna, S Singh, C Arunachaleswaran, A Singh, N Nair, ...",1,
Dr Avtar Singh,Study of furcate umbilical cord,2016,https://scholar.google.com/citations?view_op=view_citation&hl=en&user=UN4_VkEAAAAJ&cstart=200&pagesize=100&sortby=pubdate&citation_for_view=UN4_VkEAAAAJ:hXkWDDAEazwC,"Journal of the Anatomical Society of India 2 (65), S72, 2016","MA Khan, DN Sinha, AK Singh",,
Dr Avtar Singh,"HISTOPATHOLOGICAL EFFECTS IN GILLS OF FRESHW AL EFFECTS IN GILLS OF FRESHW AL EFFECTS IN GILLS OF FRESHWATER MUSSELS, LAMELLIDENS MARGINALIS LAMELLIDENS MARGINALIS LAMELLIDENS …",2016,https://scholar.google.com/citations?view_op=view_citation&hl=en&user=UN4_VkEAAAAJ&cstart=200&pagesize=100&sortby=pubdate&citation_for_view=UN4_VkEAAAAJ:C33y2ycGS3YC,,"A PANDEY, AH SHANTHANAGOUDA, D PATHAK, A SINGH",,
Dr Avtar Singh,Excitons at interfaces in thin oxide films,2016,https://scholar.google.com/citations?view_op=view_citation&hl=en&user=UN4_VkEAAAAJ&cstart=200&pagesize=100&sortby=pubdate&citation_for_view=UN4_VkEAAAAJ:1Aeql8wG3wEC,"Bulletin of the American Physical Society 61, 2016","N Samarasingha, C Rodriguez, J Moya, N Fernando, S Zollner, P Ponath, ...",,
Dr Avtar Singh,"6P Quinazoline clubbed s-triazine derivatives as VEGFR2 kinase inhibitor: Design, synthesis, docking, antiproliferative and antiangiogenic activity on cancer-induced chick embryo",2016,https://scholar.google.com/citations?view_op=view_citation&hl=en&user=UN4_VkEAAAAJ&cstart=200&pagesize=100&sortby=pubdate&citation_for_view=UN4_VkEAAAAJ:kiex5tMzGo8C,"Annals of Oncology 27, ix2, 2016","A Verma, P Pathak, PK Shukla, V Kumar, A Kumar, AK Singh",,
Dr Avtar Singh,Influence of Ferrite Fraction on Tensile Properties and Fatigue Crack Growth Behaviour of Nodular Cast Iron,2016,https://scholar.google.com/citations?view_op=view_citation&hl=en&user=UN4_VkEAAAAJ&cstart=200&pagesize=100&sortby=pubdate&citation_for_view=UN4_VkEAAAAJ:eAlLMO4JVmQC,,"A Singh, DK Shukla",,
Dr Avtar Singh,Skull base bony tumours: Management nuances. A retrospective analysis from a tertiary care centre,2016,https://scholar.google.com/citations?view_op=view_citation&hl=en&user=UN4_VkEAAAAJ&cstart=200&pagesize=100&sortby=pubdate&citation_for_view=UN4_VkEAAAAJ:8_tS2Vw13FcC,"EUROPEAN JOURNAL OF CANCER 54, S4-S4, 2016",AK Singh,,
Dr Avtar Singh,"Effect of foliar application of Fe and Zn on growth, flowering and yield of gerbera (Gerbera jamesonii) under protected condition.",2016,https://scholar.google.com/citations?view_op=view_citation&hl=en&user=UN4_VkEAAAAJ&cstart=200&pagesize=100&sortby=pubdate&citation_for_view=UN4_VkEAAAAJ:WHBERAHVdrEC,,"SP Sunder Pal, AV Barad, AK Singh, BS Khadda, DK Daleep Kumar",,
Dr Avtar Singh,Fabrication of multilayer nanowires,2016,https://scholar.google.com/citations?view_op=view_citation&hl=en&user=UN4_VkEAAAAJ&cstart=200&pagesize=100&sortby=pubdate&citation_for_view=UN4_VkEAAAAJ:ULOm3_A8WrAC,"AIP Conference Proceedings 1728 (1), 020677, 2016","J Kaur, A Singh, D Kumar, A Thakur, R Kaur",,
Dr Avtar Singh,Identification and characterisation of Mlo genes in pea (Pisum sativum L.) vis-à-vis validation of Mlo gene-specific markers.,2016,https://scholar.google.com/citations?view_op=view_citation&hl=en&user=UN4_VkEAAAAJ&cstart=200&pagesize=100&sortby=pubdate&citation_for_view=UN4_VkEAAAAJ:tswL-GKFg8UC,,"CM Chinmayee Mohapatra, RC Ramesh Chand, VK Singh, AK Singh, ...",,
Dr Avtar Singh,Practice and Experience,2016,https://scholar.google.com/citations?view_op=view_citation&hl=en&user=UN4_VkEAAAAJ&cstart=200&pagesize=100&sortby=pubdate&citation_for_view=UN4_VkEAAAAJ:xyzrkeHX5M4C,,"WBA Karaa, ZB Azzouz, A Singh, N Dey, AS Ashour",,
Dr Avtar Singh,Nutritional composition in fruits of gynodioecious papaya genotypes.,2016,https://scholar.google.com/citations?view_op=view_citation&hl=en&user=UN4_VkEAAAAJ&cstart=200&pagesize=100&sortby=pubdate&citation_for_view=UN4_VkEAAAAJ:tFyepMjQr3wC,,"JP Jai Prakash, VS Vartika Srivastava, AK Goswami, KS Kanhaiya Singh, ...",,
Dr Avtar Singh,Pharmaceutical and Nutritional Value of Honey and Their Xenobiotics,2016,https://scholar.google.com/citations?view_op=view_citation&hl=en&user=UN4_VkEAAAAJ&cstart=200&pagesize=100&sortby=pubdate&citation_for_view=UN4_VkEAAAAJ:e0CZ6poB34oC,"Advances in Life Sciences 5 (7), 2492-2500, 2016","AK Singh, DK Jaiswal, RK Thakur, HK Singh",,
Dr Avtar Singh,Is coexisting cytomegalovirus infection and juvenile myelomonocytic leukemia associated with poor prognostic outcome?,2016,https://scholar.google.com/citations?view_op=view_citation&hl=en&user=UN4_VkEAAAAJ&cstart=200&pagesize=100&sortby=pubdate&citation_for_view=UN4_VkEAAAAJ:cUMtEw7vMgQC,"Pediatric Hematology Oncology Journal 1 (2), S16, 2016","M Agarwal, A Singh, V Guru, R Seth",2,
Dr Avtar Singh,"Enhanced dielectric, impedance and magnetic characteristics of Co doped multiferroic Bi {sub 2} Fe {sub 4} O {sub 9}",2016,https://scholar.google.com/citations?view_op=view_citation&hl=en&user=UN4_VkEAAAAJ&cstart=200&pagesize=100&sortby=pubdate&citation_for_view=UN4_VkEAAAAJ:L7vk9XBBNxgC,"AIP Conference Proceedings 1731 (1), 2016","B Sahu, AK Singh, SD Kaushik",,
Dr Avtar Singh,"Structural, dielectric and magnetic studies of magnetoelectric trirutile Fe {sub 2} TeO {sub 6}",2016,https://scholar.google.com/citations?view_op=view_citation&hl=en&user=UN4_VkEAAAAJ&cstart=200&pagesize=100&sortby=pubdate&citation_for_view=UN4_VkEAAAAJ:GHsHDPAyICYC,"AIP Conference Proceedings 1731 (1), 2016","B Sahu, SR Mohapatra, AK Singh",,
Dr Avtar Singh,Physiological and molecular basis of water-deficit stress tolerance in F1 hybrids and their parental lines in rice.,2016,https://scholar.google.com/citations?view_op=view_citation&hl=en&user=UN4_VkEAAAAJ&cstart=200&pagesize=100&sortby=pubdate&citation_for_view=UN4_VkEAAAAJ:uQyLbZAWguAC,,"SP Sasmita Pattnaik, VK Vinod Kumar, KK Tiwari, CP Chandra Prakash, ...",,
Dr Avtar Singh,Concept of Mahagad in Ayurveda wsr to Bhagandara (Fistula-In-Ano),2016,https://scholar.google.com/citations?view_op=view_citation&hl=en&user=UN4_VkEAAAAJ&cstart=200&pagesize=100&sortby=pubdate&citation_for_view=UN4_VkEAAAAJ:1l3MdapXzAoC,"Journal of Ayurveda and Integrated Medical Sciences 1 (02), 17-23, 2016","N Lahri, P Hemant",1,
Dr Avtar Singh,Attention in Complex Environment of Brain Computer Interface,2016,https://scholar.google.com/citations?view_op=view_citation&hl=en&user=UN4_VkEAAAAJ&cstart=200&pagesize=100&sortby=pubdate&citation_for_view=UN4_VkEAAAAJ:Kqc1aDSOPooC,"Proceedings of the 6th International Brain-Computer Interface Meeting …, 2016","A Singh, YK Wang, CY Chiu, YH Yu, M Nascimben, JT King, CH Chuang, ...",,
Dr Avtar Singh,Effect of a cognitive involving videogame on MI task,2016,https://scholar.google.com/citations?view_op=view_citation&hl=en&user=UN4_VkEAAAAJ&cstart=200&pagesize=100&sortby=pubdate&citation_for_view=UN4_VkEAAAAJ:uUvzmPk0f8oC,"Proceedings of the 6th International Brain-Computer Interface Meeting …, 2016","M Nascimben, YH Yu, CT Lin, JT King, AK Singh, C Chuang",,
Dr Avtar Singh,Role of precipitate in strain induced martensitic transformation during cold deformation of SS 321,2016,https://scholar.google.com/citations?view_op=view_citation&hl=en&user=UN4_VkEAAAAJ&cstart=200&pagesize=100&sortby=pubdate&citation_for_view=UN4_VkEAAAAJ:TGkaJS32XoUC,"Journal of Metallurgy and Materials Science 58 (1), 35-46, 2016","S Kundu, R Maladkar, AK Singh, MM Hussain",,
Dr Avtar Singh,Association of Characters and Selection Parameters for Quality Traits in Maize (Zea mays L.) as Influenced by Late Sown and Drought Conditions,2016,https://scholar.google.com/citations?view_op=view_citation&hl=en&user=UN4_VkEAAAAJ&cstart=200&pagesize=100&sortby=pubdate&citation_for_view=UN4_VkEAAAAJ:KTwcwpFFj4wC,"Indian Journal of Agricultural Biochemistry 29 (1), 108-111, 2016","G Narayan, HC Singh, MA Khan, SN Singh, S Kumar, AK Singh",,
Dr Avtar Singh,Cloud Load Balancing Based on ACO Algorithm,2015,https://scholar.google.com/citations?view_op=view_citation&hl=en&user=UN4_VkEAAAAJ&cstart=200&pagesize=100&sortby=pubdate&citation_for_view=UN4_VkEAAAAJ:8k81kl-MbHgC,"Computer Technology & Applications 6 (6), 1036-104, 2015","A Singh, K Dutta, H Gupta",,
Dr Avtar Singh,"Major ion chemistry of the Son River, India: weathering processes, dissolved fluxes and water quality assessment.",2015,https://scholar.google.com/citations?view_op=view_citation&hl=en&user=UN4_VkEAAAAJ&cstart=200&pagesize=100&sortby=pubdate&citation_for_view=UN4_VkEAAAAJ:fF_gHTpLxhAC,,"CM Chinmaya Maharana, SK Gautam, AK Singh, JK Tripathi",,
Dr Avtar Singh,Apply AHP for resource allocation problem in cloud,2015,https://scholar.google.com/citations?view_op=view_citation&hl=en&user=UN4_VkEAAAAJ&cstart=200&pagesize=100&sortby=pubdate&citation_for_view=UN4_VkEAAAAJ:d1gkVwhDpl0C,"Journal of Computer and Communications 3 (10), 13, 2015","A Singh, K Dutta",10,
Dr Avtar Singh,Relative abundance of tephritid fruit flies with methyl eugenol traps in capsicum,2015,https://scholar.google.com/citations?view_op=view_citation&hl=en&user=UN4_VkEAAAAJ&cstart=200&pagesize=100&sortby=pubdate&citation_for_view=UN4_VkEAAAAJ:n1qY4L4uFdgC,"Indian Journal of Plant Protection 43 (4), 528-531, 2015","T Boopathi, T Manju, SB Singh, Y Ramakrishna, SK Dutta, AKR Singh",1,
Dr Avtar Singh,Novel InDel variation in GS3 locus and development of InDel based marker for marker assisted breeding of short grain aromatic rices.,2015,https://scholar.google.com/citations?view_op=view_citation&hl=en&user=UN4_VkEAAAAJ&cstart=200&pagesize=100&sortby=pubdate&citation_for_view=UN4_VkEAAAAJ:b8m_4JuPjscC,,"DA Deepti Anand, MB Mamta Baunthiyal, SG Krishnan, NK Singh, ...",,
Dr Avtar Singh,Delineate Catchment Areas of Vindhyachal Region Using Geospatial Techniques,2015,https://scholar.google.com/citations?view_op=view_citation&hl=en&user=UN4_VkEAAAAJ&cstart=200&pagesize=100&sortby=pubdate&citation_for_view=UN4_VkEAAAAJ:kQqwFFzsCTwC,"International Journal of Water Resources Engineering 1 (1), 1-9, 2015","A Topno, AK Singh, RC Vaishya",,
Dr Avtar Singh,Modelling the costs and outcomes associated with sequence of treatment with and without tofacitinib for the treatment of moderate to severe rheumatoid arthritis in the US,2015,https://scholar.google.com/citations?view_op=view_citation&hl=en&user=UN4_VkEAAAAJ&cstart=200&pagesize=100&sortby=pubdate&citation_for_view=UN4_VkEAAAAJ:s_OEDnM-dbEC,"Value in Health 18 (3), A161, 2015","L Claxton, M Taylor, D Moynagh, D Gruben, G Wallenstein, A Singh",,
Dr Avtar Singh,PTU-197 To bowel prep or not to bowel prep?: a 5 year retrospective study,2015,https://scholar.google.com/citations?view_op=view_citation&hl=en&user=UN4_VkEAAAAJ&cstart=200&pagesize=100&sortby=pubdate&citation_for_view=UN4_VkEAAAAJ:4OULZ7Gr8RgC,"Gut 64 (Suppl 1), A150-A150, 2015","M Elsharif, R James, A Singh",,
Dr Avtar Singh,Utilizing AHP: Resource Allocation Problem in Cloud,2015,https://scholar.google.com/citations?view_op=view_citation&hl=en&user=UN4_VkEAAAAJ&cstart=200&pagesize=100&sortby=pubdate&citation_for_view=UN4_VkEAAAAJ:pYKElYtJMmwC,"International Journal of Computer Applications 975, 8887, 2015","A Singh, K Dutta",,
Dr Avtar Singh,"Study of genotype× environment interactions and genotypic adaptation for physiological, biochemical and agro-morphological characters under drought condition in upland rice …",2015,https://scholar.google.com/citations?view_op=view_citation&hl=en&user=UN4_VkEAAAAJ&cstart=200&pagesize=100&sortby=pubdate&citation_for_view=UN4_VkEAAAAJ:vDZJ-YLwNdEC,,"AK Singh, AK Mall, AK Singh, AD Ambesh Dubey, AK Singh, PK Singh",,
Dr Avtar Singh,Impact of drying methods on content and quality of essential oil from leaves of Artemisia nilagirica (Clarke) Pamp.,2015,https://scholar.google.com/citations?view_op=view_citation&hl=en&user=UN4_VkEAAAAJ&cstart=200&pagesize=100&sortby=pubdate&citation_for_view=UN4_VkEAAAAJ:I8rxH6phXEkC,,"NA Nishat Anjum, AK Singh, YC Tripathi",,
Dr Avtar Singh,"Synthesis, characterization, antioxidant status, and toxicity study of vanadium-rutin complex in balb/c mice.",2015,https://scholar.google.com/citations?view_op=view_citation&hl=en&user=UN4_VkEAAAAJ&cstart=200&pagesize=100&sortby=pubdate&citation_for_view=UN4_VkEAAAAJ:96M4k3P_OWMC,,"SR Souvik Roy, SM Sumana Majumdar, AK Singh, BG Balaram Ghosh, ...",,
Dr Avtar Singh,Comparative analysis of microsatellites in chloroplast genomes of lower and higher plants.,2015,https://scholar.google.com/citations?view_op=view_citation&hl=en&user=UN4_VkEAAAAJ&cstart=200&pagesize=100&sortby=pubdate&citation_for_view=UN4_VkEAAAAJ:uPCvBZYD9qUC,,"BG Biju George, BS Bhatt, MA Mayur Awasthi, BG Binu George, AK Singh",,
Dr Avtar Singh,OUTCOME AND DISABILITIES IN CHILDHOOD LANGERHANS CELL HISTIOCYTOSIS: P-250,2015,https://scholar.google.com/citations?view_op=view_citation&hl=en&user=UN4_VkEAAAAJ&cstart=200&pagesize=100&sortby=pubdate&citation_for_view=UN4_VkEAAAAJ:5McdzzY_mmwC,"Pediatric Blood & Cancer 62, S301, 2015","R Seth, A Singh, R Phulia",,
Dr Avtar Singh,Synergistic interaction of arbuscular mycorrhizal fungi and mycorrhiza helper bacteria improving antioxidant activities in Troyer citrange and Cleopatra mandarin under low …,2015,https://scholar.google.com/citations?view_op=view_citation&hl=en&user=UN4_VkEAAAAJ&cstart=200&pagesize=100&sortby=pubdate&citation_for_view=UN4_VkEAAAAJ:Ul_CLA4dPeMC,,"PB Prananath Barman, SK Singh, VB Patel, AK Singh, LN Lata Nain",,
Dr Avtar Singh,Genotype by environment interaction for identifying improved rainfed lowland rice genotypes over locations.,2015,https://scholar.google.com/citations?view_op=view_citation&hl=en&user=UN4_VkEAAAAJ&cstart=200&pagesize=100&sortby=pubdate&citation_for_view=UN4_VkEAAAAJ:umqufdRvDiIC,,"A Singh, AK Mall, AS Alok Singh, AK Singh, HU Ahamad, ...",,
Dr Avtar Singh,"Synthesis, characterisation and antioxidant activity of luteolin-vanadium (II) complex.",2015,https://scholar.google.com/citations?view_op=view_citation&hl=en&user=UN4_VkEAAAAJ&cstart=200&pagesize=100&sortby=pubdate&citation_for_view=UN4_VkEAAAAJ:kVKjLOQJbwAC,,"SR Souvik Roy, SM Sougata Mallick, T Chakraborty, NG Nilanjan Ghosh, ...",,
Dr Avtar Singh,"Effect of transplanting dates and mulching materials on growth, yield and economics of summer squash (Cucurbita pepo) in Uttarakhand hills.",2015,https://scholar.google.com/citations?view_op=view_citation&hl=en&user=UN4_VkEAAAAJ&cstart=200&pagesize=100&sortby=pubdate&citation_for_view=UN4_VkEAAAAJ:cxS_fjKIGZMC,,"MS Mohan Singh, LB Lalit Bhatt, VP Singh, SK Maurya, AK Singh",,
Dr Avtar Singh,Formulation and evaluation of antiemetic nasal spray of limonene.,2015,https://scholar.google.com/citations?view_op=view_citation&hl=en&user=UN4_VkEAAAAJ&cstart=200&pagesize=100&sortby=pubdate&citation_for_view=UN4_VkEAAAAJ:h1pkognVyKwC,,"VB Vikas Bhatt, RK Rajni Karakoti, B Bhatt, AK Singh, DK Sharma",,
Dr Avtar Singh,Development of Blast Resistant Lines using marker assisted selection,2015,https://scholar.google.com/citations?view_op=view_citation&hl=en&user=UN4_VkEAAAAJ&cstart=200&pagesize=100&sortby=pubdate&citation_for_view=UN4_VkEAAAAJ:9o6PfxSMcEIC,"Indian Farming 64 (2), 2015","TR Sharma, AK Singh, R Rathour, M Variar, SK Prashanthi",,
Dr Avtar Singh,Expression analysis of Arabidopsis thaliana sos101 gene and its orthologues in three rice genotypes with differing salt tolerance,2015,https://scholar.google.com/citations?view_op=view_citation&hl=en&user=UN4_VkEAAAAJ&cstart=200&pagesize=100&sortby=pubdate&citation_for_view=UN4_VkEAAAAJ:ExNiBuTMO9IC,"ORYZA-An International Journal on Rice 52 (1), 1-9, 2015","V Kumar, MS Nimmy, SK Lenka, AK Singh, KC Bansal",,
Dr Avtar Singh,Incidence of chewing pests in okra in north eastern hill region of India,2015,https://scholar.google.com/citations?view_op=view_citation&hl=en&user=UN4_VkEAAAAJ&cstart=200&pagesize=100&sortby=pubdate&citation_for_view=UN4_VkEAAAAJ:6ScxedgR18sC,"Indian Journal of Horticulture 72 (1), 73-76, 2015","T Boopathi, T Manju, SB Singh, SK Dutta, AKR Singh, Y Ramakrishna",2,
Dr Avtar Singh,The morphological study of human deltoid ligament of Ankle joint in situ,2015,https://scholar.google.com/citations?view_op=view_citation&hl=en&user=UN4_VkEAAAAJ&cstart=200&pagesize=100&sortby=pubdate&citation_for_view=UN4_VkEAAAAJ:fGk8ZXjgAbkC,"Janaki Medical College Journal of Medical Science 3 (2), 50-57, 2015",AK Singh,,
Dr Avtar Singh,"FRI0178 Estimated Medical Expenditures among Patients with Rheumatoid Arthritis Undergoing Treatment with Tofacitinib, an Oral Janus Kinase Inhibitor",2014,https://scholar.google.com/citations?view_op=view_citation&hl=en&user=UN4_VkEAAAAJ&cstart=200&pagesize=100&sortby=pubdate&citation_for_view=UN4_VkEAAAAJ:kxd3qP2_5uAC,"Annals of the Rheumatic Diseases 73, 446, 2014","R Rendas-Baum, M Kosinski, A Singh, C Mebus, B Wilkinson, R Riese, ...",,
Dr Avtar Singh,"Formulation development, physico-chemical characterization and evaluation of anti-microbial activity of herbal tooth gel.",2014,https://scholar.google.com/citations?view_op=view_citation&hl=en&user=UN4_VkEAAAAJ&cstart=200&pagesize=100&sortby=pubdate&citation_for_view=UN4_VkEAAAAJ:C6rTQemI8T8C,,"MH Mridul Haque, AK Singh, SK Maurya, AS Ankit Seth",,
Dr Avtar Singh,Production of crude cellulase and xylanase from Trichoderma harzianum PPDDN10 NFCCI-2925 and its application in photocopier waste paper recycling.,2014,https://scholar.google.com/citations?view_op=view_citation&hl=en&user=UN4_VkEAAAAJ&cstart=200&pagesize=100&sortby=pubdate&citation_for_view=UN4_VkEAAAAJ:SpbeaW3--B0C,,"PP Puneet Pathak, NK Bhardwaj, AK Singh",,
Dr Avtar Singh,"A study on factors affecting purchase decision based on 4 A's (ie awareness, affordability, adoptability and availability) in reference to FMCG companies in rural India.(A case …",2014,https://scholar.google.com/citations?view_op=view_citation&hl=en&user=UN4_VkEAAAAJ&cstart=200&pagesize=100&sortby=pubdate&citation_for_view=UN4_VkEAAAAJ:0urtJCGzaFQC,,"AK Singh, IM Dar",1,
Dr Avtar Singh,Physiological and biochemical responses of citrus rootstocks under salinity stress.,2014,https://scholar.google.com/citations?view_op=view_citation&hl=en&user=UN4_VkEAAAAJ&cstart=200&pagesize=100&sortby=pubdate&citation_for_view=UN4_VkEAAAAJ:XAEgxC7iu0MC,,"AS Anshuman Singh, JP Jai Prakash, MS Manish Srivastav, SK Singh, ...",,
Dr Avtar Singh,Effect of different osmotic pretreatments on sensory quality of osmotically dehydrated guava slices.,2014,https://scholar.google.com/citations?view_op=view_citation&hl=en&user=UN4_VkEAAAAJ&cstart=200&pagesize=100&sortby=pubdate&citation_for_view=UN4_VkEAAAAJ:a2necdfpwlEC,,"AP Anitha Pedapati, RB Tiwari, AK Singh",,
Dr Avtar Singh,Toxic effect of Euphorbia hirta plant to fingerlings of Labeo rohita (Hamilton) in different culturing conditions.,2014,https://scholar.google.com/citations?view_op=view_citation&hl=en&user=UN4_VkEAAAAJ&cstart=200&pagesize=100&sortby=pubdate&citation_for_view=UN4_VkEAAAAJ:jtOrAYjvdewC,,"SK Singh, A Johnson, A Singh",1,
Dr Avtar Singh,Enzymatic deinking of photocopier waste papers using crude cellulase and xylanase of Coprinopsis cinerea PPHRI-4 NFCCI-3027.,2014,https://scholar.google.com/citations?view_op=view_citation&hl=en&user=UN4_VkEAAAAJ&cstart=200&pagesize=100&sortby=pubdate&citation_for_view=UN4_VkEAAAAJ:rmuvC79q63oC,,"PP Puneet Pathak, NK Bhardwaj, AK Singh",,
Dr Avtar Singh,Effect of salinity stress on growth and nutrient uptake in polyembryonic mango rootstocks.,2014,https://scholar.google.com/citations?view_op=view_citation&hl=en&user=UN4_VkEAAAAJ&cstart=200&pagesize=100&sortby=pubdate&citation_for_view=UN4_VkEAAAAJ:lL5f5cZgq8MC,,"PP Pranava Pandey, AK Singh, AK Dubey, OP Awasthi",,
Dr Avtar Singh,Resource allocation in cloud computing environment using AHP technique,2014,https://scholar.google.com/citations?view_op=view_citation&hl=en&user=UN4_VkEAAAAJ&cstart=200&pagesize=100&sortby=pubdate&citation_for_view=UN4_VkEAAAAJ:u-x6o8ySG0sC,"International Journal of Cloud Applications and Computing (IJCAC) 4 (1), 33-44, 2014","A Singh, K Dutta, A Singh",10,
Dr Avtar Singh,Passive Optical Networks Beneficial to Cloud Computing,2014,https://scholar.google.com/citations?view_op=view_citation&hl=en&user=UN4_VkEAAAAJ&cstart=200&pagesize=100&sortby=pubdate&citation_for_view=UN4_VkEAAAAJ:0EnyYjriUFMC,"International Journal of Computer Applications 93 (11), 2014","A Chandle, A Singh, N Kumar, A Bala",1,
Dr Avtar Singh,A survey on load balancing algorithms for cloud computing,2014,https://scholar.google.com/citations?view_op=view_citation&hl=en&user=UN4_VkEAAAAJ&cstart=200&pagesize=100&sortby=pubdate&citation_for_view=UN4_VkEAAAAJ:3fE2CSJIrl8C,"International Journal of Computer Application 6 (4), 66-72, 2014","A Singh, K Dutta, H Gupta",3,
Dr Avtar Singh,"Tree Directory of Punjab. Punjab Agricultural University, Ludhiana and Punjab State Council for Science & Technolgy, Chandigarh, pp: 184 ISBN No",2014,https://scholar.google.com/citations?view_op=view_citation&hl=en&user=UN4_VkEAAAAJ&cstart=200&pagesize=100&sortby=pubdate&citation_for_view=UN4_VkEAAAAJ:TFP_iSt0sucC,"Designing, Layout & Photo Credits: Mr. Gurharminder Singh Front Cover Photo …, 2014","A Singh, N Jerath, SS Ladhar, G Singh, RK Luna",,
Dr Avtar Singh,"Effect of different pruning severity on growth and yield of ber (Zizyphus mauritiana Lamk), cv. Banarsi Karaka.",2014,https://scholar.google.com/citations?view_op=view_citation&hl=en&user=UN4_VkEAAAAJ&cstart=200&pagesize=100&sortby=pubdate&citation_for_view=UN4_VkEAAAAJ:aCwMkEyfDy8C,,"HK Harit Kumar, PN Katiyar, AK Singh, BV Rajkumar",,
Dr Avtar Singh,Physico-chemical and biological environment of the abandoned coal quarries for possibility of fish culture.,2014,https://scholar.google.com/citations?view_op=view_citation&hl=en&user=UN4_VkEAAAAJ&cstart=200&pagesize=100&sortby=pubdate&citation_for_view=UN4_VkEAAAAJ:hXZnTIgIr50C,,AK Singh,1,
Dr Avtar Singh,THE EMERGING ROLE OF AMP-ACTIVATED PROTEIN KINASE IN TBI AND ITS PHARMACOLOGICAL REGULATION BY S-NITROSOGLUTATHIONE,2014,https://scholar.google.com/citations?view_op=view_citation&hl=en&user=UN4_VkEAAAAJ&cstart=200&pagesize=100&sortby=pubdate&citation_for_view=UN4_VkEAAAAJ:1sJd4Hv_s6UC,"JOURNAL OF NEUROTRAUMA 31 (12), A85-A86, 2014","M Khan, TS Dhammu, A Shunmugavel, I Singh, AK Singh",,
Dr Avtar Singh,Prediction of textural attributes using color values of banana (Musa sapientum) during ripening.,2014,https://scholar.google.com/citations?view_op=view_citation&hl=en&user=UN4_VkEAAAAJ&cstart=200&pagesize=100&sortby=pubdate&citation_for_view=UN4_VkEAAAAJ:WTQy_8Ay2UsC,,"PJ Pranita Jaiswal, SN Jha, PP Kaur, RB Rishi Bhardwaj, AK Singh, ...",,
Dr Avtar Singh,SAHA DRUG AS A TREATMENT FOR METABOLIC DYSFUNCTION IN X-LINKED ADRENOLEUKODYSTROPHY: 692,2014,https://scholar.google.com/citations?view_op=view_citation&hl=en&user=UN4_VkEAAAAJ&cstart=200&pagesize=100&sortby=pubdate&citation_for_view=UN4_VkEAAAAJ:D_sINldO8mEC,"Basic & Clinical Pharmacology & Toxicology 115, 212, 2014","M Baarine, A Singh, S Pai, I Singh",,
Dr Avtar Singh,Ambiguity in crystal structure of possible magnetoelectric BiPbSr₂MnO₆,2014,https://scholar.google.com/citations?view_op=view_citation&hl=en&user=UN4_VkEAAAAJ&cstart=200&pagesize=100&sortby=pubdate&citation_for_view=UN4_VkEAAAAJ:Gs1AF5H0x94C,,"SR Mohapatra, B Sahu, AK Singh, SD Kaushik, V Siruguri",,
Dr Avtar Singh,"Labda-8(17),12,14-trien-19-oic acid contained in fruits of Cupressus sempervirens suppresses benign prostatic hyperplasia in rat and in vitro human models …",2014,https://scholar.google.com/citations?view_op=view_citation&hl=en&user=UN4_VkEAAAAJ&cstart=200&pagesize=100&sortby=pubdate&citation_for_view=UN4_VkEAAAAJ:raTqNPD5sRQC,,"VV Vikas Verma, VS Vikas Sharma, VS Vishal Singh, RK Rajeev Kumar, ...",,
Dr Avtar Singh,Performance of capsicum hybrids under naturally ventilated polyhouse in north Bihar condition.,2014,https://scholar.google.com/citations?view_op=view_citation&hl=en&user=UN4_VkEAAAAJ&cstart=200&pagesize=100&sortby=pubdate&citation_for_view=UN4_VkEAAAAJ:6MVT8mER-OMC,,"UK Udit Kumar, AK Singh, GC Girish Chandra",,
Dr Avtar Singh,DRIP IR RI GA TION SCHED UL ING IN OKRA [Abelmoschus esculentus (L.) Moench],2014,https://scholar.google.com/citations?view_op=view_citation&hl=en&user=UN4_VkEAAAAJ&cstart=200&pagesize=100&sortby=pubdate&citation_for_view=UN4_VkEAAAAJ:JhbybO29vGQC,"r R, 274, 2014","A Ab dul Haris, S Kumar, AK Singh, K Rajan",,
Dr Avtar Singh,Environmental footprint of maize-based cropping systems under different crop establishment methods in north-west India,2014,https://scholar.google.com/citations?view_op=view_citation&hl=en&user=UN4_VkEAAAAJ&cstart=200&pagesize=100&sortby=pubdate&citation_for_view=UN4_VkEAAAAJ:kk7MRXTjMocC,"Maize for Food, Feed, Nutrition and Environmental Security, 437, 2014","T Sapkota, MD Parihar, M Rai, LK Singh, AK Singh, CM Parihar, ...",,
Dr Avtar Singh,Integration of conservation agriculture with best management practices for improving system performance of the rice-wheat rotation in the Eastern Indo-Gangetic Plains of India.,2014,https://scholar.google.com/citations?view_op=view_citation&hl=en&user=UN4_VkEAAAAJ&cstart=200&pagesize=100&sortby=pubdate&citation_for_view=UN4_VkEAAAAJ:1_W9tMSvGuwC,,"RL Ranjan Laik, SS Sheetal Sharma, M Idris, AK Singh, SS Singh, ...",,
Dr Avtar Singh,"EFFECT OF HEALTH EDUCATION: PARENTAL ASSESSMENT OF (KAP) KNOWLEDGE, ATTITUDE AND PRACTICE OF PEDIATRIC ONCOLOGY PATIENT",2014,https://scholar.google.com/citations?view_op=view_citation&hl=en&user=UN4_VkEAAAAJ&cstart=200&pagesize=100&sortby=pubdate&citation_for_view=UN4_VkEAAAAJ:gPamCmV4epEC,"PEDIATRIC BLOOD & CANCER 61, S220-S220, 2014","T Thomas, A Srivastava, B Singh, A Singh, R Seth",,
Dr Avtar Singh,Oxidative Stress and Homocysteine in Non-Vitamin-Supplemented Vegetarian Pregnant and Pre-Eclamptic Women-A Pilot Study,2014,https://scholar.google.com/citations?view_op=view_citation&hl=en&user=UN4_VkEAAAAJ&cstart=200&pagesize=100&sortby=pubdate&citation_for_view=UN4_VkEAAAAJ:ns9cj8rnVeAC,"The Indian Practitioner 67 (2), 94-98, 2014","AP Patel, C Chakrabarti, A Singh, JD Patel",,
Dr Avtar Singh,‘IFRS’: A Snapshot Of The New Accounting Standard In India,2014,https://scholar.google.com/citations?view_op=view_citation&hl=en&user=UN4_VkEAAAAJ&cstart=200&pagesize=100&sortby=pubdate&citation_for_view=UN4_VkEAAAAJ:V63Ir2N1OTwC,"International Journal of Business Quantitative Economics and Applied …, 2014","AK Singh, S Diwan",1,
Dr Avtar Singh,Ambiguity in crystal structure of possible magnetoelectric BiPbSr2MnO6,2014,https://scholar.google.com/citations?view_op=view_citation&hl=en&user=UN4_VkEAAAAJ&cstart=200&pagesize=100&sortby=pubdate&citation_for_view=UN4_VkEAAAAJ:qt-6tCTBDsQC,"Proceedings of the conference on neutron scattering 2014: programme and …, 2014","SR Mohapatra, B Sahu, AK Singh, SD Kaushik, V Siruguri",,
Dr Avtar Singh,120 IDENTIFICATION OF THE RELATIVELY PREDOMINANT BUFFALO INTERFERON tau ISOFORM AND ITS EXPRESSION IN ESCHERICHIA COLI,2014,https://scholar.google.com/citations?view_op=view_citation&hl=en&user=UN4_VkEAAAAJ&cstart=200&pagesize=100&sortby=pubdate&citation_for_view=UN4_VkEAAAAJ:cG0OFEevkNgC,"Reproduction, Fertility and Development 26 (1), 174-174, 2014","S Saugandhika, HN Malik, DK Singhal, R Singhal, A Dubey, S Boateng, ...",,
Dr Avtar Singh,Role of pentagon spin frustration in magnetoelectric Bi2Fe4-xCoxO9 (0≤ x≤ 0.8),2014,https://scholar.google.com/citations?view_op=view_citation&hl=en&user=UN4_VkEAAAAJ&cstart=200&pagesize=100&sortby=pubdate&citation_for_view=UN4_VkEAAAAJ:K4-iKlO5MD4C,,"SR Mohapatra, B Sahu, AK Singh",,
Dr Avtar Singh,"Impact of tillage, water and nutrient management practices on soil organic carbon pools in a seven-year rice-wheat rotation",2014,https://scholar.google.com/citations?view_op=view_citation&hl=en&user=UN4_VkEAAAAJ&cstart=200&pagesize=100&sortby=pubdate&citation_for_view=UN4_VkEAAAAJ:tuHXwOkdijsC,"Agrochimica: International Journal of Plant Chemistry, Soil Science and …, 2014","BC Verma, SP Datta, RK Rattan, AK Singh",,
Dr Avtar Singh,Quantitative PCR in Epidemiology for Early Detection of Visceral Leishmaniasis Cases,2014,https://scholar.google.com/citations?view_op=view_citation&hl=en&user=UN4_VkEAAAAJ&cstart=200&pagesize=100&sortby=pubdate&citation_for_view=UN4_VkEAAAAJ:oynPyU19kbsC,,"M Sudarshan, T Singh, AK Singh, A Chourasia, B Singh",,
Dr Avtar Singh,Role of mass media in acceptance of gram production technology,2014,https://scholar.google.com/citations?view_op=view_citation&hl=en&user=UN4_VkEAAAAJ&cstart=200&pagesize=100&sortby=pubdate&citation_for_view=UN4_VkEAAAAJ:bCjgOgSFrM0C,"Interaction 32 (2), 67-69, 2014","N Kumar, S Prakash, AK Singh",,
Dr Avtar Singh,"Effect of Organoclay on Compatibilization, Thermal and Mechanical Properties of Polycarbonate/Polystyrene Blends",2014,https://scholar.google.com/citations?view_op=view_citation&hl=en&user=UN4_VkEAAAAJ&cstart=200&pagesize=100&sortby=pubdate&citation_for_view=UN4_VkEAAAAJ:BAanoTsO0WEC,"arXiv preprint arXiv:1404.3199, 2014","AK Singh, R Prakash",,
Dr Avtar Singh,STAT3 regulation by S‐nitrosylation: implication for inflammatory disease (555.8),2014,https://scholar.google.com/citations?view_op=view_citation&hl=en&user=UN4_VkEAAAAJ&cstart=200&pagesize=100&sortby=pubdate&citation_for_view=UN4_VkEAAAAJ:iKswqCX-FLkC,"The FASEB Journal 28, 555.8, 2014","J Won, J Kim, A Singh, A Sharma, I Singh",,
Dr Avtar Singh,S-Nitrosylation Ameliorates Neuroinflammatory Traumatic Brain Injury by Reducing Peroxynitrite Levels in a Rat Model of Controlled Cortical Impact,2014,https://scholar.google.com/citations?view_op=view_citation&hl=en&user=UN4_VkEAAAAJ&cstart=200&pagesize=100&sortby=pubdate&citation_for_view=UN4_VkEAAAAJ:jE2MZjpN3IcC,"BRAIN INJURY 28 (5-6), 604-605, 2014","M Khan, T Singh, F Matsuda, I Singh, A Singh",,
Dr Avtar Singh,Fabrication of {sup 94} Mo target,2013,https://scholar.google.com/citations?view_op=view_citation&hl=en&user=UN4_VkEAAAAJ&cstart=200&pagesize=100&sortby=pubdate&citation_for_view=UN4_VkEAAAAJ:dIILA_La5fwC,,"K Selvakumar, AK Singh, SR Abilash, D Kabiraj",,
Dr Avtar Singh,A Strategic Study on Assimilative Capacity of Damodar River Stretch Blended with Multi-Outfalls of Industrial Effluents through flow Analysis and Dispersion Modeling,2013,https://scholar.google.com/citations?view_op=view_citation&hl=en&user=UN4_VkEAAAAJ&cstart=300&pagesize=100&sortby=pubdate&citation_for_view=UN4_VkEAAAAJ:1DAnfT_YoJgC,"Allied Publishers Pvt. Ltd., 2013","M Sundararajan, RK Tiwary, AK Singh",,
Dr Avtar Singh,Assessment of genetic diversity in Indian rice germplasm (Oryza sativa L.): use of random versus trait-linked microsatellite markers.,2013,https://scholar.google.com/citations?view_op=view_citation&hl=en&user=UN4_VkEAAAAJ&cstart=300&pagesize=100&sortby=pubdate&citation_for_view=UN4_VkEAAAAJ:Lpa4s8qvUTIC,,"SY Sheel Yadav, AS Ashutosh Singh, MR Singh, NG Nitika Goel, ...",,
Dr Avtar Singh,Validation of gene based marker-QTL association for grain dimension traits in rice.,2013,https://scholar.google.com/citations?view_op=view_citation&hl=en&user=UN4_VkEAAAAJ&cstart=300&pagesize=100&sortby=pubdate&citation_for_view=UN4_VkEAAAAJ:vrnMIr82eJkC,,"DA Deepti Anand, MB Mamta Baunthiyal, AS Ashutosh Singh, ...",,
Dr Avtar Singh,An insight into the geotextile-municipal solid waste interface characteristics,2013,https://scholar.google.com/citations?view_op=view_citation&hl=en&user=UN4_VkEAAAAJ&cstart=300&pagesize=100&sortby=pubdate&citation_for_view=UN4_VkEAAAAJ:xckinRaLORAC,"Eagle Eye Publications, 2013","SK Shukla, AK Singh, JN Jha",,
Dr Avtar Singh,"Loss of diversity of some medicinal plants in Achanakmar Sanctuary, Chhattisgarh, India.",2013,https://scholar.google.com/citations?view_op=view_citation&hl=en&user=UN4_VkEAAAAJ&cstart=300&pagesize=100&sortby=pubdate&citation_for_view=UN4_VkEAAAAJ:o-PowTg_VKEC,,"SS Dhuria, AK Singh",,
Dr Avtar Singh,"A study of neurocysticercosis public health problem in the pediatrics ward of tertiary care centre in Kumaun region, India.",2013,https://scholar.google.com/citations?view_op=view_citation&hl=en&user=UN4_VkEAAAAJ&cstart=300&pagesize=100&sortby=pubdate&citation_for_view=UN4_VkEAAAAJ:In6cVmBjs0IC,,"NS Nutan Singh, AK Singh, SG Sandeep Gaur, RK Rajnish Kumar",,
Dr Avtar Singh,"Interannual litter study in teak plantation site of Raigarh Forest, Chhattisgarh, India.",2013,https://scholar.google.com/citations?view_op=view_citation&hl=en&user=UN4_VkEAAAAJ&cstart=300&pagesize=100&sortby=pubdate&citation_for_view=UN4_VkEAAAAJ:jRIwE-1ttnoC,,"GT Garima Tiwari, AK Singh",,
Dr Avtar Singh,Impact of two training packages for caregivers on quality of care of neurosurgery patients—/INS; A randomized controlled trial,2013,https://scholar.google.com/citations?view_op=view_citation&hl=en&user=UN4_VkEAAAAJ&cstart=300&pagesize=100&sortby=pubdate&citation_for_view=UN4_VkEAAAAJ:8VtEwCQfWZkC,"Journal of the Neurological Sciences 333, e576, 2013","M Kalyanasundaram, S Kaur, MK Tewari, A Singh",,
Dr Avtar Singh,Screening of papaya genotypes against the viral diseases.,2013,https://scholar.google.com/citations?view_op=view_citation&hl=en&user=UN4_VkEAAAAJ&cstart=300&pagesize=100&sortby=pubdate&citation_for_view=UN4_VkEAAAAJ:QndmRo8phpgC,,"JP Jai Prakash, AK Singh",,
Dr Avtar Singh,Application of salt bath for beta heat treatment of uranium rods for Dhruva fuel fabrication,2013,https://scholar.google.com/citations?view_op=view_citation&hl=en&user=UN4_VkEAAAAJ&cstart=300&pagesize=100&sortby=pubdate&citation_for_view=UN4_VkEAAAAJ:PuOEWVtPfzwC,,"MM Hussain, AK Singh, RM Maladkar, K Saha, PT Pophalkar, KK Abdulla",,
Dr Avtar Singh,S-Nitrosoglutathione stimulates mediators of neurorepair following cerebral ischemia reperfusion injury in rats,2013,https://scholar.google.com/citations?view_op=view_citation&hl=en&user=UN4_VkEAAAAJ&cstart=300&pagesize=100&sortby=pubdate&citation_for_view=UN4_VkEAAAAJ:XiVPGOgt02cC,"JOURNAL OF NEUROCHEMISTRY 125, 216-216, 2013","M Khan, TS Dhammu, A Shunmugavel, M Paintlia, AK Singh, I Singh",,
Dr Avtar Singh,Rho family GTPase inhibition protects immature oligodendrocytes against cytokine toxicity via PPAR-alfa dependent mechanism,2013,https://scholar.google.com/citations?view_op=view_citation&hl=en&user=UN4_VkEAAAAJ&cstart=300&pagesize=100&sortby=pubdate&citation_for_view=UN4_VkEAAAAJ:Mojj43d5GZwC,"JOURNAL OF NEUROCHEMISTRY 125, 206-206, 2013","AS Paintlia, MK Paintlia, AK Singh, I Singh",,
Dr Avtar Singh,"Anti-diabetic drug, metformin protects oligodendrocytes under CNS pathological conditions: implication for multiple sclerosis (P5205)",2013,https://scholar.google.com/citations?view_op=view_citation&hl=en&user=UN4_VkEAAAAJ&cstart=300&pagesize=100&sortby=pubdate&citation_for_view=UN4_VkEAAAAJ:I-2NeQpV75MC,"The Journal of Immunology 190 (Supplement_1), 68.30-68.30, 2013","A Paintlia, M Paintlia, S Mohan, A Singh, I Singh",1,
Dr Avtar Singh,Analysis of Correlation and Path Coefficients among Yield and Biochemical Traits under Irrigated and Reproductive Stage Drought Stress in Oryza sativa L.,2013,https://scholar.google.com/citations?view_op=view_citation&hl=en&user=UN4_VkEAAAAJ&cstart=300&pagesize=100&sortby=pubdate&citation_for_view=UN4_VkEAAAAJ:NXb4pA-qfm4C,"VEGETOS 26 (1), 50-57, 2013","AK Singh, AK Singh, AK Mall, PK Singh",,
Dr Avtar Singh,A genetic algorithm based task scheduling for cloud computing with fuzzy logic,2013,https://scholar.google.com/citations?view_op=view_citation&hl=en&user=UN4_VkEAAAAJ&cstart=300&pagesize=100&sortby=pubdate&citation_for_view=UN4_VkEAAAAJ:2osOgNQ5qMEC,"Ieie Transactions on Smart Processing & Computing 2 (6), 367-372, 2013","A Singh, K Dutta",8,
Dr Avtar Singh,Fabrication of 94Mo target,2013,https://scholar.google.com/citations?view_op=view_citation&hl=en&user=UN4_VkEAAAAJ&cstart=300&pagesize=100&sortby=pubdate&citation_for_view=UN4_VkEAAAAJ:hZ5_QnqxF7AC,"DAE-BRNS symposium on nuclear physics. V. 58, 292-293, 2013","K Selvakumar, AK Singh, SR Abilash, D Kabiraj",,
Dr Avtar Singh,Frequency upconversion in Er {sup 3+} doped Y {sub 2} O {sub 3} nanophosphor: Yb {sup 3+} sensitization and tailoring effect of Li {sup+} ion,2013,https://scholar.google.com/citations?view_op=view_citation&hl=en&user=UN4_VkEAAAAJ&cstart=300&pagesize=100&sortby=pubdate&citation_for_view=UN4_VkEAAAAJ:0Kh4an1R61UC,"Materials Research Bulletin 48 (10), 2013","K Mishra, AK Singh",,
Dr Avtar Singh,Identification of Indian rice germplasm lines with bacterial leaf blight (BLB) resistance genes.,2013,https://scholar.google.com/citations?view_op=view_citation&hl=en&user=UN4_VkEAAAAJ&cstart=300&pagesize=100&sortby=pubdate&citation_for_view=UN4_VkEAAAAJ:EmjvLWWcsQIC,,"SY Sheel Yadav, AS Ashutosh Singh, NG Nitika Goel, AK Singh",,
Dr Avtar Singh,Study on delay period of Non Electric Firing and Long Delay Detonators (Case Study),2012,https://scholar.google.com/citations?view_op=view_citation&hl=en&user=UN4_VkEAAAAJ&cstart=300&pagesize=100&sortby=pubdate&citation_for_view=UN4_VkEAAAAJ:_IsBomjs8bsC,"Indian Mining & Engineering Journal 51 (7), 6-10, 2012","BMP Pingua, AK Singh, M Nabiullah, A Sinha",,
Dr Avtar Singh,Insights into the lifecycle of earthworms,2012,https://scholar.google.com/citations?view_op=view_citation&hl=en&user=UN4_VkEAAAAJ&cstart=300&pagesize=100&sortby=pubdate&citation_for_view=UN4_VkEAAAAJ:Zbx7W2Xs4QsC,"Journal of Soil Biology, 5, 2012","MK Jones, F Henman, A Singh, H Nguyen",,
Dr Avtar Singh,Radio is the best for tharu farmers in Uttar Pradesh,2012,https://scholar.google.com/citations?view_op=view_citation&hl=en&user=UN4_VkEAAAAJ&cstart=300&pagesize=100&sortby=pubdate&citation_for_view=UN4_VkEAAAAJ:ifOnle78iJkC,"Interaction 30 (2), 48-49, 2012","S Kumar, RC Sharma, PN Tripathi, AK Singh",,
Dr Avtar Singh,"4 Efficacy of bio-fertilizers on growth, flowering, fruiting, yield and physico-chemical characteristics of Guava (Psidumguajava L.)",2012,https://scholar.google.com/citations?view_op=view_citation&hl=en&user=UN4_VkEAAAAJ&cstart=300&pagesize=100&sortby=pubdate&citation_for_view=UN4_VkEAAAAJ:w0F2JDEymm0C,"Indian Journal of Agricultural Chemistry 45 (1), 47, 2012","D Maurya, RB Ram, AK Singh",,
Dr Avtar Singh,Will Gas Hydrate Lying on Oceanic Floors in India Solve its Energy Problem? A Futuristic Approach (SPE 152471),2012,https://scholar.google.com/citations?view_op=view_citation&hl=en&user=UN4_VkEAAAAJ&cstart=300&pagesize=100&sortby=pubdate&citation_for_view=UN4_VkEAAAAJ:DGpvO1n63MYC,"74th EAGE Conference and Exhibition incorporating EUROPEC 2012, cp-293-00185, 2012","A Jha, S Alimuddin, S Kundu, A Singh",,
Dr Avtar Singh,Comparative efficacy of'indigenous vaccine'against'caprine Johne's disease'Vis a Vis'a commercial vaccine'in a challenge model.,2012,https://scholar.google.com/citations?view_op=view_citation&hl=en&user=UN4_VkEAAAAJ&cstart=300&pagesize=100&sortby=pubdate&citation_for_view=UN4_VkEAAAAJ:eJD0kABLposC,,"AK Singh, SV Singh, PK Singh, AK Srivastava",,
Dr Avtar Singh,European Journal of Plant Science and Biotechnology,2012,https://scholar.google.com/citations?view_op=view_citation&hl=en&user=UN4_VkEAAAAJ&cstart=300&pagesize=100&sortby=pubdate&citation_for_view=UN4_VkEAAAAJ:AeM5kdmBKVwC,,"KN Rai, M Blummel, AK Singh, AS Rao",,
Dr Avtar Singh,Enhanced resistance to fungal pathogens in plants through selective utilization of useful fungal genes,2012,https://scholar.google.com/citations?view_op=view_citation&hl=en&user=UN4_VkEAAAAJ&cstart=300&pagesize=100&sortby=pubdate&citation_for_view=UN4_VkEAAAAJ:wyCGhLAOp5UC,"Biotechnology of Fungal Genes, 93-111, 2012","BK Sarma, A Singh, HB Singh, RS Upadhyay",1,
Dr Avtar Singh,Analysis of molecular diversity and fingerprinting of commercially grown Indian rice hybrids.,2012,https://scholar.google.com/citations?view_op=view_citation&hl=en&user=UN4_VkEAAAAJ&cstart=300&pagesize=100&sortby=pubdate&citation_for_view=UN4_VkEAAAAJ:TY5xIG7f_2sC,,"DA Deepti Anand, KV Prabhu, AK Singh",,
Dr Avtar Singh,Plant parasitic nematodes of soybean-a record from Nagaland.,2012,https://scholar.google.com/citations?view_op=view_citation&hl=en&user=UN4_VkEAAAAJ&cstart=300&pagesize=100&sortby=pubdate&citation_for_view=UN4_VkEAAAAJ:rp474-M6Y4oC,,"SK Sunil Kumar, VK Singh, N Tiameren, AK Singh",,
Dr Avtar Singh,Endogenous S-Nitrosothiol Induced hypertrophic Astrogliosis has potential to maintain CNS homeostasis under pathological Conditions (72.8),2012,https://scholar.google.com/citations?view_op=view_citation&hl=en&user=UN4_VkEAAAAJ&cstart=300&pagesize=100&sortby=pubdate&citation_for_view=UN4_VkEAAAAJ:37Fl7vPTsUIC,"The Journal of Immunology 188 (1_Supplement), 72.8-72.8, 2012","M Paintlia, A Paintlia, A Singh, I Singh",,
Dr Avtar Singh,Eco-friendly management of Scirpophaga incertulas.,2012,https://scholar.google.com/citations?view_op=view_citation&hl=en&user=UN4_VkEAAAAJ&cstart=300&pagesize=100&sortby=pubdate&citation_for_view=UN4_VkEAAAAJ:O0MA3yP7Y3UC,,"AK Amit Kumar, MN Lal, AK Singh, CS Prasad",,
Dr Avtar Singh,Dayside Pc5 ULF Activities at High Latitudes (L≈ 14 RE): Their Relation With Interplanetary Conditions and Substorms,2012,https://scholar.google.com/citations?view_op=view_citation&hl=en&user=UN4_VkEAAAAJ&cstart=300&pagesize=100&sortby=pubdate&citation_for_view=UN4_VkEAAAAJ:4n0clTBhZ78C,"AGU Fall Meeting Abstracts 2012, SM11B-2299, 2012","AK Singh, AK Sinha, BM Pathan, A Dhar",,
Dr Avtar Singh,Response of nightside magnetospheric magnetic field to solar wind pressure pulses,2012,https://scholar.google.com/citations?view_op=view_citation&hl=en&user=UN4_VkEAAAAJ&cstart=300&pagesize=100&sortby=pubdate&citation_for_view=UN4_VkEAAAAJ:cNe27ouKFcQC,"AGU Fall Meeting Abstracts 2012, SM11D-2328, 2012","R Rawat, AK Singh, BM Pathan",,
Dr Avtar Singh,Adaptations of culturally and nutritionally important traditional foods in Eastern Himalaya: a case study with Adi women of Arunachal Pradesh.,2012,https://scholar.google.com/citations?view_op=view_citation&hl=en&user=UN4_VkEAAAAJ&cstart=300&pagesize=100&sortby=pubdate&citation_for_view=UN4_VkEAAAAJ:VLnqNzywnoUC,,"AS Anamika Singh, RK Singh, RB Rakesh Bhardwaj, AK Singh",,
Dr Avtar Singh,Development and fabrication of seamless Aluminium finned clad tubes for metallic uranium fuel rods for research reactor,2012,https://scholar.google.com/citations?view_op=view_citation&hl=en&user=UN4_VkEAAAAJ&cstart=300&pagesize=100&sortby=pubdate&citation_for_view=UN4_VkEAAAAJ:lbI08cpqPnQC,,"AK Singh, MM Hussain, NK Jayachandran, KK Abdulla",,
Dr Avtar Singh,Triple test-cross analysis for seed yield and its component characters in yellow sarson (Brassica campestris var. yellow sarson).,2011,https://scholar.google.com/citations?view_op=view_citation&hl=en&user=UN4_VkEAAAAJ&cstart=300&pagesize=100&sortby=pubdate&citation_for_view=UN4_VkEAAAAJ:rpSJNIKeXWsC,,"AK Tiwari, AK Singh",,
Dr Avtar Singh,"Combining ability and heterosis for seed yield, yield components and oil content in yellow Sarson (Brassica campestris var. yellow sarson).",2011,https://scholar.google.com/citations?view_op=view_citation&hl=en&user=UN4_VkEAAAAJ&cstart=300&pagesize=100&sortby=pubdate&citation_for_view=UN4_VkEAAAAJ:HKviVsUxM5wC,,"AK Tiwari, AK Singh",,
Dr Avtar Singh,"Bioefficacy of plant extracts, neem-based biopesticides and insect growth regulators for management of onion thrips.",2011,https://scholar.google.com/citations?view_op=view_citation&hl=en&user=UN4_VkEAAAAJ&cstart=300&pagesize=100&sortby=pubdate&citation_for_view=UN4_VkEAAAAJ:UmS_249rOGwC,,"SP Sujay Pandey, RK Mishra, AK Singh, DK Srivastava",,
Dr Avtar Singh,"Shape Transition From Prolate to Oblate In Exotic Cs And La Isotopes Near Proton drip Line J. Ray1, U. Datta Pramanik1, S. Ganguly2, RK Bhowmik3, S. Chakraborty1, A …",2011,https://scholar.google.com/citations?view_op=view_citation&hl=en&user=UN4_VkEAAAAJ&cstart=300&pagesize=100&sortby=pubdate&citation_for_view=UN4_VkEAAAAJ:9NZAP19TdFAC,"Proceedings of the DAE Symp. on Nucl. Phys 56, 230, 2011","I Selvakumar, P Singh, AK Singh, RP Singh",,
Dr Avtar Singh,"Effect ofdry spell on growth, development and yield ofrice (Oryza sativa)",2011,https://scholar.google.com/citations?view_op=view_citation&hl=en&user=UN4_VkEAAAAJ&cstart=300&pagesize=100&sortby=pubdate&citation_for_view=UN4_VkEAAAAJ:3_LpOwP6eMYC,"The Indian Journal of Agricultural Sciences 76 (1), 2011","A KUMAR, P TRIPATHI, AK SINGH",,
Dr Avtar Singh,Role of ULF Wave Index in Magnetospheric Dynamics and Space Weather Predictions,2011,https://scholar.google.com/citations?view_op=view_citation&hl=en&user=UN4_VkEAAAAJ&cstart=300&pagesize=100&sortby=pubdate&citation_for_view=UN4_VkEAAAAJ:S2WlVNSe3u4C,"Advances in Geosciences: Volume 27: Solar Terrestrial (ST), 41-47, 2011",AK Singh,,
Dr Avtar Singh,Status of Makhana (Euryale ferox Salisb.),2011,https://scholar.google.com/citations?view_op=view_citation&hl=en&user=UN4_VkEAAAAJ&cstart=300&pagesize=100&sortby=pubdate&citation_for_view=UN4_VkEAAAAJ:ibZ2AwG9z6wC,,"VK Gupta, BK Jha, IS Singh, AK Singh",,
Dr Avtar Singh,Differentiation of Germ Cells from Stem Cells-A Review,2011,https://scholar.google.com/citations?view_op=view_citation&hl=en&user=UN4_VkEAAAAJ&cstart=300&pagesize=100&sortby=pubdate&citation_for_view=UN4_VkEAAAAJ:Ltc9rfRcsxEC,"Agricultural Reviews 32 (4), 309-314, 2011","HN Malik, AK Singh, SK Das, D Kumar, MK Jena, SK Mohapatra, ...",,
Dr Avtar Singh,"Deviation on seed germination, growth and biomass performance of Jatropha curcas L. as predisposed by plantation period and water intensity.",2011,https://scholar.google.com/citations?view_op=view_citation&hl=en&user=UN4_VkEAAAAJ&cstart=300&pagesize=100&sortby=pubdate&citation_for_view=UN4_VkEAAAAJ:FQ36aI_S1AEC,,"AS Akhilesh Sarraf, KS Kundan Singh, AK Singh, SD Subhash Dubey",,
Dr Avtar Singh,Effect of different herbicides on weeds and lac yield in bhalia plantation,2011,https://scholar.google.com/citations?view_op=view_citation&hl=en&user=UN4_VkEAAAAJ&cstart=300&pagesize=100&sortby=pubdate&citation_for_view=UN4_VkEAAAAJ:LlXTz_FrCmAC,"Indian Society of Weed Science 43 (3and4), 149-152, 2011","BP Singh, S Ghosal, AK Singh",,
Dr Avtar Singh,Impact of Training Programs on Knowledge and Attitude of Trainees in Ranchi District,2011,https://scholar.google.com/citations?view_op=view_citation&hl=en&user=UN4_VkEAAAAJ&cstart=300&pagesize=100&sortby=pubdate&citation_for_view=UN4_VkEAAAAJ:2tRrZ1ZAMYUC,"Environment and Ecology 29 (1), 50-52, 2011","A Chandra, AK Singh, R Kumar, A Senoupta",,
Dr Avtar Singh,Molecular Profile of Esophageal Cancer in High-risk Region of India,2011,https://scholar.google.com/citations?view_op=view_citation&hl=en&user=UN4_VkEAAAAJ&cstart=300&pagesize=100&sortby=pubdate&citation_for_view=UN4_VkEAAAAJ:TuM7UPshZo8C,"JOURNAL OF CLINICAL GASTROENTEROLOGY 45 (2), 183-183, 2011","I Chattopadhyay, A Singh, S Kapur, S Saxena",,
Dr Avtar Singh,Appeal Civil 920 of 1994,2011,https://scholar.google.com/citations?view_op=view_citation&hl=en&user=UN4_VkEAAAAJ&cstart=300&pagesize=100&sortby=pubdate&citation_for_view=UN4_VkEAAAAJ:VOx2b1Wkg3QC,,"AKR SINGH, GC NATH",,
Dr Avtar Singh,Interleukin-17 exacerbates tumor necrosis Factor-α induced apoptotic cell death of oligodendrocytes (148.8),2011,https://scholar.google.com/citations?view_op=view_citation&hl=en&user=UN4_VkEAAAAJ&cstart=300&pagesize=100&sortby=pubdate&citation_for_view=UN4_VkEAAAAJ:jKT558fuBk8C,"The Journal of Immunology 186 (1_Supplement), 148.8-148.8, 2011","M Paintlia, A Paintlia, A Singh, I Singh",,
Dr Avtar Singh,Optimization of chemical and enzymatic deinking of photocopier waste paper.,2011,https://scholar.google.com/citations?view_op=view_citation&hl=en&user=UN4_VkEAAAAJ&cstart=300&pagesize=100&sortby=pubdate&citation_for_view=UN4_VkEAAAAJ:ClCfbGk0d_YC,,"PP Puneet Pathak, NK Bhardwaj, AK Singh",,
Dr Avtar Singh,Lovastatin exhibits synergy with Vitamin D hormone to confer protection from experimental autoimmune encephalomylitis (148.5),2011,https://scholar.google.com/citations?view_op=view_citation&hl=en&user=UN4_VkEAAAAJ&cstart=300&pagesize=100&sortby=pubdate&citation_for_view=UN4_VkEAAAAJ:oFn-K-OQSCAC,"The Journal of Immunology 186 (1_Supplement), 148.5-148.5, 2011","A Paintlia, M Paintlia, A Singh, I Singh",,
Dr Avtar Singh,Larval biology and seed production of Ganga River prawn Macrobrachium gangeticum (Bate),2011,https://scholar.google.com/citations?view_op=view_citation&hl=en&user=UN4_VkEAAAAJ&cstart=300&pagesize=100&sortby=pubdate&citation_for_view=UN4_VkEAAAAJ:zzCxg_vo7cAC,"Asian Fish. Sci 24, 140-154, 2011","AK Singh, RK Tiwari, P Mishra, DR Kanaujia",1,
Dr Avtar Singh,Fabrication and properties of europium and ytterbium Eu 3+/Yb3+ doped polymethylmethacrylate film,2011,https://scholar.google.com/citations?view_op=view_citation&hl=en&user=UN4_VkEAAAAJ&cstart=300&pagesize=100&sortby=pubdate&citation_for_view=UN4_VkEAAAAJ:3A3nxV7CjKIC,"Journal of Optoelectronics and Advanced Materials 13 (June 2011), 672-674, 2011","AK Singh, NK Chaudhary, K Singh",,
Dr Avtar Singh,"EVALUATION OF BOD AND COD IN INFLUENT AND EFFLUENT WATER WITH REFERENCE TO BADWAI STP, BHOPAL, M. P.(INDIA)",2011,https://scholar.google.com/citations?view_op=view_citation&hl=en&user=UN4_VkEAAAAJ&cstart=300&pagesize=100&sortby=pubdate&citation_for_view=UN4_VkEAAAAJ:5MTHONV0fEkC,"International Journal of Chemical Sciences 9 (4), 1859-1865, 2011","RK Kushwah, A Bajpai, S Malik, A Singh",,
Dr Avtar Singh,"Assessment of nutrient availability in multi-purpose tree species in red lateritic soil of Chhattisgarh plains, India.",2010,https://scholar.google.com/citations?view_op=view_citation&hl=en&user=UN4_VkEAAAAJ&cstart=300&pagesize=100&sortby=pubdate&citation_for_view=UN4_VkEAAAAJ:jODAHDUrbwUC,,"RU Rajiv Umrao, AB Arvind Bijalwan, AK Singh, HB Paliwal",,
Dr Avtar Singh,"Hydrogeochemistry of groundwater and anthropogenic control over dolomitization reactions in alluvial sediments of the Deoria district: Ganga plain, India.",2010,https://scholar.google.com/citations?view_op=view_citation&hl=en&user=UN4_VkEAAAAJ&cstart=300&pagesize=100&sortby=pubdate&citation_for_view=UN4_VkEAAAAJ:jvrRlaHg2sAC,,"VB Vikram Bhardwaj, DS Singh, AK Singh",,
Dr Avtar Singh,"Assessment of nutrient availability in multi-purpose tree species in red lateritic soil of Chhattisgarh plains, India",2010,https://scholar.google.com/citations?view_op=view_citation&hl=en&user=UN4_VkEAAAAJ&cstart=300&pagesize=100&sortby=pubdate&citation_for_view=UN4_VkEAAAAJ:cAWJABFkdiUC,"Current Advances in Agricultural Sciences (An International Journal) 2 (1 …, 2010","R Umrao, A Bijalwan, AK Singh, HB Paliwal",,
Dr Avtar Singh,Anticonvulsant activity of ethanolic extract of Solanum melongena Linn. roots.,2010,https://scholar.google.com/citations?view_op=view_citation&hl=en&user=UN4_VkEAAAAJ&cstart=300&pagesize=100&sortby=pubdate&citation_for_view=UN4_VkEAAAAJ:pbQCAAeKvsAC,,"SK Sunil Kumar, RK Singh, AK Singh, MK Gupta",,
Dr Avtar Singh,"Water quality of the Chhoti Gandak River using principal component analysis, Ganga Plain, India.",2010,https://scholar.google.com/citations?view_op=view_citation&hl=en&user=UN4_VkEAAAAJ&cstart=300&pagesize=100&sortby=pubdate&citation_for_view=UN4_VkEAAAAJ:pUxgyZctzPYC,,"VB Vikram Bhardwaj, DS Singh, AK Singh",,
Dr Avtar Singh,Engineering and manufacture of oblong-shaped metallic melters for enhancing vitrification throughputs,2010,https://scholar.google.com/citations?view_op=view_citation&hl=en&user=UN4_VkEAAAAJ&cstart=300&pagesize=100&sortby=pubdate&citation_for_view=UN4_VkEAAAAJ:KI9T_ytC6pkC,,"RK Gupta, AK Singh, SB Patil, J Jha, KK Haldar, SD Misra",,
Dr Avtar Singh,1. University Education: A need to reflect MS Kurhade 01 1. Educational marketing: A survival strategy of the universities in the Regime of ‘GATS’,2010,https://scholar.google.com/citations?view_op=view_citation&hl=en&user=UN4_VkEAAAAJ&cstart=300&pagesize=100&sortby=pubdate&citation_for_view=UN4_VkEAAAAJ:O3NaXMp0MMsC,"UNIVERSITY NEWS 48 (14), 2010","A Bhowmik, A Singh, R Desai, E Sreekala",,
Dr Avtar Singh,Inheritance and mapping of transgene in a transgenic â€˜ Golden Riceâ€™ line of japonica rice (Oryza sativa) variety â€˜ Taipei 309â€™,2010,https://scholar.google.com/citations?view_op=view_citation&hl=en&user=UN4_VkEAAAAJ&cstart=300&pagesize=100&sortby=pubdate&citation_for_view=UN4_VkEAAAAJ:ocbgtyEEUOwC,"The Indian Journal of Agricultural Sciences 80 (11), 2010","NK Tyagi, B Ramesh, T Mohapatra, KV Prabhu, AK Singh",,
Dr Avtar Singh,Effect of Dy doping in frustrated multiferroic h-YMnO {sub 3},2010,https://scholar.google.com/citations?view_op=view_citation&hl=en&user=UN4_VkEAAAAJ&cstart=300&pagesize=100&sortby=pubdate&citation_for_view=UN4_VkEAAAAJ:PPrs6GlykQcC,,"SD Kaushik, V Siruguri, AK Singh, S Patnaik",,
Dr Avtar Singh,Doping effects towards tuning magneto-elasticity in YMnO {sub 3},2010,https://scholar.google.com/citations?view_op=view_citation&hl=en&user=UN4_VkEAAAAJ&cstart=300&pagesize=100&sortby=pubdate&citation_for_view=UN4_VkEAAAAJ:2u1QkWOsl3MC,,"AK Singh, S Patnaik, SD Kaushik, V Siruguri",,
Dr Avtar Singh,Drifting ELF/VLF Emissions Observed at Low Latitude Ground Station During Geomagnetic Storm,2010,https://scholar.google.com/citations?view_op=view_citation&hl=en&user=UN4_VkEAAAAJ&cstart=300&pagesize=100&sortby=pubdate&citation_for_view=UN4_VkEAAAAJ:pRWBApOjXDcC,"Earth, Moon, and Planets 106 (2), 119-132, 2010","AK Singh, S Singh, RP Singh",,
Dr Avtar Singh,Adopting plasma pyrolysis for management of low-level solid radioactive waste in India,2010,https://scholar.google.com/citations?view_op=view_citation&hl=en&user=UN4_VkEAAAAJ&cstart=300&pagesize=100&sortby=pubdate&citation_for_view=UN4_VkEAAAAJ:idthP5jqfYAC,,"RK Gupta, AK Singh, RG Yeotikar, SP Patil, J Jha, SK Mishra, KG Gandhi, ...",,
Dr Avtar Singh,"Environmental repercussions of cane-sugar industries on the Chhoti Gandak river basin, Ganga Plain, India.",2010,https://scholar.google.com/citations?view_op=view_citation&hl=en&user=UN4_VkEAAAAJ&cstart=300&pagesize=100&sortby=pubdate&citation_for_view=UN4_VkEAAAAJ:1EqfMoDn7-AC,,"VB Vikram Bhardwaj, DS Singh, AK Singh",,
Dr Avtar Singh,"Effect of INM on yield, quality and uptake of N, P and K by ginger.",2010,https://scholar.google.com/citations?view_op=view_citation&hl=en&user=UN4_VkEAAAAJ&cstart=300&pagesize=100&sortby=pubdate&citation_for_view=UN4_VkEAAAAJ:9CGX2owmTHMC,,"LY Libeni Yanthan, AK Singh, VB Singh",,
Dr Avtar Singh,A Study of Effect of Progesterone on Epididymis in Albino Rats,2010,https://scholar.google.com/citations?view_op=view_citation&hl=en&user=UN4_VkEAAAAJ&cstart=300&pagesize=100&sortby=pubdate&citation_for_view=UN4_VkEAAAAJ:QYdC8u9Cj1oC,"Journal of Anatomical Society of India 59 (2), 197-200, 2010","AK Singh, SN Pandey, SHH Zaidi, V Kumar",,
Dr Avtar Singh,Mathematical modelling of convection and macrosegregation during casting of metallic alloys,2010,https://scholar.google.com/citations?view_op=view_citation&hl=en&user=UN4_VkEAAAAJ&cstart=300&pagesize=100&sortby=pubdate&citation_for_view=UN4_VkEAAAAJ:WM2K3OHRCGMC,"International Journal of Engineering Systems Modelling and Simulation 2 (4 …, 2010","AK Singh, B Basu, A Ghosh",1,
Dr Avtar Singh,Energy use pattern in production agriculture of arid western Rajasthan,2010,https://scholar.google.com/citations?view_op=view_citation&hl=en&user=UN4_VkEAAAAJ&cstart=300&pagesize=100&sortby=pubdate&citation_for_view=UN4_VkEAAAAJ:cx97FdCJQX8C,"Ann of Arid Zone 49, 53-63, 2010","H Singh, HL Kushwaha, AK Singh, A Singh",1,
Dr Avtar Singh,Occurrence of preharvest seedborne fungi of crops and their cellulolytic and pectolytic enzyme activity.,2009,https://scholar.google.com/citations?view_op=view_citation&hl=en&user=UN4_VkEAAAAJ&cstart=300&pagesize=100&sortby=pubdate&citation_for_view=UN4_VkEAAAAJ:2_BaaiyHPJIC,,"SK Ranjan, SP Singh, IK Indu Kumari, AK Singh, BS Balram Singh, ...",,
Dr Avtar Singh,Effect of invigoration treatment to the deteriorating mustard seed due to Aspergillus flavus on the growth and biochemical constituents of the seedlings.,2009,https://scholar.google.com/citations?view_op=view_citation&hl=en&user=UN4_VkEAAAAJ&cstart=300&pagesize=100&sortby=pubdate&citation_for_view=UN4_VkEAAAAJ:43B52WW2E64C,,"SP Singh, SK Seema Kumari, IK Indu Kumari, PR Singh, AK Singh, ...",,
Dr Avtar Singh,Multiple disease and cereal cyst nematode resistance in barley,2009,https://scholar.google.com/citations?view_op=view_citation&hl=en&user=UN4_VkEAAAAJ&cstart=300&pagesize=100&sortby=pubdate&citation_for_view=UN4_VkEAAAAJ:unp9ATQDT5gC,"Plant Disease Research 24 (1), 94-95, 2009","DP Singh, J Shoran, RPS Verma, D Singh, SS Karwasra, M Meeta, ...",,
Dr Avtar Singh,Stress field of blister forming in a metallic fuel and its interaction with clad,2009,https://scholar.google.com/citations?view_op=view_citation&hl=en&user=UN4_VkEAAAAJ&cstart=300&pagesize=100&sortby=pubdate&citation_for_view=UN4_VkEAAAAJ:Ej9njvOgR2oC,"Characterization and Quality Control of Nuclear Fuels'(CQCNF), Hyderabad …, 2009","AK SINGH, MM HUSSAIN, RN SINGH, JK Chakravartty, BK SHAH, ...",,
Dr Avtar Singh,Origin of multiferroicity in hexagonal Y1-xDyxMnO3,2009,https://scholar.google.com/citations?view_op=view_citation&hl=en&user=UN4_VkEAAAAJ&cstart=300&pagesize=100&sortby=pubdate&citation_for_view=UN4_VkEAAAAJ:mu2_AnMl8iYC,"APS March Meeting Abstracts, K1. 058, 2009","AK Singh, SD Kaushik, V Siruguri, S Patnaik",,
Dr Avtar Singh,Techno–Economic Viability of the Hybrid Solar (PV)-AC Utility Interfaced Power System for Rural India,2009,https://scholar.google.com/citations?view_op=view_citation&hl=en&user=UN4_VkEAAAAJ&cstart=300&pagesize=100&sortby=pubdate&citation_for_view=UN4_VkEAAAAJ:GtqhT-R7ZnwC,"Power Research-A Journal of CPRI, 1-7, 2009","SN Singh, AK Singh",,
Dr Avtar Singh,Physiological marker traits associated with submergence tolerance of lowland rice (Oryza Sativa),2009,https://scholar.google.com/citations?view_op=view_citation&hl=en&user=UN4_VkEAAAAJ&cstart=300&pagesize=100&sortby=pubdate&citation_for_view=UN4_VkEAAAAJ:lPDSu1ZU3VAC,"The Indian Journal of Agricultural Sciences 79 (9), 2009","AK Singh, S Singh, A Singh, SK Pradhan, JP Tyagi, A Singh",,
Dr Avtar Singh,On the origin of magneto-electric coupling in hexagonal YMnO {sub 3},2009,https://scholar.google.com/citations?view_op=view_citation&hl=en&user=UN4_VkEAAAAJ&cstart=300&pagesize=100&sortby=pubdate&citation_for_view=UN4_VkEAAAAJ:2TuIPqOg0e0C,,"AK Singh, S Patnaik, SD Kaushik, V Siruguri",,
Dr Avtar Singh,Influence of geomagnetic substorm on cosmic noise absorption and atmospheric electricity at a sub-auroral location,2009,https://scholar.google.com/citations?view_op=view_citation&hl=en&user=UN4_VkEAAAAJ&cstart=300&pagesize=100&sortby=pubdate&citation_for_view=UN4_VkEAAAAJ:SpPTWFSNUtQC,,"AK Singh, BM Pathan, AK Sinha",,
Dr Avtar Singh,Spatial and temporal structures in Pi3 pulsations using singular spectrum analysis. A case study,2009,https://scholar.google.com/citations?view_op=view_citation&hl=en&user=UN4_VkEAAAAJ&cstart=300&pagesize=100&sortby=pubdate&citation_for_view=UN4_VkEAAAAJ:hHIA4WEVY-EC,,"AK Singh, AK Sinha, BM Pathan",,
Dr Avtar Singh,"Track 1-fuel fabrication: design, manufacture and automation stress field of blister forming in a metallic fuel and its interaction with clad",2009,https://scholar.google.com/citations?view_op=view_citation&hl=en&user=UN4_VkEAAAAJ&cstart=300&pagesize=100&sortby=pubdate&citation_for_view=UN4_VkEAAAAJ:xyvS_IvSCKsC,,"AK Singh, MM Hussain, RP Singh, RN Singh, JK Chakravartty, BK Shah, ...",,
Dr Avtar Singh,Fishery of freshwater prawn in middle stretch of river Ganga near Varanasi.,2009,https://scholar.google.com/citations?view_op=view_citation&hl=en&user=UN4_VkEAAAAJ&cstart=300&pagesize=100&sortby=pubdate&citation_for_view=UN4_VkEAAAAJ:gmHTDCtJMcoC,,"AK Singh, RK Tiwari, DR Kanaujia, P Mishra",,
Dr Avtar Singh,Effect of heat treatment on the refractive index of polymethylmethacrylate films,2009,https://scholar.google.com/citations?view_op=view_citation&hl=en&user=UN4_VkEAAAAJ&cstart=300&pagesize=100&sortby=pubdate&citation_for_view=UN4_VkEAAAAJ:rbGdIwl2e6cC,"Optoelectronics and Advanced Materials-Rapid Communications 3 (October 2009 …, 2009","AK Singh, NK Chaudhary, K Singh",,
Dr Avtar Singh,Microstructural studies of low temperature superconductor wire at different stages of fabrication,2009,https://scholar.google.com/citations?view_op=view_citation&hl=en&user=UN4_VkEAAAAJ&cstart=300&pagesize=100&sortby=pubdate&citation_for_view=UN4_VkEAAAAJ:wvYxNZNCP7wC,"Proceedings of the two day seminar on microtexture and microstructure …, 2009","AK Singh, MM Hussain, RP Singh",,
Dr Avtar Singh,Assessment of potential of short duration pulses for diversification of rice-wheat system in central plain zone of Uttar Pradesh,2009,https://scholar.google.com/citations?view_op=view_citation&hl=en&user=UN4_VkEAAAAJ&cstart=300&pagesize=100&sortby=pubdate&citation_for_view=UN4_VkEAAAAJ:kzcrU_BdoSEC,"Journal of Food Legumes 22 (3), 205-208, 2009","RP Chaudhary, AK Singh, DK Srivastav, IP Singh, SK Singh, R Pandey",,
Dr Avtar Singh,Simultaneous observation of various types of ELF/VLF emissions during daytime at a low latitude Indian ground station,2008,https://scholar.google.com/citations?view_op=view_citation&hl=en&user=UN4_VkEAAAAJ&cstart=300&pagesize=100&sortby=pubdate&citation_for_view=UN4_VkEAAAAJ:oldoQiaHq2UC,"37th COSPAR Scientific Assembly 37, 1678, 2008","L Lalmani, L Lalmani, AK Singh",,
Dr Avtar Singh,Metering of agricultural electricity supply on groundwater users in India: contrasting evidence on impact in West Bengal and Uttarakhand,2008,https://scholar.google.com/citations?view_op=view_citation&hl=en&user=UN4_VkEAAAAJ&cstart=300&pagesize=100&sortby=pubdate&citation_for_view=UN4_VkEAAAAJ:LzOrNEA7mwcC,"International Water Management Institute, 2008","M Aditi, BR Sharma, B Das, N Majumdar, NC Nayak, RR Sethi, A Umar, ...",,
Dr Avtar Singh,Feed and Fodder Management in Arid Zone-Status & Strategies,2008,https://scholar.google.com/citations?view_op=view_citation&hl=en&user=UN4_VkEAAAAJ&cstart=300&pagesize=100&sortby=pubdate&citation_for_view=UN4_VkEAAAAJ:k8to_Y4Q4_EC,"INDIAN DAIRYMAN 60 (4), 23, 2008","H Singh, HL Kushwaha, AK Singh, A Singh",,
Dr Avtar Singh,Observation of magnetospheric ELF hiss during total Solar Eclipse of 11 August 1999: A case study,2008,https://scholar.google.com/citations?view_op=view_citation&hl=en&user=UN4_VkEAAAAJ&cstart=300&pagesize=100&sortby=pubdate&citation_for_view=UN4_VkEAAAAJ:wBLCggQE-ToC,"37th COSPAR Scientific Assembly 37, 2926, 2008","R Singh, VS Sonwalkar, D Siingh, KK Singh, K Singh, AK Singh, ...",,
Dr Avtar Singh,Efficacy of some new insecticidal combinations against insect pests of rice,2008,https://scholar.google.com/citations?view_op=view_citation&hl=en&user=UN4_VkEAAAAJ&cstart=300&pagesize=100&sortby=pubdate&citation_for_view=UN4_VkEAAAAJ:Vxkav03X4woC,"Indian J. Pl. Prot 36, 156-157, 2008","SP Gupta, RA Singh, AK Singh",2,
Dr Avtar Singh,Modulation of peroxisome proliferator-activated receptor-A activity by N-acetyl cysteine attenuates lipopolysaccharide induced INH,2008,https://scholar.google.com/citations?view_op=view_citation&hl=en&user=UN4_VkEAAAAJ&cstart=300&pagesize=100&sortby=pubdate&citation_for_view=UN4_VkEAAAAJ:RXiHnyRawswC,"JOURNAL OF NEUROCHEMISTRY 104, 48-49, 2008","M Paintlia, A Paintlia, M Khan, I Singh, A Singh",,
Dr Avtar Singh,Role of AMP-activated protein kinase in psychosine medicated cell death in oligodendrocytes and inflammation in astrocytes,2008,https://scholar.google.com/citations?view_op=view_citation&hl=en&user=UN4_VkEAAAAJ&cstart=300&pagesize=100&sortby=pubdate&citation_for_view=UN4_VkEAAAAJ:oi2SiIJ9l4AC,"JOURNAL OF NEUROCHEMISTRY 104, 111-111, 2008","S Giri, M Khan, N Nath, I Singh, A Singh",,
Dr Avtar Singh,"15-deoxy-delta 12, 14-prostaglandin J2 attenuates endothelial-monocyte interaction: Implication for inflammatory diseases",2008,https://scholar.google.com/citations?view_op=view_citation&hl=en&user=UN4_VkEAAAAJ&cstart=300&pagesize=100&sortby=pubdate&citation_for_view=UN4_VkEAAAAJ:FAceZFleit8C,"JOURNAL OF NEUROTRAUMA 25 (7), 856-856, 2008","S Giri, R Prasad, M Khan, A Singh, I Singh",,
Dr Avtar Singh,Post-trauma treatment with Miglustat is neuroprotective in a rat model of contusion spinal cord injury,2008,https://scholar.google.com/citations?view_op=view_citation&hl=en&user=UN4_VkEAAAAJ&cstart=300&pagesize=100&sortby=pubdate&citation_for_view=UN4_VkEAAAAJ:GtLg2Ama23sC,"JOURNAL OF NEUROTRAUMA 25 (7), 887-887, 2008","R Pannu, A Singh, I Singh",,
Dr Avtar Singh,Serum total cholesterol and LDL cholesterol levels in a select Asian Indian urban population with and without metabolic syndrome by ATP III criteria,2008,https://scholar.google.com/citations?view_op=view_citation&hl=en&user=UN4_VkEAAAAJ&cstart=300&pagesize=100&sortby=pubdate&citation_for_view=UN4_VkEAAAAJ:WzTVkKNmPSkC,"CLINICAL CHEMISTRY 54 (6), A146-A146, 2008","V Ramesh, AK Singh, S Tewari, E Bhatia, V Bhatia",,
Dr Avtar Singh,Body Mass Index [BMI] values in a select Asian Indian Urban population with and without metabolic syndrome by ATP III criteria,2008,https://scholar.google.com/citations?view_op=view_citation&hl=en&user=UN4_VkEAAAAJ&cstart=300&pagesize=100&sortby=pubdate&citation_for_view=UN4_VkEAAAAJ:E7VqQtBCVmcC,"CLINICAL CHEMISTRY 54 (6), A146-A146, 2008","V Ramesh, AK Singh, S Tewari, E Bhatia, V Bhatia",,
Dr Avtar Singh,Feed and fodder management in Arid zone-status & strategies.,2008,https://scholar.google.com/citations?view_op=view_citation&hl=en&user=UN4_VkEAAAAJ&cstart=300&pagesize=100&sortby=pubdate&citation_for_view=UN4_VkEAAAAJ:4tNoA7Af41QC,,"HS Harpal Singh, HL Kushwaha, AK Singh, AS Amit Singh",,
Dr Avtar Singh,Growth of fishes in ponds supplemented with pig manure in integrated farming system.,2008,https://scholar.google.com/citations?view_op=view_citation&hl=en&user=UN4_VkEAAAAJ&cstart=300&pagesize=100&sortby=pubdate&citation_for_view=UN4_VkEAAAAJ:sNmaIFBj_lkC,,"NK Neelmani Kerketta, AK Singh, SK Singh",,
Dr Avtar Singh,Diagnosis and amelioration of iron deficiency under aerobic rice.,2008,https://scholar.google.com/citations?view_op=view_citation&hl=en&user=UN4_VkEAAAAJ&cstart=300&pagesize=100&sortby=pubdate&citation_for_view=UN4_VkEAAAAJ:PoWvk5oyLR8C,,"SP Sharmistha Pal, SP Datta, RK Rattan, AK Singh",,
Dr Avtar Singh,Effect of integrated weed management on yield and economics of soybean.,2008,https://scholar.google.com/citations?view_op=view_citation&hl=en&user=UN4_VkEAAAAJ&cstart=300&pagesize=100&sortby=pubdate&citation_for_view=UN4_VkEAAAAJ:G1UMdFYMoxkC,,"AK Singh, CS Singh, AK Singh, S Karmakar",,
Dr Avtar Singh,Basic Science Investigation-Attenuation of Lipopolysaccharide-Induced Inflammatory Response and Phospholipids Metabolism at the Feto-Maternal Interface by N-Acetyl Cysteine,2008,https://scholar.google.com/citations?view_op=view_citation&hl=en&user=UN4_VkEAAAAJ&cstart=400&pagesize=100&sortby=pubdate&citation_for_view=UN4_VkEAAAAJ:5ugPr518TE4C,"Pediatric Research 64 (4), 334, 2008","MK Paintlia, AS Paintlia, AK Singh, I Singh",,
Dr Avtar Singh,Application of Geoinformatics in Quantifying Water Supply Status and its Futuristic Demand in and around Ranchi City,2008,https://scholar.google.com/citations?view_op=view_citation&hl=en&user=UN4_VkEAAAAJ&cstart=400&pagesize=100&sortby=pubdate&citation_for_view=UN4_VkEAAAAJ:gV6rEsy15s0C,"Geoinformatics for Decentralized Planning and Governance, 426, 2008","P Kumar, AK Sinha, MS Nathawat, AK Singh",,
Dr Avtar Singh,Genetic variability and selection strategy for seed yield in rajmash bean under cold arid condition of ladakh.,2007,https://scholar.google.com/citations?view_op=view_citation&hl=en&user=UN4_VkEAAAAJ&cstart=400&pagesize=100&sortby=pubdate&citation_for_view=UN4_VkEAAAAJ:0kYikfLtzSYC,,"AK Singh, VK Yadav",,
Dr Avtar Singh,Comparative performance of cabbage varieties in different date of transplanting under cold arid condition of Ladakh.,2007,https://scholar.google.com/citations?view_op=view_citation&hl=en&user=UN4_VkEAAAAJ&cstart=400&pagesize=100&sortby=pubdate&citation_for_view=UN4_VkEAAAAJ:rQKKVauEoioC,,"AK Singh, MS Mir",,
Dr Avtar Singh,Correlation Studies for Selection of High Yielding Mungbean Vigna radiata (L.) Wilczek Mutant Families,2007,https://scholar.google.com/citations?view_op=view_citation&hl=en&user=UN4_VkEAAAAJ&cstart=400&pagesize=100&sortby=pubdate&citation_for_view=UN4_VkEAAAAJ:w7CBUyPWg-0C,"ENVIRONMENT AND ECOLOGY 25 (4A), 1232, 2007","S Das, KK Sarkar, P Das, A Maji, AK Singh",,
Dr Avtar Singh,"Isolation and identification of etiological agent of pulmonary tuberculosis in patients visiting National Tuberculosis Center, Thimi, Bhaktapur",2007,https://scholar.google.com/citations?view_op=view_citation&hl=en&user=UN4_VkEAAAAJ&cstart=400&pagesize=100&sortby=pubdate&citation_for_view=UN4_VkEAAAAJ:8Xgff_V0N9gC,"Nepal Health Research Council, 2007","S Singh, D Dhakal, S Subba, AR Khagi, B Lekhak, A Singh, KB Shrestha, ...",,
Dr Avtar Singh,Peroxisomal Proliferation Prevents Loss of Oligodendrocyte Progenitors and Hypomyelination in Periventricular Leukomalacia‐like Brain,2007,https://scholar.google.com/citations?view_op=view_citation&hl=en&user=UN4_VkEAAAAJ&cstart=400&pagesize=100&sortby=pubdate&citation_for_view=UN4_VkEAAAAJ:hB2aVRuWZNwC,"The FASEB Journal 21 (6), A990-A990, 2007","M Kaur, A Paintlia, M Contreras, M Khan, I Singh, A Singh",,
Dr Avtar Singh,Adoption of scientific boro rice cultivation in Saharsa district of Bihar.,2007,https://scholar.google.com/citations?view_op=view_citation&hl=en&user=UN4_VkEAAAAJ&cstart=400&pagesize=100&sortby=pubdate&citation_for_view=UN4_VkEAAAAJ:iWL_APfBKHwC,,"BK Jha, PK Jha, AK Singh",,
Dr Avtar Singh,AMP-activated protein kinase and inflammation,2007,https://scholar.google.com/citations?view_op=view_citation&hl=en&user=UN4_VkEAAAAJ&cstart=400&pagesize=100&sortby=pubdate&citation_for_view=UN4_VkEAAAAJ:2KloaMYe4IUC,"JOURNAL OF NEUROCHEMISTRY 102, 189-190, 2007","S Giri, N Nath, M Khan, AK Singh, I Singh",,
Dr Avtar Singh,An assessment of food intake volume of child (6-14) years in farm families from some agro-economic and socio-personal factors.,2007,https://scholar.google.com/citations?view_op=view_citation&hl=en&user=UN4_VkEAAAAJ&cstart=400&pagesize=100&sortby=pubdate&citation_for_view=UN4_VkEAAAAJ:pe4chHNxNLUC,,"KK Kundan Kumar, AK Singh, SK Acharya",,
Dr Avtar Singh,Neuroprotection in a rat model of experimental stroke by hydralazine via neutralization of lipid aldehydes,2007,https://scholar.google.com/citations?view_op=view_citation&hl=en&user=UN4_VkEAAAAJ&cstart=400&pagesize=100&sortby=pubdate&citation_for_view=UN4_VkEAAAAJ:-FonjvnnhkoC,"JOURNAL OF NEUROCHEMISTRY 102, 39-40, 2007","M Khan, MA Ansari, NM Hoda, S Giri, AK Singh, I Singh",,
Dr Avtar Singh,"Effect on initial dry weight, GPP (gross primary productivity), NPP (Net Primary Productivity) of jowar (Sorghum vulgare Pers.) with Brome grass mosaic virus (BMV).",2007,https://scholar.google.com/citations?view_op=view_citation&hl=en&user=UN4_VkEAAAAJ&cstart=400&pagesize=100&sortby=pubdate&citation_for_view=UN4_VkEAAAAJ:5UUbrqTvKfUC,,"AK Srivastava, AK Singh, DN Gupta, PK Pandey",,
Dr Avtar Singh,"J. Indian Chem. Soc., Vol. 84, August 2007, p. 731",2007,https://scholar.google.com/citations?view_op=view_citation&hl=en&user=UN4_VkEAAAAJ&cstart=400&pagesize=100&sortby=pubdate&citation_for_view=UN4_VkEAAAAJ:v7SMsomtfXcC,"Journal of the Indian Chemical Society 84 (7-12), 731, 2007","S Acharya, KR Patel, SN Agravat, NB Patel, A Agrawal, PB Patel, ...",,
Dr Avtar Singh,用基因克隆和转基因策略来提高印度芥对非生物胁迫的抗性 (英文),2007,https://scholar.google.com/citations?view_op=view_citation&hl=en&user=UN4_VkEAAAAJ&cstart=400&pagesize=100&sortby=pubdate&citation_for_view=UN4_VkEAAAAJ:G887dSk7Sz8C,"第十二届国际油菜大会论文集, 2007","KC Bansal, V Cinnusamy, M Dalal, D Tayal, AK Singh, S Shanker",,
Dr Avtar Singh,Mechanisation and modification in extrusion process of uranium rods,2006,https://scholar.google.com/citations?view_op=view_citation&hl=en&user=UN4_VkEAAAAJ&cstart=400&pagesize=100&sortby=pubdate&citation_for_view=UN4_VkEAAAAJ:g8uWPOAv7ggC,"Proceedings of the international conference on advances in nuclear materials …, 2006","AK Singh, MM Hussain, SP Singh, RP Singh",,
Dr Avtar Singh,Anomalous Propagation of VLF Waves at Low Latitudes,2006,https://scholar.google.com/citations?view_op=view_citation&hl=en&user=UN4_VkEAAAAJ&cstart=400&pagesize=100&sortby=pubdate&citation_for_view=UN4_VkEAAAAJ:M0j1y4EgrScC,"36th COSPAR Scientific Assembly 36, 1937, 2006","AK Singh, L Lalmani, RP Singh",,
Dr Avtar Singh,Translational Investigations-Combination of Systemic Hypothermia and N-acetyl-cysteine Attenuates Hypoxic-Ischemic Brain Injury in Neonatal Rats,2006,https://scholar.google.com/citations?view_op=view_citation&hl=en&user=UN4_VkEAAAAJ&cstart=400&pagesize=100&sortby=pubdate&citation_for_view=UN4_VkEAAAAJ:vRqMK49ujn8C,"Pediatric Research 59 (5), 684-689, 2006","M Jatana, I Singh, AK Singh, D Jenkins",,
Dr Avtar Singh,Evaluation of Different Crop Sequences under Irrigated Conditions of Central Punjab,2006,https://scholar.google.com/citations?view_op=view_citation&hl=en&user=UN4_VkEAAAAJ&cstart=400&pagesize=100&sortby=pubdate&citation_for_view=UN4_VkEAAAAJ:sA9dB-pw3HoC,"Environment and Ecology 24 (3), 791-793, 2006","A Singh, SS Dhillon, GS Mavi",,
Dr Avtar Singh,"Measurements of Particulates (PM10 and PM 2.5) Concentration over Darjeeling (27.01 N, 88.25 E, 7204 Feet), India-a site in Eastern Himalayas",2006,https://scholar.google.com/citations?view_op=view_citation&hl=en&user=UN4_VkEAAAAJ&cstart=400&pagesize=100&sortby=pubdate&citation_for_view=UN4_VkEAAAAJ:WMtz-WDmgKQC,"36th COSPAR Scientific Assembly 36, 2759, 2006","A Singh, A Adak, Y Yadav, S Raha, S Ghosh",,
Dr Avtar Singh,Fly Ash: A Gold Mine of Value Added Products,2006,https://scholar.google.com/citations?view_op=view_citation&hl=en&user=UN4_VkEAAAAJ&cstart=400&pagesize=100&sortby=pubdate&citation_for_view=UN4_VkEAAAAJ:SPgmg5JLkoEC,"ELECTRICAL INDIA 46 (12), 79, 2006","U Puntambaker, SS Godkindhi, GS Grewal, AK Singh",,
Dr Avtar Singh,5-Aminoimidazole-4-carboxamide ribonucleoside attenuates EAE via modulation of endothelial-monocyte interaction,2006,https://scholar.google.com/citations?view_op=view_citation&hl=en&user=UN4_VkEAAAAJ&cstart=400&pagesize=100&sortby=pubdate&citation_for_view=UN4_VkEAAAAJ:tzM49s52ZIMC,"JOURNAL OF NEUROCHEMISTRY 96, 107-107, 2006","R Prasad, S Giri, N Nath, I Singh, AK Singh",,
Dr Avtar Singh,Combination therapy with lovastatin and 5-aminoimidazole-4-carboxamide-1-beta-D-ribofuranoside: Approach for neuroprotection and inhibition of neurodegeneration in multiple …,2006,https://scholar.google.com/citations?view_op=view_citation&hl=en&user=UN4_VkEAAAAJ&cstart=400&pagesize=100&sortby=pubdate&citation_for_view=UN4_VkEAAAAJ:mvPsJ3kp5DgC,"NEUROLOGY 66 (5), 306-306, 2006","AS Paintlia, MK Paintlia, AK Singh, T Vollmer, I Singh",,
Dr Avtar Singh,Crack Initiation and Propagation Monitoring Using Acoustic Emission Technique (AET) During Ratcheting Tests on Elbow Pipes of PHWRs,2006,https://scholar.google.com/citations?view_op=view_citation&hl=en&user=UN4_VkEAAAAJ&cstart=400&pagesize=100&sortby=pubdate&citation_for_view=UN4_VkEAAAAJ:E2bRg1zSkIsC,"PROGRESS IN ACOUSTIC EMISSION 13, 175, 2006","S Bhattacharya, HR Mehta, AK Singh, KG Menon, VS Mageshkumar, ...",,
Dr Avtar Singh,Evaluation of pearl millet male-sterile lines and their maintainers for resistance to downy mildew and smut,2006,https://scholar.google.com/citations?view_op=view_citation&hl=en&user=UN4_VkEAAAAJ&cstart=400&pagesize=100&sortby=pubdate&citation_for_view=UN4_VkEAAAAJ:PQ6BjWB6CiEC,"International Sorghum and Millets Newsletter 47, 131-133, 2006","VP Rao, RP Thakur, AK Singh, KN Rai",2,
Dr Avtar Singh,Renal protection in CKD is enhanced by structured renal care: Results from CRIOS,2006,https://scholar.google.com/citations?view_op=view_citation&hl=en&user=UN4_VkEAAAAJ&cstart=400&pagesize=100&sortby=pubdate&citation_for_view=UN4_VkEAAAAJ:LO7wyVUgiFcC,"AMERICAN JOURNAL OF KIDNEY DISEASES 47 (4), A46-A46, 2006","S Mujais, B Mittal, A Singh, C Firanek, K Story",,
Dr Avtar Singh,Cardiovascular protection in CKD is enhanced by structured renal care: Results from CRIOS,2006,https://scholar.google.com/citations?view_op=view_citation&hl=en&user=UN4_VkEAAAAJ&cstart=400&pagesize=100&sortby=pubdate&citation_for_view=UN4_VkEAAAAJ:kh2fBNsKQNwC,"AMERICAN JOURNAL OF KIDNEY DISEASES 47 (4), A45-A45, 2006","S Mujais, B Mittal, A Singh, C Firanek, K Story",,
Dr Avtar Singh,Absorbed photosynthetically active radiation under different moisture regimes in aonla and aonla+ guava cropping system,2006,https://scholar.google.com/citations?view_op=view_citation&hl=en&user=UN4_VkEAAAAJ&cstart=400&pagesize=100&sortby=pubdate&citation_for_view=UN4_VkEAAAAJ:TesyEGJKHF4C,"Journal of Agrometeorology 8 (1), 48-53, 2006","DK Singh, P Tripathi, AK Singh",,
Dr Avtar Singh,High seropositivity of HCV infection in HIV-positive blood donors: Is HCV a predictor of HIV infection?,2006,https://scholar.google.com/citations?view_op=view_citation&hl=en&user=UN4_VkEAAAAJ&cstart=400&pagesize=100&sortby=pubdate&citation_for_view=UN4_VkEAAAAJ:AXPGKjj_ei8C,"AIDS & Hepatitis Digest, 4, 2006","A Singh, A Mittal",,
Dr Avtar Singh,Role of Geomagnetic Disturbances on VLF Whistler Wave Activity at Low Latitudes (P32),2006,https://scholar.google.com/citations?view_op=view_citation&hl=en&user=UN4_VkEAAAAJ&cstart=400&pagesize=100&sortby=pubdate&citation_for_view=UN4_VkEAAAAJ:oYLFIHfuHKwC,"2nd UN/NASA Workshop on International Heliophysical Year and Basic Space …, 2006","RP Patel, S Singh, AK Singh, RP Singh",,
Dr Avtar Singh,Evaluation of radiolabelled INH as specific mycobacterial lesion imaging in humans,2006,https://scholar.google.com/citations?view_op=view_citation&hl=en&user=UN4_VkEAAAAJ&cstart=400&pagesize=100&sortby=pubdate&citation_for_view=UN4_VkEAAAAJ:1taIhTC69MYC,"EUROPEAN JOURNAL OF NUCLEAR MEDICINE AND MOLECULAR IMAGING 33, S302-S303, 2006","AK Singh, A Bhatnagar, J Verma",,
Dr Avtar Singh,Role of lactosylceramide in regulation of inflammatory response and astrogliosis: Implications for neuroinflammatory diseases,2006,https://scholar.google.com/citations?view_op=view_citation&hl=en&user=UN4_VkEAAAAJ&cstart=400&pagesize=100&sortby=pubdate&citation_for_view=UN4_VkEAAAAJ:uLbwQdceFCQC,"JOURNAL OF NEUROCHEMISTRY 99, 27-28, 2006","I Singh, R Pannu, AK Singh",,
Dr Avtar Singh,Computational models for residual creep life prediction of power plant components,2006,https://scholar.google.com/citations?view_op=view_citation&hl=en&user=UN4_VkEAAAAJ&cstart=400&pagesize=100&sortby=pubdate&citation_for_view=UN4_VkEAAAAJ:5bfplxN71z4C,,"GS Grewal, AK Singh, M Ramamoortry",,
Dr Avtar Singh,AICAR (5-aminoimidazole-4-carboxamide-1-beta-4-ribofuranoside) inhibits cancer cell proliferation in vitro and in vivo via AMP-activated protein kinase (AMPIK).,2005,https://scholar.google.com/citations?view_op=view_citation&hl=en&user=UN4_VkEAAAAJ&cstart=400&pagesize=100&sortby=pubdate&citation_for_view=UN4_VkEAAAAJ:g3aElNc5_aQC,"CLINICAL CANCER RESEARCH 11 (24), 9110S-9110S, 2005","R Rattan, S Giri, AK Singh, I Singh",,
Dr Avtar Singh,Microstructural characterization of multifilamentary Nb-Ti superconducting wire,2005,https://scholar.google.com/citations?view_op=view_citation&hl=en&user=UN4_VkEAAAAJ&cstart=400&pagesize=100&sortby=pubdate&citation_for_view=UN4_VkEAAAAJ:XDrR66g3YHsC,,"MM Hussain, AK Singh, SP Singh, RP Singh",,
Dr Avtar Singh,Effect of Phosphorus Fertilization on the Productivity of Berseem (Trifolium Alexandrinum L.) Cultivars under the Punjab Conditions,2005,https://scholar.google.com/citations?view_op=view_citation&hl=en&user=UN4_VkEAAAAJ&cstart=400&pagesize=100&sortby=pubdate&citation_for_view=UN4_VkEAAAAJ:e5wmG9Sq2KIC,"Environment & Agriculture, 115, 2005","JS Kang, A Singh, MS Tiwana¹",,
Dr Avtar Singh,Comparative study of 99mTc-EMB and native EMB and role of 99mTc-EMB in resistant mycobacterial imaging,2005,https://scholar.google.com/citations?view_op=view_citation&hl=en&user=UN4_VkEAAAAJ&cstart=400&pagesize=100&sortby=pubdate&citation_for_view=UN4_VkEAAAAJ:i2xiXl-TujoC,"International symposium on trends in radiopharmaceuticals (ISTR-2005). Book …, 2005","N Singh, AK Singh, A Bhatnagar, G Mittal, T Ravindranath",,
Dr Avtar Singh,Remodelling of general state vector linear model for sustainable ecodevelopment applicable to a sample valley village of Himalayan region,2005,https://scholar.google.com/citations?view_op=view_citation&hl=en&user=UN4_VkEAAAAJ&cstart=400&pagesize=100&sortby=pubdate&citation_for_view=UN4_VkEAAAAJ:inmFHauC9wsC,,"HS Dhami, AK Singh, GS Negi, B Singh",,
Dr Avtar Singh,Kinetics and mechanism of Ru (III) catalysed oxidation of cyclopentanol and cyclohexanol by chloramine-T in perchloric acid medium,2005,https://scholar.google.com/citations?view_op=view_citation&hl=en&user=UN4_VkEAAAAJ&cstart=400&pagesize=100&sortby=pubdate&citation_for_view=UN4_VkEAAAAJ:yeKNu01O_4gC,"ACTA CIENCIA INDICA CHEMISTRY 31 (2), 93, 2005","SP Mishra, A Singh, J Verma, VK Srivastava, RA Singh",,
Dr Avtar Singh,Development and evaluation of 99mtecnetium-ethionamide for mycobacterial infection imaging,2005,https://scholar.google.com/citations?view_op=view_citation&hl=en&user=UN4_VkEAAAAJ&cstart=400&pagesize=100&sortby=pubdate&citation_for_view=UN4_VkEAAAAJ:S16KYo8Pm5AC,"Indian journal of pharmaceutical sciences 67 (5), 586-592, 2005","N BHARDWAJ, AK Singh, A Bhatnagar, SS Agrawal",,
Dr Avtar Singh,Single vial preparation of 99mtc ciprofloxacin for the detection of extrapulmonary tuberculosis,2005,https://scholar.google.com/citations?view_op=view_citation&hl=en&user=UN4_VkEAAAAJ&cstart=400&pagesize=100&sortby=pubdate&citation_for_view=UN4_VkEAAAAJ:-_dYPAW6P2MC,,"V Prasad, B Singh, A Bhattacharya, BR Mittal, AK Singh, A Aggarwal",,
Dr Avtar Singh,FACTORS AFFECTING TRANSPLANT OUTCOMES IN PATIENTS WITH END STAGE RENAL DISEASE CAUSED BY LUPUS,2005,https://scholar.google.com/citations?view_op=view_citation&hl=en&user=UN4_VkEAAAAJ&cstart=400&pagesize=100&sortby=pubdate&citation_for_view=UN4_VkEAAAAJ:BJrgspguQaEC,"NEPHROLOGY 10, A326-A326, 2005","B Suphamai, A Peng, P Chung, A Hong, B Lee, S Fukami, S Takemoto, ...",,
Dr Avtar Singh,A novel role of lactosylceramide in the regulation of TNF alpha-mediated proliferation of rat primary astrocytes,2005,https://scholar.google.com/citations?view_op=view_citation&hl=en&user=UN4_VkEAAAAJ&cstart=400&pagesize=100&sortby=pubdate&citation_for_view=UN4_VkEAAAAJ:Fu2w8maKXqMC,"JOURNAL OF NEUROCHEMISTRY 94, 86-86, 2005","R Pannu, AK Singh, I Singh",,
Dr Avtar Singh,Plant Introduction in India during Pre-and Post-CBD Periods-An Analysis,2005,https://scholar.google.com/citations?view_op=view_citation&hl=en&user=UN4_VkEAAAAJ&cstart=400&pagesize=100&sortby=pubdate&citation_for_view=UN4_VkEAAAAJ:vDijr-p_gm4C,"Indian Journal of Plant Genetic Resources 18 (01), 27-28, 2005","V Tyagi, AK Singh, D Chand, RV Singh, BS Dhillon",,
Dr Avtar Singh,Indigenous development and fabrication of multifilamentary Nb-Ti superconductor,2005,https://scholar.google.com/citations?view_op=view_citation&hl=en&user=UN4_VkEAAAAJ&cstart=400&pagesize=100&sortby=pubdate&citation_for_view=UN4_VkEAAAAJ:6ZzL7HXColQC,,"AK Singh, MM Hussain, SP Singh, RP Singh",,
Dr Avtar Singh,Standardization of suitable vegetable cropping sequence for trench cultivation in cold arid region of Ladakh,2005,https://scholar.google.com/citations?view_op=view_citation&hl=en&user=UN4_VkEAAAAJ&cstart=400&pagesize=100&sortby=pubdate&citation_for_view=UN4_VkEAAAAJ:Qs68GpkTGbMC,"PROGRESSIVE HORTICULTURE 37 (1), 188, 2005",AK Singh,,
Dr Avtar Singh,Comparative performance of cabbage varieties in different date of transplanting under cold arid condition of Ladakh.,2005,https://scholar.google.com/citations?view_op=view_citation&hl=en&user=UN4_VkEAAAAJ&cstart=400&pagesize=100&sortby=pubdate&citation_for_view=UN4_VkEAAAAJ:5-bGDoUgDrYC,,"AK Singh, VK Yadav, MA Dar",,
Dr Avtar Singh,Deformation bands in texture formation in cold and warm rolling interstitial-free steel,2005,https://scholar.google.com/citations?view_op=view_citation&hl=en&user=UN4_VkEAAAAJ&cstart=400&pagesize=100&sortby=pubdate&citation_for_view=UN4_VkEAAAAJ:0uG9q0SNyf4C,"Advanced x-ray techniques in research and industry, 2005","BJ Duggan, MZ Quadir, Y Tse, AK Singh",,
Dr Avtar Singh,Hydromagnetic free convective flow of a Viscous fluid through porous medium in a vertical channel,2005,https://scholar.google.com/citations?view_op=view_citation&hl=en&user=UN4_VkEAAAAJ&cstart=400&pagesize=100&sortby=pubdate&citation_for_view=UN4_VkEAAAAJ:6gSKFiM3XosC,"ACTA CIENCIA INDICA MATHEMATICS 31 (4), 1053, 2005","AK Singh, NP Singh",,
Dr Avtar Singh,Lovastatin augments the survival and differentiation of oligodendrocyte progenitors in animal model of multiple sclerosis,2005,https://scholar.google.com/citations?view_op=view_citation&hl=en&user=UN4_VkEAAAAJ&cstart=400&pagesize=100&sortby=pubdate&citation_for_view=UN4_VkEAAAAJ:Nnq8S6OXqDYC,"MULTIPLE SCLEROSIS 11, S51-S52, 2005","I Singh, A Paintlia, M Paintlia, M Khan, T Vollmer, A Singh",,
Dr Avtar Singh,Comparative study of {sup 99m} Tc-EMB and native EMB and role of {sup 99m} Tc-EMB in resistant mycobacterial imaging,2005,https://scholar.google.com/citations?view_op=view_citation&hl=en&user=UN4_VkEAAAAJ&cstart=400&pagesize=100&sortby=pubdate&citation_for_view=UN4_VkEAAAAJ:FPJr55Dyh1AC,,"N Singh, AK Singh, A Bhatnagar, G Mittal, T Ravindranath",,
Dr Avtar Singh,"HMG-CoA reductase inhibitor augments survival and differentiation of oligodendrocyte progenitors in animal model of multiple sclerosis (vol 19, 1407, 2005)",2005,https://scholar.google.com/citations?view_op=view_citation&hl=en&user=UN4_VkEAAAAJ&cstart=400&pagesize=100&sortby=pubdate&citation_for_view=UN4_VkEAAAAJ:HE397vMXCloC,"FASEB JOURNAL 19 (14), 2088-2088, 2005","AS Paintlia, MK Paintlia, M Khan, T Vollmer, AK Singh, I Singh",,
Dr Avtar Singh,Cloning of genes and developing transgenic crops with enhanced tolerance to salinity and drought,2005,https://scholar.google.com/citations?view_op=view_citation&hl=en&user=UN4_VkEAAAAJ&cstart=400&pagesize=100&sortby=pubdate&citation_for_view=UN4_VkEAAAAJ:Wqn_fehR_TUC,,"KC Bansal, V Chinnusamy, D Tayal, A Das, D Goel, V Yadav, AK Singh, ...",,
Dr Avtar Singh,MICRO HARDNESS BEHAVIOR OF Ti-Al-Mo ALLOYS,2005,https://scholar.google.com/citations?view_op=view_citation&hl=en&user=UN4_VkEAAAAJ&cstart=400&pagesize=100&sortby=pubdate&citation_for_view=UN4_VkEAAAAJ:VN7nJs4JPk0C,"Transactions of the Indian Institute of Metals 58 (5), 2005","R Prasad, S Azad, AK Singh, RK Mandal",,
Dr Avtar Singh,Stage- and sex-dependent changes in the lipid profile of Dysdercus koenigii (Heteroptera: Pyrrhocoridae) during development.,2004,https://scholar.google.com/citations?view_op=view_citation&hl=en&user=UN4_VkEAAAAJ&cstart=400&pagesize=100&sortby=pubdate&citation_for_view=UN4_VkEAAAAJ:o9ULDYDKYbIC,,"AM Archana Mishra, AK Singh, DK Dinesh Kumar",,
Dr Avtar Singh,CHARACTERISATION OF HIGH ENERGY MILLED HEAVY ALLOY SYSTEMS,2004,https://scholar.google.com/citations?view_op=view_citation&hl=en&user=UN4_VkEAAAAJ&cstart=400&pagesize=100&sortby=pubdate&citation_for_view=UN4_VkEAAAAJ:SgTKrLvt1DcC,"Transactions of the Indian Institute of Metals 57 (5), 2004","P Ghosal, AK Singh, TP Bagchi",,
Dr Avtar Singh,Stent-assisted carotid angioplasty (SACA) for carotid stenosis in high-risk symptomatic nascet ineligible patients,2004,https://scholar.google.com/citations?view_op=view_citation&hl=en&user=UN4_VkEAAAAJ&cstart=400&pagesize=100&sortby=pubdate&citation_for_view=UN4_VkEAAAAJ:n8FNryW2AHIC,"STROKE 35 (6), E219-E219, 2004","N Husain, R Patir, HN Agarwal, AD Sehgal, A Apte, CS Agarwal, ...",1,
Dr Avtar Singh,Relative superiority of the interaction potential models for lattice energy calculation of alkali metal halide crystals,2004,https://scholar.google.com/citations?view_op=view_citation&hl=en&user=UN4_VkEAAAAJ&cstart=400&pagesize=100&sortby=pubdate&citation_for_view=UN4_VkEAAAAJ:BW2nPTmhBn4C,"ASIAN JOURNAL OF CHEMISTRY 16 (3-4), 1545-1548, 2004","AK Singh, AK Sinha",,
Dr Avtar Singh,Adenosine kinase inhibitor attenuates the expression of iNOS in glial cells,2004,https://scholar.google.com/citations?view_op=view_citation&hl=en&user=UN4_VkEAAAAJ&cstart=400&pagesize=100&sortby=pubdate&citation_for_view=UN4_VkEAAAAJ:tOudhMTPpwUC,"JOURNAL OF NEUROCHEMISTRY 90, 20-20, 2004","JK Lee, JS Won, AK Singh, I Singh",,
Dr Avtar Singh,NAC prevents endotoxin induced loss of OPC in fetus and hypomyelination in postnatal rat brain,2004,https://scholar.google.com/citations?view_op=view_citation&hl=en&user=UN4_VkEAAAAJ&cstart=400&pagesize=100&sortby=pubdate&citation_for_view=UN4_VkEAAAAJ:kRWSkSYxWN8C,"JOURNAL OF NEUROCHEMISTRY 90, 5-5, 2004","MK Paintlia, AS Paintlia, E Barbosa, I Singh, AK Singh",,
Dr Avtar Singh,Regulation of immune response genes associated with acute experimental autoimmune encephalomyelitis by lovastatin,2004,https://scholar.google.com/citations?view_op=view_citation&hl=en&user=UN4_VkEAAAAJ&cstart=400&pagesize=100&sortby=pubdate&citation_for_view=UN4_VkEAAAAJ:V3AGJWp-ZtQC,"JOURNAL OF NEUROCHEMISTRY 90, 59-59, 2004","AS Paintlia, MK Paintlia, AK Singh, AG Gilg, E Barbosa, I Singh",,
Dr Avtar Singh,N-acetyl-L-cysteine protects against the inflammatory disease process in experimental autoimmune encephalomyelitis,2004,https://scholar.google.com/citations?view_op=view_citation&hl=en&user=UN4_VkEAAAAJ&cstart=400&pagesize=100&sortby=pubdate&citation_for_view=UN4_VkEAAAAJ:1qzjygNMrQYC,"JOURNAL OF NEUROCHEMISTRY 90, 48-48, 2004","I Singh, RC Stanislaus, AG Gilg, AK Singh",,
Dr Avtar Singh,Influence of Time of Sowing and Last Cut for Green Fodder on the Yield and Quality Of Persian Clover (Trifolium resupinatum L.) under Punjab Conditions,2004,https://scholar.google.com/citations?view_op=view_citation&hl=en&user=UN4_VkEAAAAJ&cstart=400&pagesize=100&sortby=pubdate&citation_for_view=UN4_VkEAAAAJ:qUcmZB5y_30C,"Environment and Health, 301, 2004","JS Kang, A Singh",,
Dr Avtar Singh,Effect of Herbage harvesting on sucker production in Mentha arvensis L,2004,https://scholar.google.com/citations?view_op=view_citation&hl=en&user=UN4_VkEAAAAJ&cstart=400&pagesize=100&sortby=pubdate&citation_for_view=UN4_VkEAAAAJ:MLfJN-KU85MC,"INDIAN PERFUMER. 48, 89-94, 2004","M Singh, A Singh, AA Naqvi",,
Dr Avtar Singh,"Effect of shading on the Phyllosticta leaf spot, sun burn of leaves and yield of ginger",2004,https://scholar.google.com/citations?view_op=view_citation&hl=en&user=UN4_VkEAAAAJ&cstart=400&pagesize=100&sortby=pubdate&citation_for_view=UN4_VkEAAAAJ:u3T1itk59dMC,,"S EDISON, AK SINGH, S SINGH",,
Dr Avtar Singh,"Fungi associated with mammals and birds of Sanjay Gandhi Jaivic Udyan, Patna (Bihar).",2004,https://scholar.google.com/citations?view_op=view_citation&hl=en&user=UN4_VkEAAAAJ&cstart=400&pagesize=100&sortby=pubdate&citation_for_view=UN4_VkEAAAAJ:d6JCS5z0ckYC,,"S Kumar, AK Singh, PR Singh, SP Singh, BK Prasad",,
Dr Avtar Singh,Renovascular hypertension—experience of surgical and percutaneous vascular intervention in our institution,2004,https://scholar.google.com/citations?view_op=view_citation&hl=en&user=UN4_VkEAAAAJ&cstart=400&pagesize=100&sortby=pubdate&citation_for_view=UN4_VkEAAAAJ:jMZTt8odoasC,"Indian Journal of Thoracic and Cardiovascular Surgery 20 (1), 41-41, 2004","M Ali, S Kumar, A Hirkannwar, A Singh, TR Rajesh, CB Kulkarni, ...",,
Dr Avtar Singh,"Path and association studies among yield, quality and physiological components in pearl millet",2004,https://scholar.google.com/citations?view_op=view_citation&hl=en&user=UN4_VkEAAAAJ&cstart=400&pagesize=100&sortby=pubdate&citation_for_view=UN4_VkEAAAAJ:d3xjRt2Mi1YC,"Agricultural Science Digest 24 (2), 95-98, 2004","P Mangal, AK Singh, YM Indapurkar, HC Singhal",1,
Dr Avtar Singh,Controlled synthesis of lace-like platinum nanostructures using a porphyrin photocatalyst,2004,https://scholar.google.com/citations?view_op=view_citation&hl=en&user=UN4_VkEAAAAJ&cstart=400&pagesize=100&sortby=pubdate&citation_for_view=UN4_VkEAAAAJ:uqZYSrDi9MMC,"JOURNAL OF PORPHYRINS AND PHTHALOCYANINES 8 (4/5/6), 839-839, 2004","Y Song, Y Qiu, AK Singh, JA Shelnutt",,
Dr Avtar Singh,Rho A negatively regulates cytokine-mediated inducible-Nitric Oxide Synthase expression in brain derived transformed cell lines: Negative regulation of IKK alpha,2004,https://scholar.google.com/citations?view_op=view_citation&hl=en&user=UN4_VkEAAAAJ&cstart=400&pagesize=100&sortby=pubdate&citation_for_view=UN4_VkEAAAAJ:Aul-kAQHnToC,"FASEB JOURNAL 18 (5), A992-A992, 2004","R Rattan, S Giri, A Singh, I Singh",,
Dr Avtar Singh,Sulfur amino acid and glutathione metabolism in renal patients,2004,https://scholar.google.com/citations?view_op=view_citation&hl=en&user=UN4_VkEAAAAJ&cstart=400&pagesize=100&sortby=pubdate&citation_for_view=UN4_VkEAAAAJ:mKu_rENv82IC,"FASEB JOURNAL 18 (5), A848-A848, 2004","A Singh, JF Tarrakhan, J Swain, S Pendse, YM Yu, VR Young, L Castillo",,
Dr Avtar Singh,Peroxisome participation in psychosine-mediated lipotoxicity: Implication for Krabbe disease,2004,https://scholar.google.com/citations?view_op=view_citation&hl=en&user=UN4_VkEAAAAJ&cstart=400&pagesize=100&sortby=pubdate&citation_for_view=UN4_VkEAAAAJ:EYYDruWGBe4C,"FASEB JOURNAL 18 (8), C270-C270, 2004","M Khan, E Haq, S Giri, AK Singh, I Singh",,
Dr Avtar Singh,Dual role of cAMP in iNOS expression in glial cells and macrophages: differential regulation of P38 activation and iNOS stability,2004,https://scholar.google.com/citations?view_op=view_citation&hl=en&user=UN4_VkEAAAAJ&cstart=400&pagesize=100&sortby=pubdate&citation_for_view=UN4_VkEAAAAJ:W5xh706n7nkC,"JOURNAL OF NEUROCHEMISTRY 90, 20-20, 2004","JS Won, YB Im, AK Singh, I Singh",,
Dr Avtar Singh,Lovastatin induces bone marrow-derived dendritic cell maturation and production of pro-inflammatory cytokines,2004,https://scholar.google.com/citations?view_op=view_citation&hl=en&user=UN4_VkEAAAAJ&cstart=400&pagesize=100&sortby=pubdate&citation_for_view=UN4_VkEAAAAJ:fEOibwPWpKIC,"JOURNAL OF NEUROCHEMISTRY 90, 46-46, 2004","N Nath, S Giri, AK Singh, I Singh",,
Dr Avtar Singh,Inhibition of PI3K-Akt-NF-kappa B pathway by lovastatin limits endothelial-monocyte cell interaction,2004,https://scholar.google.com/citations?view_op=view_citation&hl=en&user=UN4_VkEAAAAJ&cstart=400&pagesize=100&sortby=pubdate&citation_for_view=UN4_VkEAAAAJ:XD-gHx7UXLsC,"JOURNAL OF NEUROCHEMISTRY 90, 51-51, 2004","R Prasad, S Giri, N Nath, AK Singh, I Singh",,
Dr Avtar Singh,Peroxisomal participation in psychosine-mediated lipotoxicity: implications for Krabbe disease,2004,https://scholar.google.com/citations?view_op=view_citation&hl=en&user=UN4_VkEAAAAJ&cstart=400&pagesize=100&sortby=pubdate&citation_for_view=UN4_VkEAAAAJ:LI9QrySNdTsC,"JOURNAL OF NEUROCHEMISTRY 90, 72-72, 2004","E Haq, A Khan, S Giri, I Singh, AK Singh",,
Dr Avtar Singh,15d PGJ2 inhibits inflammatory response in primary astrocytes via down regulating multiple steps in PI3K-Akt-NF-kappa B-P300 pathway,2004,https://scholar.google.com/citations?view_op=view_citation&hl=en&user=UN4_VkEAAAAJ&cstart=400&pagesize=100&sortby=pubdate&citation_for_view=UN4_VkEAAAAJ:M7yex6snE4oC,"JOURNAL OF NEUROCHEMISTRY 90, 61-61, 2004","S Giri, R Rattan, AK Singh, I Singh",,
Dr Avtar Singh,CAPACITY SPECTRUM FOR STRUCTURES ASYMMETRIC IN PLAN,2004,https://scholar.google.com/citations?view_op=view_citation&hl=en&user=UN4_VkEAAAAJ&cstart=400&pagesize=100&sortby=pubdate&citation_for_view=UN4_VkEAAAAJ:WgvcDLhf7hwC,,"BKR Prasad, AS Ramaiah, AK Singh",,
Dr Avtar Singh,Inhibition of 5-lipoxygenase protects brain from injury in a rat model of transient focal cerebral ischemia,2004,https://scholar.google.com/citations?view_op=view_citation&hl=en&user=UN4_VkEAAAAJ&cstart=400&pagesize=100&sortby=pubdate&citation_for_view=UN4_VkEAAAAJ:bnK-pcrLprsC,"JOURNAL OF NEUROCHEMISTRY 90, 13-13, 2004","M Jatana, M Khan, S Giri, AG Gilg, AK Singh, I Singh",,
Dr Avtar Singh,Administration of N-acetylcysteine after focal cerebral ischemia protects brain in a rat model of experimental stroke,2004,https://scholar.google.com/citations?view_op=view_citation&hl=en&user=UN4_VkEAAAAJ&cstart=400&pagesize=100&sortby=pubdate&citation_for_view=UN4_VkEAAAAJ:WA5NYHcadZ8C,"JOURNAL OF NEUROCHEMISTRY 90, 14-14, 2004","M Khan, M Jatana, S Giri, AG Gilg, I Singh, AK Singh",,
Dr Avtar Singh,Spectrum of renal disease in malaria.,2004,https://scholar.google.com/citations?view_op=view_citation&hl=en&user=UN4_VkEAAAAJ&cstart=400&pagesize=100&sortby=pubdate&citation_for_view=UN4_VkEAAAAJ:polMJLZb0X8C,,"AM Amit Maheshwari, AK Singh, DK Sinha, K Tripathi, JP Jai Prakash",,
Dr Avtar Singh,Mimicking photosynthesis to make functional nanostructures.,2004,https://scholar.google.com/citations?view_op=view_citation&hl=en&user=UN4_VkEAAAAJ&cstart=400&pagesize=100&sortby=pubdate&citation_for_view=UN4_VkEAAAAJ:OC7j4ufeY2cC,"ABSTRACTS OF PAPERS OF THE AMERICAN CHEMICAL SOCIETY 228, U804-U804, 2004","CJ Medforth, ZC Wang, YJ Song, E Pereira, A Singh, Y Qiu, F von Swol, ...",,
Dr Avtar Singh,S-nitrosoglutathione modulates cerebroprotection and activities of sphingomyelinases and phospholipases in a rat model of experimental stroke,2003,https://scholar.google.com/citations?view_op=view_citation&hl=en&user=UN4_VkEAAAAJ&cstart=400&pagesize=100&sortby=pubdate&citation_for_view=UN4_VkEAAAAJ:KxtntwgDAa4C,"FASEB JOURNAL 17 (4), A607-A607, 2003","M Khan, BK Sekhon, CS Sekhon, Y Kawada, I Singh, AK Singh",,
Dr Avtar Singh,Molecular mechanism of Psychosine induced oligodendrocyte cell death,2003,https://scholar.google.com/citations?view_op=view_citation&hl=en&user=UN4_VkEAAAAJ&cstart=400&pagesize=100&sortby=pubdate&citation_for_view=UN4_VkEAAAAJ:hMsQuOkrut0C,"FASEB JOURNAL 17 (4), A171-A171, 2003","EH Shah, S Giri, I Singh, AK Singh",,
Dr Avtar Singh,Correlation of very long chain fatty acids accumulation and inflammatory disease progression in childhood X-ALD,2003,https://scholar.google.com/citations?view_op=view_citation&hl=en&user=UN4_VkEAAAAJ&cstart=400&pagesize=100&sortby=pubdate&citation_for_view=UN4_VkEAAAAJ:wbdj-CoPYUoC,"JOURNAL OF NEUROCHEMISTRY 87, 101-101, 2003","AS Paintlia, AG Gilg, M Khan, AK Singh, E Barbosa, I Singh",,
Dr Avtar Singh,Galactosylsphingosine (psychosine) inhibits lipid metabolism of peroxisomes in glial cells,2003,https://scholar.google.com/citations?view_op=view_citation&hl=en&user=UN4_VkEAAAAJ&cstart=400&pagesize=100&sortby=pubdate&citation_for_view=UN4_VkEAAAAJ:KUbvn5osdkgC,"JOURNAL OF NEUROCHEMISTRY 87, 157-157, 2003","M Khan, S Giri, EH Shah, Y Kawada, I Singh, AK Singh",,
Dr Avtar Singh,"Vitamin E downregulates the C/EBP induced, oxidative stress in glial cells; implications to Alzheimer's pathology",2003,https://scholar.google.com/citations?view_op=view_citation&hl=en&user=UN4_VkEAAAAJ&cstart=400&pagesize=100&sortby=pubdate&citation_for_view=UN4_VkEAAAAJ:tS2w5q8j5-wC,"FASEB JOURNAL 17 (5), A1341-A1341, 2003","KR Ayasolla, AK Singh, I Singh",,
Dr Avtar Singh,Characterisation of mechanically milled W-heavy alloys.,2003,https://scholar.google.com/citations?view_op=view_citation&hl=en&user=UN4_VkEAAAAJ&cstart=400&pagesize=100&sortby=pubdate&citation_for_view=UN4_VkEAAAAJ:UFuRdyijzaAC,"Transactions of the Indian Institute of Metals 56 (5), 2003","P Ghosal, AK Singh, TP Bagchi, B Sarma, N Maitra",,
Dr Avtar Singh,Protection by N-acetyl cysteine against brain injury in a rat model of stroke,2003,https://scholar.google.com/citations?view_op=view_citation&hl=en&user=UN4_VkEAAAAJ&cstart=400&pagesize=100&sortby=pubdate&citation_for_view=UN4_VkEAAAAJ:P5F9QuxV20EC,"FASEB JOURNAL 17 (4), A606-A606, 2003","M Khan, BK Sekhon, CS Sekhon, I Singh, AK Singh",,
Dr Avtar Singh,Screening of Photosensitizing Dyes for Microbial Decontamination of Water,2003,https://scholar.google.com/citations?view_op=view_citation&hl=en&user=UN4_VkEAAAAJ&cstart=400&pagesize=100&sortby=pubdate&citation_for_view=UN4_VkEAAAAJ:qzPvQt7yPGwC,"POLLUTION RESEARCH 22 (1), 19-23, 2003","A Singh, SK Jain",,
Dr Avtar Singh,Pearl millet male-sterile population NCD2A4 and its counterpart maintainer population NCD2B4,2003,https://scholar.google.com/citations?view_op=view_citation&hl=en&user=UN4_VkEAAAAJ&cstart=400&pagesize=100&sortby=pubdate&citation_for_view=UN4_VkEAAAAJ:0vYOBEH00j0C,"International Sorghum and Millets Newsletter 44, 135-136, 2003","KN Rai, AS Rao, AK Singh",,
Dr Avtar Singh,Colonization and establishment of Azospirillum in dry seeded rice under different soil moisture levels.,2003,https://scholar.google.com/citations?view_op=view_citation&hl=en&user=UN4_VkEAAAAJ&cstart=400&pagesize=100&sortby=pubdate&citation_for_view=UN4_VkEAAAAJ:bbjcffOLshcC,,"GS Geeta Singh, AK Singh, TS Marwaha, BD Kaushik, BN Mishra, ...",,
Dr Avtar Singh,Influence of,2003,https://scholar.google.com/citations?view_op=view_citation&hl=en&user=UN4_VkEAAAAJ&cstart=400&pagesize=100&sortby=pubdate&citation_for_view=UN4_VkEAAAAJ:ShjGdcaqzI0C,"environment 252, 177-86, 2003","B Sahu, AK Singh, AK Chaubey",,
Dr Avtar Singh,11. Sikh Culture & Traditions,2003,https://scholar.google.com/citations?view_op=view_citation&hl=en&user=UN4_VkEAAAAJ&cstart=400&pagesize=100&sortby=pubdate&citation_for_view=UN4_VkEAAAAJ:-jrNzM816MMC,"Hist 39, 454-58, 2003","MR Anand, A Singh, KC Aryan, A Singh, A Singh, SR Bakshi, MS Bal",,
Dr Avtar Singh,Überlagerte Konvektionsströmung in einem durch zwei vertikale Wände begrenztem porösen Medium,2002,https://scholar.google.com/citations?view_op=view_citation&hl=en&user=UN4_VkEAAAAJ&cstart=400&pagesize=100&sortby=pubdate&citation_for_view=UN4_VkEAAAAJ:G7txJ4jiatkC,"Forschung im Ingenieurwesen 67, 198-205, 2002","AK Mishra, T Paul, AK Singh",,
Dr Avtar Singh,Inhibition of peroxisomal functions and production of excessive oxidative stress by psychosine in rat C6 glial cells,2002,https://scholar.google.com/citations?view_op=view_citation&hl=en&user=UN4_VkEAAAAJ&cstart=400&pagesize=100&sortby=pubdate&citation_for_view=UN4_VkEAAAAJ:lmc2jWPfTJgC,"Journal of Neurochemistry 81, 108-111, 2002","M Khan, S Giri, I Singh, AK Singh",,
Dr Avtar Singh,The role of inflammatory mediators in the pathophysiology of X‐ALD disease,2002,https://scholar.google.com/citations?view_op=view_citation&hl=en&user=UN4_VkEAAAAJ&cstart=400&pagesize=100&sortby=pubdate&citation_for_view=UN4_VkEAAAAJ:olpn-zPbct0C,"Journal of Neurochemistry 81, 49-51, 2002","AS Paintlia, AK Singh, I Singh",,
Dr Avtar Singh,The role of neutral sphingomyelinase produced ceramide in lipopolysaccharide-mediated expression of inducible nitric oxide synthase,2002,https://scholar.google.com/citations?view_op=view_citation&hl=en&user=UN4_VkEAAAAJ&cstart=400&pagesize=100&sortby=pubdate&citation_for_view=UN4_VkEAAAAJ:UHK10RUVsp4C,"FASEB JOURNAL 16 (5), A912-A912, 2002","JS Won, YB Im, R Pannu, M Khan, AK Singh, S Inderjit",,
Dr Avtar Singh,Non-enhancing cerebral glial neoplasms: Perfusion sensitive magnetic resonance imaging and correlation with MR spectroscopic imaging,2002,https://scholar.google.com/citations?view_op=view_citation&hl=en&user=UN4_VkEAAAAJ&cstart=400&pagesize=100&sortby=pubdate&citation_for_view=UN4_VkEAAAAJ:mgoTDWlsYNUC,,"A Batra, RP Tripathi, AK Singh",,
Dr Avtar Singh,"Saroj, an early maturing rice released in Bihar, India.",2002,https://scholar.google.com/citations?view_op=view_citation&hl=en&user=UN4_VkEAAAAJ&cstart=400&pagesize=100&sortby=pubdate&citation_for_view=UN4_VkEAAAAJ:Fx13dKtzC7kC,,"R Thakur, AK Singh, RS Singh, NK Singh, SB Mishra, UK Singh, ...",,
Dr Avtar Singh,Detoxification using low cost adsorbents-removal of tetrachlorocatechol,2002,https://scholar.google.com/citations?view_op=view_citation&hl=en&user=UN4_VkEAAAAJ&cstart=400&pagesize=100&sortby=pubdate&citation_for_view=UN4_VkEAAAAJ:eG7oJ4UONFcC,"IPPTA: Quarterly Journal of Indian Pulp and Paper Technical Association, 2002","ID Mall, D Singh, AK Singh, BR Prasad, IM Mishra",1,
Dr Avtar Singh,Questionable Logic Animal Models and Extrapolation to Humans,2002,https://scholar.google.com/citations?view_op=view_citation&hl=en&user=UN4_VkEAAAAJ&cstart=500&pagesize=100&sortby=pubdate&citation_for_view=UN4_VkEAAAAJ:9fRKRCJz75UC,"MANUSHI, 37-40, 2002","A Singh, S Ghosh",,
Dr Avtar Singh,PDF File of AKSINGH,2002,https://scholar.google.com/citations?view_op=view_citation&hl=en&user=UN4_VkEAAAAJ&cstart=500&pagesize=100&sortby=pubdate&citation_for_view=UN4_VkEAAAAJ:gxb_f1p9zx4C,"HJKL 25 (4), 234-245, 2002",AK Singh,,
Dr Avtar Singh,Oxovanadium (IV) complexes of bioinorganic relevance: Synthesis and characterization of some oxovanadium (IV) complexes involving schiff bases derived from biologically active …,2002,https://scholar.google.com/citations?view_op=view_citation&hl=en&user=UN4_VkEAAAAJ&cstart=500&pagesize=100&sortby=pubdate&citation_for_view=UN4_VkEAAAAJ:eAUscmXIlQ8C,"Indian Journal of Chemistry 41, 98-142, 2002","RC Mauryu, H Singh, T Singh, AK Singh",,
Dr Avtar Singh,Role of space weather on VLF/ELF studies at low latitudes,2002,https://scholar.google.com/citations?view_op=view_citation&hl=en&user=UN4_VkEAAAAJ&cstart=500&pagesize=100&sortby=pubdate&citation_for_view=UN4_VkEAAAAJ:B2rIPIGFPLEC,"34th COSPAR Scientific Assembly 34, 2992, 2002","A Singh, R Singh",,
Dr Avtar Singh,"Study of magnetospheric substorm by means of magnetic pulsation, Pi-2",2002,https://scholar.google.com/citations?view_op=view_citation&hl=en&user=UN4_VkEAAAAJ&cstart=500&pagesize=100&sortby=pubdate&citation_for_view=UN4_VkEAAAAJ:LWqeokA2EBkC,"34th COSPAR Scientific Assembly 34, 2985, 2002","A Singh, R Singh",,
Dr Avtar Singh,HEATING ELEMENTS FOR HIGHER PRODUCTIVITY,2002,https://scholar.google.com/citations?view_op=view_citation&hl=en&user=UN4_VkEAAAAJ&cstart=500&pagesize=100&sortby=pubdate&citation_for_view=UN4_VkEAAAAJ:sJK75vZXtG0C,"Ceramic Industry 152 (5), 35-37, 2002","S Majumdar, AK Singh, B Basu, J Sekhar",,
Dr Avtar Singh,Productive performance of Soviet Chinchilla and Grey Giant under hot humid climate.,2002,https://scholar.google.com/citations?view_op=view_citation&hl=en&user=UN4_VkEAAAAJ&cstart=500&pagesize=100&sortby=pubdate&citation_for_view=UN4_VkEAAAAJ:MhiOAD_qIWkC,,"S Zesmarani, TP Tuithuang, AK Singh, SK Misra, DN Maitra",,
Dr Avtar Singh,"Hydrology of Ice-Covered Rivers and Lakes-Aspects of Weathering and Solute Acquisition Processes Controlling Chemistry of Sub-Alpine Proglacial Streams of Garhwal Himalaya, India",2002,https://scholar.google.com/citations?view_op=view_citation&hl=en&user=UN4_VkEAAAAJ&cstart=500&pagesize=100&sortby=pubdate&citation_for_view=UN4_VkEAAAAJ:t7zJ5fGR-2UC,"Hydrological Processes 16 (4), 835-850, 2002","MG Ferrick, TD Prowse, AK Singh, SI Hasnain",,
Dr Avtar Singh,Pharmacology-Regular Articles-N-Terminal Acylation of Somatostatin Analog with Long Chain Fatty Acids Enhances Its Stability and Anti-Proliferative Activity in Human Breast …,2002,https://scholar.google.com/citations?view_op=view_citation&hl=en&user=UN4_VkEAAAAJ&cstart=500&pagesize=100&sortby=pubdate&citation_for_view=UN4_VkEAAAAJ:LPZeul_q3PIC,"Biological and Pharmaceutical Bulletin 25 (1), 29-36, 2002","P Dasgupta, A Singh, R Mukherjee",,
Dr Avtar Singh,RESEARCH COMMUNICATIONS-Galactosylsphingosine (psychosine)-induced expression of cytokine-mediated inducible nitric oxide synthases via AP-1 and C/EBP: Implications for Krabbe …,2002,https://scholar.google.com/citations?view_op=view_citation&hl=en&user=UN4_VkEAAAAJ&cstart=500&pagesize=100&sortby=pubdate&citation_for_view=UN4_VkEAAAAJ:EUQCXRtRnyEC,"FASEB Journal-Federation of American Societies for Experimental Biology 16 …, 2002","S Giri, M Jatana, R Rattan, JS Won, I Singh, AK Singh",,
Dr Avtar Singh,Development of chloroplast in dark-grown wheat seedlings irradiated at elevated temperature,2001,https://scholar.google.com/citations?view_op=view_citation&hl=en&user=UN4_VkEAAAAJ&cstart=500&pagesize=100&sortby=pubdate&citation_for_view=UN4_VkEAAAAJ:EBV337fEn3EC,"Photosynthetica 39 (4), 521-527, 2001","AK Singh, GS Singhal",,
Dr Avtar Singh,Effect of cold rolling on the transition texture of commercially pure titanium,2001,https://scholar.google.com/citations?view_op=view_citation&hl=en&user=UN4_VkEAAAAJ&cstart=500&pagesize=100&sortby=pubdate&citation_for_view=UN4_VkEAAAAJ:tL5YfqkXb3gC,"Le Journal de Physique IV 11 (PR4), Pr4-91-Pr4-98, 2001","N Gey, M Humbert, AK Singh",,
Dr Avtar Singh,Amelioration of experimental allergic encephalomyelitis in Lewis rats by Lovastatin: a novel role for statins.,2001,https://scholar.google.com/citations?view_op=view_citation&hl=en&user=UN4_VkEAAAAJ&cstart=500&pagesize=100&sortby=pubdate&citation_for_view=UN4_VkEAAAAJ:t6usbXjVLHcC,"JOURNAL OF NEUROCHEMISTRY 78, 47-47, 2001","R Stanislaus, AK Singh, I Singh",,
Dr Avtar Singh,Facility for characterizing superconducting cables up to 1.5 kA current under magnetic field up to 7.4 T,2001,https://scholar.google.com/citations?view_op=view_citation&hl=en&user=UN4_VkEAAAAJ&cstart=500&pagesize=100&sortby=pubdate&citation_for_view=UN4_VkEAAAAJ:CKf5m1HYVjMC,,"MR Singh, DG Kulkarni, G Ravikumar, KL Patel, PK Mishra, ...",,
Dr Avtar Singh,15. Sikh Education & Research,2001,https://scholar.google.com/citations?view_op=view_citation&hl=en&user=UN4_VkEAAAAJ&cstart=500&pagesize=100&sortby=pubdate&citation_for_view=UN4_VkEAAAAJ:1Ye0OR6EYb4C,"Conference Proceedings, 33rd session 182, 89, 2001","RL Ahuja, JS Aman, A Singh, S Ashta, A Singh, KS Bajwa, B Kaur, ...",,
Dr Avtar Singh,Augmentation of Plant Genetic Resources through Assembly of Indian Released Varieties and Registered Germplasm,2001,https://scholar.google.com/citations?view_op=view_citation&hl=en&user=UN4_VkEAAAAJ&cstart=500&pagesize=100&sortby=pubdate&citation_for_view=UN4_VkEAAAAJ:NxmKEeNBbOMC,"Indian Journal of Plant Genetic Resources 14 (02), 260-261, 2001","SK Jain, A Sharma, AD Sharma, M Uprety, J Radhamani, V Gupta, ...",,
Dr Avtar Singh,Importance of Passport Data in Plant Genetic Resources Management,2001,https://scholar.google.com/citations?view_op=view_citation&hl=en&user=UN4_VkEAAAAJ&cstart=500&pagesize=100&sortby=pubdate&citation_for_view=UN4_VkEAAAAJ:YlPif8NxrbYC,"Indian Journal of Plant Genetic Resources 14 (02), 308-309, 2001","K Srinivasan, A Sharma, RS Yadav, AD Sharma, M Upreti, C Devi, A Kak, ...",,
Dr Avtar Singh,Unsteady Free Convective MHD Flow of a Viscous Fluid in a Vertical Channel,2001,https://scholar.google.com/citations?view_op=view_citation&hl=en&user=UN4_VkEAAAAJ&cstart=500&pagesize=100&sortby=pubdate&citation_for_view=UN4_VkEAAAAJ:z3pV1qEBaUAC,"ULTRA SCIENTIST OF PHYSICAL SCIENCES 13 (3), 378-381, 2001","NP Singh, AK Singh, MK Yadav, AK Singh",,
Dr Avtar Singh,Wastewater treatment: With bagasse fly ash and activated carbon,2001,https://scholar.google.com/citations?view_op=view_citation&hl=en&user=UN4_VkEAAAAJ&cstart=500&pagesize=100&sortby=pubdate&citation_for_view=UN4_VkEAAAAJ:-LHtoeeytlUC,"Chemical engineering world 36 (12), 156-159, 2001","ID Mall, PM Pandey, B Prasad, AK Singh",,
Dr Avtar Singh,"Biodiversity, systematics, morphology, and evolution-Flagellar microstructures of male tiger beetles (Coleoptera: Cicindelidae): Implications for systematics and functional …",2001,https://scholar.google.com/citations?view_op=view_citation&hl=en&user=UN4_VkEAAAAJ&cstart=500&pagesize=100&sortby=pubdate&citation_for_view=UN4_VkEAAAAJ:eFf2swCANGcC,"Canadian Entomologist 133 (5), 633-642, 2001","R Freitag, A Hartwick, A Singh",,
Dr Avtar Singh,Germplasm Monitoring at National Gene Bank,2001,https://scholar.google.com/citations?view_op=view_citation&hl=en&user=UN4_VkEAAAAJ&cstart=500&pagesize=100&sortby=pubdate&citation_for_view=UN4_VkEAAAAJ:2ywjKiB__4kC,"Indian Journal of Plant Genetic Resources 14 (2), 306-307, 2001","V Gupta, K Srinivasan, N Singh, S Saxena, SK Jain, A Kak, M Uprety, ...",,
Dr Avtar Singh,Effect of root promoting chemicals on rooting and survival of Euphorbia pulcherrima Willd cv. Eckes Point stem cuttings.,2001,https://scholar.google.com/citations?view_op=view_citation&hl=en&user=UN4_VkEAAAAJ&cstart=500&pagesize=100&sortby=pubdate&citation_for_view=UN4_VkEAAAAJ:v_xunPV0uK0C,,AK Singh,,
Dr Avtar Singh,On the thermal boundary layer of a moving flat plate thermometer in the presence of Ohmic heating,2000,https://scholar.google.com/citations?view_op=view_citation&hl=en&user=UN4_VkEAAAAJ&cstart=500&pagesize=100&sortby=pubdate&citation_for_view=UN4_VkEAAAAJ:wTekDMGr9GkC,"Applied Mechanics and Engineering 5 (2), 303-313, 2000","AK Singh, P Chandran, NC Sacheti",1,
Dr Avtar Singh,Discrimination and mapping of phase distributions by automated crystal orientation,2000,https://scholar.google.com/citations?view_op=view_citation&hl=en&user=UN4_VkEAAAAJ&cstart=500&pagesize=100&sortby=pubdate&citation_for_view=UN4_VkEAAAAJ:RgMnzfD6kpIC,"Materials Science and Technology 16, 1389, 2000","I SUIrennent, RA Schwarzer, AK Singh, J Sukkau",,
Dr Avtar Singh,Conjugated Linoleic Acid in Dairy Products,2000,https://scholar.google.com/citations?view_op=view_citation&hl=en&user=UN4_VkEAAAAJ&cstart=500&pagesize=100&sortby=pubdate&citation_for_view=UN4_VkEAAAAJ:N5XbD978G_MC,"INDIAN DAIRYMAN 52 (2), 29-34, 2000","S Arora, R Seth, A Singh",,
Dr Avtar Singh,Comparative performance of photosensitive varieties under extreme late planted conditions in North Bihar Alluvial Plains,2000,https://scholar.google.com/citations?view_op=view_citation&hl=en&user=UN4_VkEAAAAJ&cstart=500&pagesize=100&sortby=pubdate&citation_for_view=UN4_VkEAAAAJ:8moDcb_GFzgC,"ORYZA 37 (1), 85-86, 2000","S Shriwastwa, SS Singh, AK Singh",,
Dr Avtar Singh,26. Sikh Diaspora,2000,https://scholar.google.com/citations?view_op=view_citation&hl=en&user=UN4_VkEAAAAJ&cstart=500&pagesize=100&sortby=pubdate&citation_for_view=UN4_VkEAAAAJ:dAp6zn-oMfAC,"Guru Nanak Journal of Sociology 21 (1-2), 1-28, 2000","JS Ahluwalia, K Ahmed, GK Adapt, A Singh, M Angelo, A Singh, BK Axel, ...",,
Dr Avtar Singh,OpERATioNAl Aspects Of SoIar PV Puiwp BasecI DRip SysTEM For Oik. IiarcIs,2000,https://scholar.google.com/citations?view_op=view_citation&hl=en&user=UN4_VkEAAAAJ&cstart=500&pagesize=100&sortby=pubdate&citation_for_view=UN4_VkEAAAAJ:orDZ08hpP44C,"Renewable Energy Technology for the New Millennium: Proceedings of the 24th …, 2000","PC Pande, AK Singh, S Ansari, SK Vyas, BK Dave",,
Dr Avtar Singh,Transient Natural Convection in a Vertical Channel,2000,https://scholar.google.com/citations?view_op=view_citation&hl=en&user=UN4_VkEAAAAJ&cstart=500&pagesize=100&sortby=pubdate&citation_for_view=UN4_VkEAAAAJ:puFLaqDw8dcC,"JOURNAL OF ENERGY HEAT AND MASS TRANSFER 22 (3), 205-208, 2000","T Paul, BK Jha, AK Singh",,
Dr Avtar Singh,Introduction of clary sage (Salvia sclarea) in Uttar Pradesh for quality essential oil through selection for earliness.,1999,https://scholar.google.com/citations?view_op=view_citation&hl=en&user=UN4_VkEAAAAJ&cstart=500&pagesize=100&sortby=pubdate&citation_for_view=UN4_VkEAAAAJ:kVjdVfd2voEC,,"AK Singh, PS Bist, KS Kailash Singh, HP Singh, DK Dinesh Kumar, ...",,
Dr Avtar Singh,Guru Gobind Singh's Theory Of Karma,1999,https://scholar.google.com/citations?view_op=view_citation&hl=en&user=UN4_VkEAAAAJ&cstart=500&pagesize=100&sortby=pubdate&citation_for_view=UN4_VkEAAAAJ:Dem6FJhTUoYC,"The Sikh tradition, 193-200, 1999",A Singh,,
Dr Avtar Singh,Angiotensin I converting enzyme and gelatinase activity in ocular tissues of diabetic rats,1999,https://scholar.google.com/citations?view_op=view_citation&hl=en&user=UN4_VkEAAAAJ&cstart=500&pagesize=100&sortby=pubdate&citation_for_view=UN4_VkEAAAAJ:p2g8aNsByqUC,"FASEB JOURNAL 13 (5), A1114-A1114, 1999","R Igic, AK Singh, AA Pegoraro, M Shaykh, L Wania-Galicia, K Sheth",,
Dr Avtar Singh,Green tea constituent inhibits angiogenic differentiation of human endothelial cells.,1999,https://scholar.google.com/citations?view_op=view_citation&hl=en&user=UN4_VkEAAAAJ&cstart=500&pagesize=100&sortby=pubdate&citation_for_view=UN4_VkEAAAAJ:Ui_nyea79ooC,"MOLECULAR BIOLOGY OF THE CELL 10, 323A-323A, 1999","AK Singh, S Madhavan, P Seth, MM Husain, P Anthony, H Mukhtar, ...",,
Dr Avtar Singh,TWO VERTICAL WALLS FILLED WITH,1999,https://scholar.google.com/citations?view_op=view_citation&hl=en&user=UN4_VkEAAAAJ&cstart=500&pagesize=100&sortby=pubdate&citation_for_view=UN4_VkEAAAAJ:ZpgFv6i7Z4gC,"Progress of Mathematics 33, 109, 1999","AK Mishra, T Paul, AK Singh",,
Dr Avtar Singh,Transgenic plants: tool for integrated pest management.,1999,https://scholar.google.com/citations?view_op=view_citation&hl=en&user=UN4_VkEAAAAJ&cstart=500&pagesize=100&sortby=pubdate&citation_for_view=UN4_VkEAAAAJ:vbti4gW_9XwC,,"BK Singh, DS Deshraj Sharma, AK Singh, KK Tripathi",1,
Dr Avtar Singh,QUALITY EVALUATION OF SANDALWOOD,1999,https://scholar.google.com/citations?view_op=view_citation&hl=en&user=UN4_VkEAAAAJ&cstart=500&pagesize=100&sortby=pubdate&citation_for_view=UN4_VkEAAAAJ:v1_lew4L6wgC,"Indian Perfumer 43 (2), 67-69, 1999","AA Naqvi, AK Singh, S Mandal",,
Dr Avtar Singh,Potential of rainfed winter crops after photosensitive rice (Oryza sativa) in lowland calcareous soils of north Bihar.,1998,https://scholar.google.com/citations?view_op=view_citation&hl=en&user=UN4_VkEAAAAJ&cstart=500&pagesize=100&sortby=pubdate&citation_for_view=UN4_VkEAAAAJ:GUJN1xMjMHAC,,"SS Singh, SM Prasad, RB Thakur, AK Singh",,
Dr Avtar Singh,Increased endothelin-1 production during cold ischemia in steatotic and nonfunctional human liver allografts may indicate enhanced susceptibility to ischemia-reperfusion injury,1998,https://scholar.google.com/citations?view_op=view_citation&hl=en&user=UN4_VkEAAAAJ&cstart=500&pagesize=100&sortby=pubdate&citation_for_view=UN4_VkEAAAAJ:OR75R8vi5nAC,"Transplantation 65 (5), 147, 1998","R Sindhi, K Pahan, I Singh, A Singh, PK Baliga, PR Rajagopalan, ...",,
Dr Avtar Singh,Islet-cell antibodies in different clinical types of diabetes in young subjects from North India,1998,https://scholar.google.com/citations?view_op=view_citation&hl=en&user=UN4_VkEAAAAJ&cstart=500&pagesize=100&sortby=pubdate&citation_for_view=UN4_VkEAAAAJ:M_lZXyI38BkC,"DIABETES 47, A217-A217, 1998","E Bhatia, AK Singh, V Bhatia, PG Colman",,
Dr Avtar Singh,Evaluation of {sup 99m} Tc-hydroxy-ethyl starch (HES) for inflammation scintigraphy,1998,https://scholar.google.com/citations?view_op=view_citation&hl=en&user=UN4_VkEAAAAJ&cstart=500&pagesize=100&sortby=pubdate&citation_for_view=UN4_VkEAAAAJ:BJbdYPG6LGMC,"Indian Journal Nuclear Medicine 13, 1998","AK Singh, T Singh, AK Babbar, A Bhatnagar",,
Dr Avtar Singh,"Freie Konvektion zwischen mit porösem Material gefüllten vertikalen, koaxialen Zylindern",1998,https://scholar.google.com/citations?view_op=view_citation&hl=en&user=UN4_VkEAAAAJ&cstart=500&pagesize=100&sortby=pubdate&citation_for_view=UN4_VkEAAAAJ:gI9wzKcniAoC,"Forschung im Ingenieurwesen 64, 157-162, 1998","T Paul, AK Singh",,
Dr Avtar Singh,Synergistic effect of tunicamycin on interferon induced changes in cell-cycle progression and proliferation.,1998,https://scholar.google.com/citations?view_op=view_citation&hl=en&user=UN4_VkEAAAAJ&cstart=500&pagesize=100&sortby=pubdate&citation_for_view=UN4_VkEAAAAJ:m44aUaJR3ikC,"MOLECULAR BIOLOGY OF THE CELL 9, 494A-494A, 1998","S Madhavan, AK Singh, RK Maheshwari",,
Dr Avtar Singh,Kinetic Parameters from TG Analysis of Bis-{2-(o-hydroxyphenyl) Benzoxazolato} Nickel (II) Complex,1998,https://scholar.google.com/citations?view_op=view_citation&hl=en&user=UN4_VkEAAAAJ&cstart=500&pagesize=100&sortby=pubdate&citation_for_view=UN4_VkEAAAAJ:X4-KO54GjGYC,"Asian Journal of Chemistry 10 (3), 432, 1998","AK Singh, AP Sinha, KK Singh",,
Dr Avtar Singh,Developmental profile of proteins of salivary glands and haemolymph of Dysdercus koenigii.,1998,https://scholar.google.com/citations?view_op=view_citation&hl=en&user=UN4_VkEAAAAJ&cstart=500&pagesize=100&sortby=pubdate&citation_for_view=UN4_VkEAAAAJ:RJNGbXJAtMsC,,"AK Singh, DK Dinesh Kumar",,
Dr Avtar Singh,Ethics and Religion,1997,https://scholar.google.com/citations?view_op=view_citation&hl=en&user=UN4_VkEAAAAJ&cstart=500&pagesize=100&sortby=pubdate&citation_for_view=UN4_VkEAAAAJ:QyXJ3EUuO1IC,"The origin and development of religion, 83-104, 1997",A Singh,,
Dr Avtar Singh,Effect of elevated temperature on the accumulation of thylakoid proteins and plastid gene expression during light induced chloroplast development,1997,https://scholar.google.com/citations?view_op=view_citation&hl=en&user=UN4_VkEAAAAJ&cstart=500&pagesize=100&sortby=pubdate&citation_for_view=UN4_VkEAAAAJ:MDX3w3dAD3YC,"Biological Bulletin of Poznań. Supplement 34, 1997","AK Singh, GS Singhal",,
Dr Avtar Singh,A Solution to Ecological Problems in Kumaun Himalaya,1997,https://scholar.google.com/citations?view_op=view_citation&hl=en&user=UN4_VkEAAAAJ&cstart=500&pagesize=100&sortby=pubdate&citation_for_view=UN4_VkEAAAAJ:__bU50VfleQC,"Geography and Environment: Regional lissues 2, 147, 1997","AK SINGH, GC JOSHI, PC PANDE",,
Dr Avtar Singh,Transient free convective flow in a vertical channel with constant temperature and constant heat flux on walls/Nichtstationaere freie Konvektionsstroemung in einem …,1997,https://scholar.google.com/citations?view_op=view_citation&hl=en&user=UN4_VkEAAAAJ&cstart=500&pagesize=100&sortby=pubdate&citation_for_view=UN4_VkEAAAAJ:oE_QS-WwsdAC,"Heat and Mass Transfer 32 (2), 61-64, 1997","T Paul, BK Jha, AK Singh",,
Dr Avtar Singh,A method for finding unbiased fuuction of complete sufficient statistic for reliability in some irregular families of distributions,1997,https://scholar.google.com/citations?view_op=view_citation&hl=en&user=UN4_VkEAAAAJ&cstart=500&pagesize=100&sortby=pubdate&citation_for_view=UN4_VkEAAAAJ:dJ_BR67V0s4C,"IAPQR TRANSACTIONS 22, 1-10, 1997","PN Jani, AK Singh",,
Dr Avtar Singh,Cytochrome P-450 2E1 in rat liver peroxisomes: Down regulation by ischemia-reperfusion,1997,https://scholar.google.com/citations?view_op=view_citation&hl=en&user=UN4_VkEAAAAJ&cstart=500&pagesize=100&sortby=pubdate&citation_for_view=UN4_VkEAAAAJ:738O_yMBCRsC,"FASEB JOURNAL 11 (9), A1276-A1276, 1997","K Pahan, BT Smith, AK Singh, I Singh",,
Dr Avtar Singh,Giant aneurysm of basilar artery presenting as extrapyramidal syndrome,1997,https://scholar.google.com/citations?view_op=view_citation&hl=en&user=UN4_VkEAAAAJ&cstart=500&pagesize=100&sortby=pubdate&citation_for_view=UN4_VkEAAAAJ:NXYAu82O0W8C,"JOURNAL OF NEUROVASCULAR DISEASE 2, 255-258, 1997","S Husain, S Puri, Z Husain, AK Singh",,
Dr Avtar Singh,Modulation of antioxidant enzyme system in kidney by ischemia-reperfusion injury,1997,https://scholar.google.com/citations?view_op=view_citation&hl=en&user=UN4_VkEAAAAJ&cstart=500&pagesize=100&sortby=pubdate&citation_for_view=UN4_VkEAAAAJ:OU6Ihb5iCvQC,"FASEB Journal 11 (3), A82, 1997","K Dobashi, B Ghosh, JK Orak, I Singh, AK Singh",,
Dr Avtar Singh,Impaired oxidation of nervonic acid in Zellweger syndrome and x-linked adrenoleukodystrophy,1997,https://scholar.google.com/citations?view_op=view_citation&hl=en&user=UN4_VkEAAAAJ&cstart=500&pagesize=100&sortby=pubdate&citation_for_view=UN4_VkEAAAAJ:SP6oXDckpogC,"JOURNAL OF NEUROCHEMISTRY 69, S193-S193, 1997","R Sandhir, M Khan, AK Singh, I Singh",,
Dr Avtar Singh,Low dose zidovudine (ZDV) reduces medium and long chain fatty acid oxidation in pregnant and neonatal rats,1996,https://scholar.google.com/citations?view_op=view_citation&hl=en&user=UN4_VkEAAAAJ&cstart=500&pagesize=100&sortby=pubdate&citation_for_view=UN4_VkEAAAAJ:UxriW0iASnsC,"PEDIATRIC RESEARCH 39 (4), 1033-1033, 1996","GM Johnson, M Gupta, K Krember, AK Singh, I Singh",,
Dr Avtar Singh,On Characterization of Multiparameter Exponential Family and of some Irregular Families of Distributions,1996,https://scholar.google.com/citations?view_op=view_citation&hl=en&user=UN4_VkEAAAAJ&cstart=500&pagesize=100&sortby=pubdate&citation_for_view=UN4_VkEAAAAJ:43LB_KcVqeAC,"Calcutta Statistical Association Bulletin 46 (1-2), 9-22, 1996","PN Jani, AK Singh",,
Dr Avtar Singh,"HI 8381, a new high-yielding durum wheat",1996,https://scholar.google.com/citations?view_op=view_citation&hl=en&user=UN4_VkEAAAAJ&cstart=500&pagesize=100&sortby=pubdate&citation_for_view=UN4_VkEAAAAJ:MUocvVTjX6cC,"INDIAN FARMING-DELHI-US JAIN- 46, 64-66, 1996","RS Thakur, AN Mishra, JSI Jardar, RC Bhawsar, BH Matai, AK Singh",,
Dr Avtar Singh,ON CHARACTERIZATION OF MULTIPARAMETER EXPONENTIAL FAMILY AND OF SOME IRREGULAR FAMILIES OF DISTRIBUTIONS PN JANI,1996,https://scholar.google.com/citations?view_op=view_citation&hl=en&user=UN4_VkEAAAAJ&cstart=500&pagesize=100&sortby=pubdate&citation_for_view=UN4_VkEAAAAJ:ZYLUaBFA95QC,"Calcutta Statistical Association Bulletin 46, 9, 1996",AK SINGH,,
Dr Avtar Singh,Effect of Double-Diffusive Convection on Macrosegregation During Solidification of Iron-Carbon Alloy,1996,https://scholar.google.com/citations?view_op=view_citation&hl=en&user=UN4_VkEAAAAJ&cstart=500&pagesize=100&sortby=pubdate&citation_for_view=UN4_VkEAAAAJ:VnuxuLaQPLMC,"JOURNAL OF ENERGY HEAT AND MASS TRANSFER 18, 31-38, 1996","AK Singh, B Basu",,
Dr Avtar Singh,Study on the survivability and growth of common carp (Cyprinus carpio) hatchlings reared in pig manured pond.,1996,https://scholar.google.com/citations?view_op=view_citation&hl=en&user=UN4_VkEAAAAJ&cstart=500&pagesize=100&sortby=pubdate&citation_for_view=UN4_VkEAAAAJ:Tfl4UtY-dJUC,,AK Singh,,
Dr Avtar Singh,India's Tax Authorities Target Expatriates,1996,https://scholar.google.com/citations?view_op=view_citation&hl=en&user=UN4_VkEAAAAJ&cstart=500&pagesize=100&sortby=pubdate&citation_for_view=UN4_VkEAAAAJ:oursBaop5wYC,"JOURNAL OF INTERNATIONAL TAXATION 7, 333-335, 1996","GM Singhal, A Singh",,
Dr Avtar Singh,"INTRODUCTION OF SCENTED ROSE, ROSA DAMASCENA MILL, IN UP HILLS",1996,https://scholar.google.com/citations?view_op=view_citation&hl=en&user=UN4_VkEAAAAJ&cstart=500&pagesize=100&sortby=pubdate&citation_for_view=UN4_VkEAAAAJ:U4n9YNQMCAIC,"Indian Perfumer 40 (1), 23-25, 1996","AK Singh, PS Bist, D Kumar, K Singh, AA Naqvi",,
Dr Avtar Singh,Genetic analysis for days to marketable maturity in radish (Raphanus sativus L.).,1996,https://scholar.google.com/citations?view_op=view_citation&hl=en&user=UN4_VkEAAAAJ&cstart=500&pagesize=100&sortby=pubdate&citation_for_view=UN4_VkEAAAAJ:bz8QjSJIRt4C,,"KS Chandel, AK Singh",1,
Dr Avtar Singh,Genetics of quantitative traits in carrot (Daucus carota L.).,1996,https://scholar.google.com/citations?view_op=view_citation&hl=en&user=UN4_VkEAAAAJ&cstart=500&pagesize=100&sortby=pubdate&citation_for_view=UN4_VkEAAAAJ:YohjEiUPhakC,,"KS Chandel, AK Singh, RS Rattan",,
Dr Avtar Singh,Genetics of root yield and leaf traits in radish (Raphanus sativus L.),1996,https://scholar.google.com/citations?view_op=view_citation&hl=en&user=UN4_VkEAAAAJ&cstart=500&pagesize=100&sortby=pubdate&citation_for_view=UN4_VkEAAAAJ:hCrLmN-GePgC,"HARYANA JOURNAL OF HORTICULTURAL SCIENCES 25, 230-237, 1996","KS Chandel, AK Singh",1,
Dr Avtar Singh,"Detection of additive, dominance and epistatic variation in quality traits of carrot (Daucus carota L.)",1996,https://scholar.google.com/citations?view_op=view_citation&hl=en&user=UN4_VkEAAAAJ&cstart=500&pagesize=100&sortby=pubdate&citation_for_view=UN4_VkEAAAAJ:k8Z6L05lTy4C,"HARYANA JOURNAL OF HORTICULTURAL SCIENCES 25, 64-69, 1996","KS Chandel, AK Singh, RS Rattan",2,
Dr Avtar Singh,Altered expression of antioxidant enzymes and level of lipid peroxide in rat kidney exposed to ischemia-reperfusion injury,1996,https://scholar.google.com/citations?view_op=view_citation&hl=en&user=UN4_VkEAAAAJ&cstart=500&pagesize=100&sortby=pubdate&citation_for_view=UN4_VkEAAAAJ:K3LRdlH-MEoC,"FASEB Journal 10 (3), A374, 1996","K Dobashi, B Ghosh, AK Singh, JK Orak, I Singh",,
Dr Avtar Singh,ABNORMALITY IN TRANSLATIONAL REGULATION OF CATALASE IN DISORDERS OF PEROXISOMAL BIOGENESIS,1995,https://scholar.google.com/citations?view_op=view_citation&hl=en&user=UN4_VkEAAAAJ&cstart=500&pagesize=100&sortby=pubdate&citation_for_view=UN4_VkEAAAAJ:08ZZubdj9fEC,"AMERICAN JOURNAL OF HUMAN GENETICS 57 (4), 1454-1454, 1995","I SINGH, K KREMSER, B GHOSH, AK SINGH, GS PAI",,
Dr Avtar Singh,BIOGENESIS OF CATALASE IN CONTROL AND ZELLWEGER-SYNDROME,1995,https://scholar.google.com/citations?view_op=view_citation&hl=en&user=UN4_VkEAAAAJ&cstart=500&pagesize=100&sortby=pubdate&citation_for_view=UN4_VkEAAAAJ:WbkHhVStYXYC,"FASEB JOURNAL 9 (3), 143-143, 1995","K Kremser, S PAI, AK Singh, I Singh",,
Dr Avtar Singh,Performance of some rice varieties under irrigated medium land situation of north-western Bihar.,1995,https://scholar.google.com/citations?view_op=view_citation&hl=en&user=UN4_VkEAAAAJ&cstart=500&pagesize=100&sortby=pubdate&citation_for_view=UN4_VkEAAAAJ:LiF7i2gyBHwC,,"SS Singh, BK Singh, AK Singh",,
Dr Avtar Singh,"Turant Dhan: a very early rice variety released in Bihar, India",1995,https://scholar.google.com/citations?view_op=view_citation&hl=en&user=UN4_VkEAAAAJ&cstart=500&pagesize=100&sortby=pubdate&citation_for_view=UN4_VkEAAAAJ:xUD2GqFNeDMC,"International Rice Research Notes (Philippines) 20 (4), 1995","R Thakur, AK Singh, RS Singh, M Mishra, RC Chaudhary",,
Dr Avtar Singh,Effects of dermal exposure to paraphenylenediamine in guinea pigs,1995,https://scholar.google.com/citations?view_op=view_citation&hl=en&user=UN4_VkEAAAAJ&cstart=500&pagesize=100&sortby=pubdate&citation_for_view=UN4_VkEAAAAJ:SC9kKMAi-DoC,"Journal of Toxicology: Cutaneous and Ocular Toxicology 14 (3), 207-210, 1995","AK Mathur, BN Gupta, S Singh, A Singh",,
Dr Avtar Singh,Field reaction of potato hybrids and varieties to late blight,1995,https://scholar.google.com/citations?view_op=view_citation&hl=en&user=UN4_VkEAAAAJ&cstart=500&pagesize=100&sortby=pubdate&citation_for_view=UN4_VkEAAAAJ:zTJoPluU4X4C,"Integrated Disease Management and Plant Health, 149, 1995","D SINGH, PC SHARMA, PD TYAGI, AK SINGH",,
Dr Avtar Singh,MHD flow of a second order Rivlin-ericksen fluid through a straight rectangular tube,1995,https://scholar.google.com/citations?view_op=view_citation&hl=en&user=UN4_VkEAAAAJ&cstart=500&pagesize=100&sortby=pubdate&citation_for_view=UN4_VkEAAAAJ:2mikiJ1VBVsC,"MATHEMATICS EDUCATION-INDIA- 29, 226-229, 1995","NP Singh, AK Singh, R Kumar",,
Dr Avtar Singh,ELSEVIER Reactive Polymers 24 (1995) 279,1995,https://scholar.google.com/citations?view_op=view_citation&hl=en&user=UN4_VkEAAAAJ&cstart=500&pagesize=100&sortby=pubdate&citation_for_view=UN4_VkEAAAAJ:gFrPXmx1TSsC,"Reactive Polymers 24, 279, 1995","C Ahmed, L Alaerts, SD Alexandratos, EA Bekturov, SA Bellamy, ...",,
Dr Avtar Singh,"Influence of chromium on growth, yield and accumulation of K, Fe and Mn in radish (Raphanus sativus).",1995,https://scholar.google.com/citations?view_op=view_citation&hl=en&user=UN4_VkEAAAAJ&cstart=500&pagesize=100&sortby=pubdate&citation_for_view=UN4_VkEAAAAJ:_mQi-xiA4oYC,,"AK Singh, PL Gupta",,
Dr Avtar Singh,Genetic studies in quantitative characters in carrot,1995,https://scholar.google.com/citations?view_op=view_citation&hl=en&user=UN4_VkEAAAAJ&cstart=500&pagesize=100&sortby=pubdate&citation_for_view=UN4_VkEAAAAJ:_FM0Bhl9EiAC,"Indian Journal of Horticulture 52 (4), 296-299, 1995","KS Chandel, AK Singh, RS Rattan",,
Dr Avtar Singh,Biochemical and histopathologic changes in liver and kidney of guinea pigs following dermal exposure to hexachlorophene,1994,https://scholar.google.com/citations?view_op=view_citation&hl=en&user=UN4_VkEAAAAJ&cstart=500&pagesize=100&sortby=pubdate&citation_for_view=UN4_VkEAAAAJ:cocyvO7vrcwC,"Journal of Toxicology: Cutaneous and Ocular Toxicology 13 (4), 317-325, 1994","AK Mathur, BN Gupta, A Singh, S Singh, S Narang, R Shanker",,
Dr Avtar Singh,Art of designing on-farm trials in risk prone rainfed lowland rice ecosystem: impact analysis,1994,https://scholar.google.com/citations?view_op=view_citation&hl=en&user=UN4_VkEAAAAJ&cstart=500&pagesize=100&sortby=pubdate&citation_for_view=UN4_VkEAAAAJ:YEBtnu9hOHUC,,"RS Singh, R Thakur, AK Singh",,
Dr Avtar Singh,Sustainable technology for rainfed lowland rice ecosystem through FSR [Farming Systems Research] linkage with on-station research,1994,https://scholar.google.com/citations?view_op=view_citation&hl=en&user=UN4_VkEAAAAJ&cstart=500&pagesize=100&sortby=pubdate&citation_for_view=UN4_VkEAAAAJ:MbTKqoTs-1EC,"Rice Farming Systems Technical Exchange (Philippines) 3 (2), 1994","R Thakur, AK Singh, RS Singh",,
Dr Avtar Singh,"Development of a sustainable deepwater rice farming system in Bihar, India",1994,https://scholar.google.com/citations?view_op=view_citation&hl=en&user=UN4_VkEAAAAJ&cstart=500&pagesize=100&sortby=pubdate&citation_for_view=UN4_VkEAAAAJ:1Lk_dUza_R0C,"Rice Farming Systems Technical Exchnage (Philippines) 3 (2), 1994","R Thakur, AK Singh, RS Singh, SS Singh",,
Dr Avtar Singh,Screening of various substrates for mushroom spawn preparation,1994,https://scholar.google.com/citations?view_op=view_citation&hl=en&user=UN4_VkEAAAAJ&cstart=500&pagesize=100&sortby=pubdate&citation_for_view=UN4_VkEAAAAJ:4WewbtJKmRkC,"Haryana Agricultural University Journal of Research (India) 24 (2-3), 1994","A Singh, LC Saini",1,
Dr Avtar Singh,Weed management in rice (Oryza sativa)-lentil (Lens culinaris) sequence under dryland conditions of Varanasi.,1994,https://scholar.google.com/citations?view_op=view_citation&hl=en&user=UN4_VkEAAAAJ&cstart=500&pagesize=100&sortby=pubdate&citation_for_view=UN4_VkEAAAAJ:dhpJJ7xvgBgC,,"AK Singh, RA Singh",1,
Dr Avtar Singh,"Cesternosides A and B, novel glucosides from the leaves of Cestrum nocturnum.",1994,https://scholar.google.com/citations?view_op=view_citation&hl=en&user=UN4_VkEAAAAJ&cstart=500&pagesize=100&sortby=pubdate&citation_for_view=UN4_VkEAAAAJ:lK9BDNCuzFgC,,"MS Mahendra Sahai, MS Manorama Singh, AK Singh, N Hara, Y Fujimoto",,
Dr Avtar Singh,6. Sikh History,1994,https://scholar.google.com/citations?view_op=view_citation&hl=en&user=UN4_VkEAAAAJ&cstart=500&pagesize=100&sortby=pubdate&citation_for_view=UN4_VkEAAAAJ:sJPMR1oEGYQC,"History 2, 127-30, 1994","ML Ahluwalia, S Ali, A Kaur, RH Anderson, JHL Archer, AC Arora, A Singh, ...",,
Dr Avtar Singh,"Pant lentil 4: a high-yielding, rust-, wilt-and blight-resistant variety for the north-western plains of India [Lens culinaris]",1994,https://scholar.google.com/citations?view_op=view_citation&hl=en&user=UN4_VkEAAAAJ&cstart=500&pagesize=100&sortby=pubdate&citation_for_view=UN4_VkEAAAAJ:BrmTIyaxlBUC,,"IS Singh, J Singh, AK Singh, MP Chauhan",,
Dr Avtar Singh,Development and environmental crisis in Kumaon Hills.,1993,https://scholar.google.com/citations?view_op=view_citation&hl=en&user=UN4_VkEAAAAJ&cstart=500&pagesize=100&sortby=pubdate&citation_for_view=UN4_VkEAAAAJ:rOcdG6UcVlcC,,"DS Singh, AK Singh",,
Dr Avtar Singh,EPRI root cause advisory workstation'ERCAWS',1993,https://scholar.google.com/citations?view_op=view_citation&hl=en&user=UN4_VkEAAAAJ&cstart=500&pagesize=100&sortby=pubdate&citation_for_view=UN4_VkEAAAAJ:vnF2_uLGgtgC,,"A Singh, C Chiu, RB Hackman",,
Dr Avtar Singh,"WARM BODY, COLD HEART-SURGERY-CLINICAL-EXPERIENCE IN 2817 PATIENTS-DISCUSSION",1993,https://scholar.google.com/citations?view_op=view_citation&hl=en&user=UN4_VkEAAAAJ&cstart=500&pagesize=100&sortby=pubdate&citation_for_view=UN4_VkEAAAAJ:pk6FPx6l9xIC,"EUROPEAN JOURNAL OF CARDIO-THORACIC SURGERY 7 (5), 230-230, 1993","P MENASCHE, AK SINGH, R LANDYMORE, AK SINGH, RA CICHON, ...",,
Dr Avtar Singh,Magneto-hydro-dynamic flow of a dusty visco-elastic liquid (Oldroyd B-liquid) down an inclined plane,1993,https://scholar.google.com/citations?view_op=view_citation&hl=en&user=UN4_VkEAAAAJ&cstart=500&pagesize=100&sortby=pubdate&citation_for_view=UN4_VkEAAAAJ:nnITTVbzT6kC,"Indian Journal of Theoretical Physics 41, 1993","AK Singh, NP Singh",,
Dr Avtar Singh,Utility of Aharas and Pynes in Bihar for aquaculture,1993,https://scholar.google.com/citations?view_op=view_citation&hl=en&user=UN4_VkEAAAAJ&cstart=500&pagesize=100&sortby=pubdate&citation_for_view=UN4_VkEAAAAJ:54SpJiyHbzwC,"FISH. CHIMES 13 (7), 11-15, 1993","AK Singh, SH Ahmad",,
Dr Avtar Singh,Interaction of linear alkylbenzene sulfonate and hexachlorocyclohexane in guinea pigs after dermal application,1993,https://scholar.google.com/citations?view_op=view_citation&hl=en&user=UN4_VkEAAAAJ&cstart=500&pagesize=100&sortby=pubdate&citation_for_view=UN4_VkEAAAAJ:pxLfhFzThFYC,"Journal of Toxicology: Cutaneous and Ocular Toxicology 12 (1), 25-34, 1993","AK Mathur, S Narang, BN Gupta, R Shanker, S Singh, A Singh",2,
Dr Avtar Singh,Defective Transport of HSV-1 and HIV Glycoprotein in Interferon-Treated Cells: Role of Intracellular pH,1993,https://scholar.google.com/citations?view_op=view_citation&hl=en&user=UN4_VkEAAAAJ&cstart=500&pagesize=100&sortby=pubdate&citation_for_view=UN4_VkEAAAAJ:z-B63o8J19IC,"JOURNAL OF INTERFERON RESEARCH 13, W17-1, 1993","GS Sidhu, AK Singh, SS Sivaram, K Liu",,
Dr Avtar Singh,Characteristics of Drift Eliminators of an Evaporative Condenser,1993,https://scholar.google.com/citations?view_op=view_citation&hl=en&user=UN4_VkEAAAAJ&cstart=500&pagesize=100&sortby=pubdate&citation_for_view=UN4_VkEAAAAJ:2SFquFhkCoYC,"Journal of Energy, Heat and Mass Transfer 15, 331-337, 1993","AK Singh, AKM Mohiuddin, K Kant",1,
Dr Avtar Singh,Rotation effect on unsteady MHD free convective flow near an accelerated vertical plate,1993,https://scholar.google.com/citations?view_op=view_citation&hl=en&user=UN4_VkEAAAAJ&cstart=500&pagesize=100&sortby=pubdate&citation_for_view=UN4_VkEAAAAJ:654Jc7Ppz2kC,"MODELLING MEASUREMENT AND CONTROL B SOLID AND FLUID MECHANICS AND THERMICS …, 1993","AK Singh, JN Singh",,
Dr Avtar Singh,Effect of NPK combinations and spacings on yield and quality traits of ginger.,1993,https://scholar.google.com/citations?view_op=view_citation&hl=en&user=UN4_VkEAAAAJ&cstart=500&pagesize=100&sortby=pubdate&citation_for_view=UN4_VkEAAAAJ:WGv8Og3F3KgC,,"AK Singh, BN Bhanu Neopaney",,
Dr Avtar Singh,Transient free convection flow past an infinite vertical porous plate in a dissipative fluid,1993,https://scholar.google.com/citations?view_op=view_citation&hl=en&user=UN4_VkEAAAAJ&cstart=500&pagesize=100&sortby=pubdate&citation_for_view=UN4_VkEAAAAJ:C-Rn0OCouf8C,"MODELLING MEASUREMENT AND CONTROL B SOLID AND FLUID MECHANICS AND THERMICS …, 1993",AK Singh,,
Dr Avtar Singh,Design of Safe Slopes After Failure During an Earthquake,1993,https://scholar.google.com/citations?view_op=view_citation&hl=en&user=UN4_VkEAAAAJ&cstart=500&pagesize=100&sortby=pubdate&citation_for_view=UN4_VkEAAAAJ:T8_be82Iz5gC,"University of Missouri--Rolla, 1993","BVK Lavania, AD Pandey, AK Singh, S Singhal",,
Dr Avtar Singh,Landslide mechanism in Central Himalaya (India): causes and controls.,1993,https://scholar.google.com/citations?view_op=view_citation&hl=en&user=UN4_VkEAAAAJ&cstart=500&pagesize=100&sortby=pubdate&citation_for_view=UN4_VkEAAAAJ:kUhpeDhEZMUC,,"RK Pande, AK Singh",,
Dr Avtar Singh,Identifying maintainers and restorers of cytoplasmic genetic male sterile (CMS) lines for hybrid rice breeding.,1993,https://scholar.google.com/citations?view_op=view_citation&hl=en&user=UN4_VkEAAAAJ&cstart=500&pagesize=100&sortby=pubdate&citation_for_view=UN4_VkEAAAAJ:FiDNX6EVdGUC,,"DM Maurya, SP Giri, AK Singh",1,
Dr Avtar Singh,"Role of infested left out potatoes on the overwintering and dissemination of root-knot nematode, Meloidogyne incognita in field",1993,https://scholar.google.com/citations?view_op=view_citation&hl=en&user=UN4_VkEAAAAJ&cstart=500&pagesize=100&sortby=pubdate&citation_for_view=UN4_VkEAAAAJ:FiytvqdAVhgC,"Indian Journal of Nematology 23 (2), 183-187, 1993","M Nagesh, SS Misra, AK Singh",,
Dr Avtar Singh,Cell wall degrading enzymes in Orobanche aegyptiaca and its host Brassica campestris [xylanase],1993,https://scholar.google.com/citations?view_op=view_citation&hl=en&user=UN4_VkEAAAAJ&cstart=600&pagesize=100&sortby=pubdate&citation_for_view=UN4_VkEAAAAJ:wMgC3FpKEyYC,"Physiologia Plantarum (Denmark) 89 (1), 1993","A Singh, M Singh",,
Dr Avtar Singh,Genetic analysis of quantitative traits in carrot (Daucus carota L.).,1993,https://scholar.google.com/citations?view_op=view_citation&hl=en&user=UN4_VkEAAAAJ&cstart=600&pagesize=100&sortby=pubdate&citation_for_view=UN4_VkEAAAAJ:5qfkUJPXOUwC,,"KS Chandel, AK Singh, RS Rattan",,
Dr Avtar Singh,Gene effects for root and leaf weight characters in radish (Raphanus sativus L.).,1993,https://scholar.google.com/citations?view_op=view_citation&hl=en&user=UN4_VkEAAAAJ&cstart=600&pagesize=100&sortby=pubdate&citation_for_view=UN4_VkEAAAAJ:Dip1O2bNi0gC,,"KS Chandel, RS Rattan, AK Singh",,
Dr Avtar Singh,"Warm body, cold heart surgery",1992,https://scholar.google.com/citations?view_op=view_citation&hl=en&user=UN4_VkEAAAAJ&cstart=600&pagesize=100&sortby=pubdate&citation_for_view=UN4_VkEAAAAJ:b8wqy9DyMDUC,"Eur J Cardiothorac Surg 53, 957-964, 1992",AK SINGH,,
Dr Avtar Singh,Electromigration method of studying mixed metal-nitrilotriacetate-leucine complexes,1992,https://scholar.google.com/citations?view_op=view_citation&hl=en&user=UN4_VkEAAAAJ&cstart=600&pagesize=100&sortby=pubdate&citation_for_view=UN4_VkEAAAAJ:-fu4zM_6qcIC,"Russian journal of physical chemistry 66 (9), 1341-1343, 1992","K Gupta, AK Singh, SR TRIPATHI",,
Dr Avtar Singh,Riboflavin deficiency in domestic fowl: incidence and pathological observations,1992,https://scholar.google.com/citations?view_op=view_citation&hl=en&user=UN4_VkEAAAAJ&cstart=600&pagesize=100&sortby=pubdate&citation_for_view=UN4_VkEAAAAJ:ukw-9cB-YDkC,"Journal of Research-PAU, Ludhiana (India) 29 (1), 1992","A Singh, GS Grewal",,
Dr Avtar Singh,Studies on plant habit and leaf orientation at various growth stages in spring wheat.,1992,https://scholar.google.com/citations?view_op=view_citation&hl=en&user=UN4_VkEAAAAJ&cstart=600&pagesize=100&sortby=pubdate&citation_for_view=UN4_VkEAAAAJ:uVUOdF_882EC,,AK Singh,,
Dr Avtar Singh,Testing and evaluation of fuel filters used on tractors.,1991,https://scholar.google.com/citations?view_op=view_citation&hl=en&user=UN4_VkEAAAAJ&cstart=600&pagesize=100&sortby=pubdate&citation_for_view=UN4_VkEAAAAJ:NtGNdKbuCngC,,"AK Singh, ML Mehta, R Tiwari",,
Dr Avtar Singh,Pattern of skin tuberculosis in Bhagalpur,1991,https://scholar.google.com/citations?view_op=view_citation&hl=en&user=UN4_VkEAAAAJ&cstart=600&pagesize=100&sortby=pubdate&citation_for_view=UN4_VkEAAAAJ:KVXOKlNwS8oC,"Indian Medical Journal 85 (6), 213-214, 1991","DK THAKUR, AK SINGH",,
Dr Avtar Singh,"Development of commercial plantation agriculture in Nilgiri-Wynad, Tamil Nadu.",1991,https://scholar.google.com/citations?view_op=view_citation&hl=en&user=UN4_VkEAAAAJ&cstart=600&pagesize=100&sortby=pubdate&citation_for_view=UN4_VkEAAAAJ:jq04SsiGh3QC,,AK Singh,,
Dr Avtar Singh,GENERAL AND KINETIC-PROPERTIES OF A CELLULASE FROM ASPERGILLUS-NIGER,1990,https://scholar.google.com/citations?view_op=view_citation&hl=en&user=UN4_VkEAAAAJ&cstart=600&pagesize=100&sortby=pubdate&citation_for_view=UN4_VkEAAAAJ:CaZNVDsoPx4C,"BIOLOGICAL CHEMISTRY HOPPE-SEYLER 371 (9), 823-823, 1990",A SINGH,,
Dr Avtar Singh,Ulnar Fasciocutaneous Flap for Lower Forearms Defects,1990,https://scholar.google.com/citations?view_op=view_citation&hl=en&user=UN4_VkEAAAAJ&cstart=600&pagesize=100&sortby=pubdate&citation_for_view=UN4_VkEAAAAJ:5rMqqAh47xYC,"Indian Journal of Plastic Surgery 23 (01), 031-032, 1990","RP Singh, AK Singh, P Tiwari",,
Dr Avtar Singh,Effect of pre-released medium duration rice varieties to levels of nitrogen.,1990,https://scholar.google.com/citations?view_op=view_citation&hl=en&user=UN4_VkEAAAAJ&cstart=600&pagesize=100&sortby=pubdate&citation_for_view=UN4_VkEAAAAJ:ZppSRAJs3i8C,,"DK Roy, RB Thakur, SB Singh, AK Singh",,
Dr Avtar Singh,Studies on performance of promising soybean varieties to bacterial leaf spot disease in agroclimatic conditions of Rewa region.,1990,https://scholar.google.com/citations?view_op=view_citation&hl=en&user=UN4_VkEAAAAJ&cstart=600&pagesize=100&sortby=pubdate&citation_for_view=UN4_VkEAAAAJ:ZqLB7dQ1iF4C,,"HS Kushwaha, SK Tripathi, AK Singh",1,
Dr Avtar Singh,ASSESSMENT OF VESSEL PATENCY AND MYOCARDIAL ISCHEMIA AFTER PTCA BY QUANTITATION OF STANDARD SPECT POLAR MAPS,1989,https://scholar.google.com/citations?view_op=view_citation&hl=en&user=UN4_VkEAAAAJ&cstart=600&pagesize=100&sortby=pubdate&citation_for_view=UN4_VkEAAAAJ:E8ajGqO0XoUC,"CLINICAL RESEARCH 37 (2), A293-A293, 1989","CWJ SCHIEPERS, A SINGH, JA SOSA",,
Dr Avtar Singh,INSITU GENETIC COMPLEMENTATION ANALYSIS OF DISORDERS WITH GENERALIZED PEROXISOMAL DYSFUNCTION,1989,https://scholar.google.com/citations?view_op=view_citation&hl=en&user=UN4_VkEAAAAJ&cstart=600&pagesize=100&sortby=pubdate&citation_for_view=UN4_VkEAAAAJ:uWQEDVKXjbEC,"CLINICAL RESEARCH 37 (2), A832-A832, 1989","WS STANLEY, AK SINGH, N KULVATUNYOU, I SINGH",,
Dr Avtar Singh,In-Situ Processing of Epitaxial and Textured High Tc Superconducting Hoba2Cu3O7. X Thin Films By Pulsed Laser Evaporation Technique,1989,https://scholar.google.com/citations?view_op=view_citation&hl=en&user=UN4_VkEAAAAJ&cstart=600&pagesize=100&sortby=pubdate&citation_for_view=UN4_VkEAAAAJ:hEXC_dOfxuUC,"MRS Online Proceedings Library (OPL) 169, 459, 1989","CB Lee, R Prasad, AK Singh, S Sharan, RK Singh, P Tiwari, J Narayan, ...",,
Dr Avtar Singh,In‐Situ Fabrication of YBa2Cu3O7‐x Superconducting Thin Films Directly on Silicon Substrates with Tc0> 77K,1989,https://scholar.google.com/citations?view_op=view_citation&hl=en&user=UN4_VkEAAAAJ&cstart=600&pagesize=100&sortby=pubdate&citation_for_view=UN4_VkEAAAAJ:uoRD4RTSUPoC,"MRS Online Proceedings Library (OPL) 169, 481, 1989","CB Lee, RK Singh, S Sharan, AK Singh, P Tiwari, J Narayan",,
Dr Avtar Singh,Adaptive Filters For Digital AGC As Applied To Abnormal Holter ECG,1988,https://scholar.google.com/citations?view_op=view_citation&hl=en&user=UN4_VkEAAAAJ&cstart=600&pagesize=100&sortby=pubdate&citation_for_view=UN4_VkEAAAAJ:t9Ks5LMjN0QC,"Twenty-Second Asilomar Conference on Signals, Systems and Computers 2, 945-949, 1988",A Singh,,
Dr Avtar Singh,EFFECT OF FATTY-ACIDS AND THEIR DERIVATIVES ON THE MITOCHONDRIAL STRUCTURE,1988,https://scholar.google.com/citations?view_op=view_citation&hl=en&user=UN4_VkEAAAAJ&cstart=600&pagesize=100&sortby=pubdate&citation_for_view=UN4_VkEAAAAJ:XiSMed-E-HIC,"FASEB JOURNAL 2 (5), A1586-A1586, 1988","AK SINGH, Y YOSHIDA, AJ GARVIN, I SINGH",,
Dr Avtar Singh,Heat transfer aspect in generalized hydromagnetic Couette flow through a channel bounded by a naturally permeable material,1988,https://scholar.google.com/citations?view_op=view_citation&hl=en&user=UN4_VkEAAAAJ&cstart=600&pagesize=100&sortby=pubdate&citation_for_view=UN4_VkEAAAAJ:INdAjOZKYREC,"Modelling, simulation & control. B 19 (1), 21-32, 1988","NC Sacheti, AK Singh",,
Dr Avtar Singh,HALL EFFECTS ON RAYLEIGH'S PROBLEM.,1988,https://scholar.google.com/citations?view_op=view_citation&hl=en&user=UN4_VkEAAAAJ&cstart=600&pagesize=100&sortby=pubdate&citation_for_view=UN4_VkEAAAAJ:_u2aKJ9e-CoC,"Modelling, Measurement and Control A 17 (1), 49-54, 1988","AK Singh, NC Sacheti",,
Dr Avtar Singh,Influence of an anionic detergent on certain hepatic and renal enzymes in rats.,1988,https://scholar.google.com/citations?view_op=view_citation&hl=en&user=UN4_VkEAAAAJ&cstart=600&pagesize=100&sortby=pubdate&citation_for_view=UN4_VkEAAAAJ:MtS25d97-7AC,"Environment and ecology. Kalyani 6 (1), 191-193, 1988","C Agarwal, A Singh, BN Gupta, AK Mathur",,
Dr Avtar Singh,Genetic variability and genotype × environment interaction in pea (Pisum sativum).,1988,https://scholar.google.com/citations?view_op=view_citation&hl=en&user=UN4_VkEAAAAJ&cstart=600&pagesize=100&sortby=pubdate&citation_for_view=UN4_VkEAAAAJ:_5tno0g5mFcC,,"BN Korla, AK Singh",1,
Dr Avtar Singh,Growth of Single Crystals of YBa sub 2 Cu sub 3 O sub 7,1987,https://scholar.google.com/citations?view_op=view_citation&hl=en&user=UN4_VkEAAAAJ&cstart=600&pagesize=100&sortby=pubdate&citation_for_view=UN4_VkEAAAAJ:rKYHOwt5kWwC,"J. Cryst. Growth 85 (4), 588-592, 1987","BN Das, LE Toth, AK Singh",,
Dr Avtar Singh,Effect of sodium lauryl sulphate on rat liver and kidney enzymes: Anin vitro study,1987,https://scholar.google.com/citations?view_op=view_citation&hl=en&user=UN4_VkEAAAAJ&cstart=600&pagesize=100&sortby=pubdate&citation_for_view=UN4_VkEAAAAJ:P-MJmu9ZMwQC,"Bulletin of environmental contamination and toxicology 39 (3), 425-433, 1987","BN Gupta, AK Mathur, C Agarwal, A Singh",1,
Dr Avtar Singh,LUPUS ANTICOAGULANT IN A CHILD WITH A BLEEDING DISORDER,1987,https://scholar.google.com/citations?view_op=view_citation&hl=en&user=UN4_VkEAAAAJ&cstart=600&pagesize=100&sortby=pubdate&citation_for_view=UN4_VkEAAAAJ:naSTrk-c4S8C,"ANNALS OF CLINICAL AND LABORATORY SCIENCE 17 (4), 266-267, 1987","AK SINGH, KPP RAO, J KIZER, J LAZARCHICK",,
Dr Avtar Singh,Mössbauer hyperfine interactions in natural wolframites,1987,https://scholar.google.com/citations?view_op=view_citation&hl=en&user=UN4_VkEAAAAJ&cstart=600&pagesize=100&sortby=pubdate&citation_for_view=UN4_VkEAAAAJ:Mx5hWS9ctUkC,"Hyperfine Interactions 35 (1), 907-911, 1987","JS Saini, AK Singh, VK Garg, SK Jaireth, K Chandra",1,
Dr Avtar Singh,STUDY OF MECHANISM OF OXIDATION OF ETHYL DIGOL BY OSO2 SPECTROPHOTOMETRICALLY,1986,https://scholar.google.com/citations?view_op=view_citation&hl=en&user=UN4_VkEAAAAJ&cstart=600&pagesize=100&sortby=pubdate&citation_for_view=UN4_VkEAAAAJ:v7LLNfYe7h0C,"NATIONAL ACADEMY SCIENCE LETTERS-INDIA 9 (9), 273-275, 1986","AK SINGH, A PARMAR, AK SISODIA",,
Dr Avtar Singh,Unsteady hydromagnetic flow formation of an elastico-viscous fluid in Couette motion,1986,https://scholar.google.com/citations?view_op=view_citation&hl=en&user=UN4_VkEAAAAJ&cstart=600&pagesize=100&sortby=pubdate&citation_for_view=UN4_VkEAAAAJ:eLRq4zTgah0C,"Indian J. Theor. Phys.;(India) 34 (3), 1986",AK Singh,,
Dr Avtar Singh,Diosgenin accumulation pattern in Costus speciosus with advancement in crop age under varying levels of nitrogen,1986,https://scholar.google.com/citations?view_op=view_citation&hl=en&user=UN4_VkEAAAAJ&cstart=600&pagesize=100&sortby=pubdate&citation_for_view=UN4_VkEAAAAJ:i91s68tWr-MC,"VI International Symposium on Medicinal and Aromatic Plants, XXII IHC 208, 87-92, 1986","VP Singh, AK Singh, DV Singh",,
Dr Avtar Singh,Molinate formulations for weed control in transplanted rice.,1986,https://scholar.google.com/citations?view_op=view_citation&hl=en&user=UN4_VkEAAAAJ&cstart=600&pagesize=100&sortby=pubdate&citation_for_view=UN4_VkEAAAAJ:QeguYG95ZbAC,,"AK Singh, RD Singh, PA Sarkar, AK Ghosh",2,
Dr Avtar Singh,"INTERACTION OF VAPOR-PHASE DIFFUSION, GRAIN-BOUNDARY DIFFUSION AND SURFACE MIGRATION IN SOLID-STATE REACTION BETWEEN PARA-DIHYDROXYBENZENE AND PARA-BENZOQUINONE",1986,https://scholar.google.com/citations?view_op=view_citation&hl=en&user=UN4_VkEAAAAJ&cstart=600&pagesize=100&sortby=pubdate&citation_for_view=UN4_VkEAAAAJ:TiLqlu47W2oC,"INDIAN JOURNAL OF CHEMISTRY SECTION A-INORGANIC BIO-INORGANIC PHYSICAL …, 1986","RP Rastogi, AK SINGH, CS SHUKLA",1,
Dr Avtar Singh,"Statistical abstract of Punjab, 1985",1986,https://scholar.google.com/citations?view_op=view_citation&hl=en&user=UN4_VkEAAAAJ&cstart=600&pagesize=100&sortby=pubdate&citation_for_view=UN4_VkEAAAAJ:OBSaB-F7qqsC,"Economic Adviser to Government, Chandigarh, 1986","KK Verma, RL Kalra, H Singh, U Khosa, U Kumari, RD Vashisht, A Singh, ...",,
Dr Avtar Singh,BIOGRAPHICAL APPROACH TO LITERATURE,1986,https://scholar.google.com/citations?view_op=view_citation&hl=en&user=UN4_VkEAAAAJ&cstart=600&pagesize=100&sortby=pubdate&citation_for_view=UN4_VkEAAAAJ:jFemdcug13IC,"Critical Approaches to Literature & Research Methodology: A Miscellany, 103, 1986",A Singh,,
Dr Avtar Singh,Unsteady MHD Couette flow of an elastico-viscous fluid,1985,https://scholar.google.com/citations?view_op=view_citation&hl=en&user=UN4_VkEAAAAJ&cstart=600&pagesize=100&sortby=pubdate&citation_for_view=UN4_VkEAAAAJ:nj26e0utjpAC,"Indian Journal of Theoretical Physics;(India) 33 (4), 1985",AK Singh,,
Dr Avtar Singh,Problems and development strategies for rural areas: a case study of Upper Damodar Valley.,1985,https://scholar.google.com/citations?view_op=view_citation&hl=en&user=UN4_VkEAAAAJ&cstart=600&pagesize=100&sortby=pubdate&citation_for_view=UN4_VkEAAAAJ:w_ORaKkuc5QC,,"HH Singh, J Singh, AK Singh",,
Dr Avtar Singh,HEAT TRANSFER IN FLOW PAST A CONTINUOUSLY MOVING ADIABATIC POROUS PLATE,1985,https://scholar.google.com/citations?view_op=view_citation&hl=en&user=UN4_VkEAAAAJ&cstart=600&pagesize=100&sortby=pubdate&citation_for_view=UN4_VkEAAAAJ:6fxomyk5x4cC,"The Mathematical Society 1, 1985","AK Singh, KD Rai",,
Dr Avtar Singh,Evolution of the cultural landscape of Ballia District in the Middle Ganga Plain,1985,https://scholar.google.com/citations?view_op=view_citation&hl=en&user=UN4_VkEAAAAJ&cstart=600&pagesize=100&sortby=pubdate&citation_for_view=UN4_VkEAAAAJ:kO05sadLmrgC,"Geographical review of India 47 (2), 28-37, 1985",AK SINGH,,
Dr Avtar Singh,The magnetic phases of Mn 0.90 Fe 0.10 P studied by M ssbauer spectroscopy,1984,https://scholar.google.com/citations?view_op=view_citation&hl=en&user=UN4_VkEAAAAJ&cstart=600&pagesize=100&sortby=pubdate&citation_for_view=UN4_VkEAAAAJ:3UHJKpZgG5wC,"Journal of Magnetism and Magnetic Materials 42 (3), 250-254, 1984","L H ggstr m, AK Singh, T Sundqvist",,
Dr Avtar Singh,Apple scab in Arunachal Pradesh-a new record.,1984,https://scholar.google.com/citations?view_op=view_citation&hl=en&user=UN4_VkEAAAAJ&cstart=600&pagesize=100&sortby=pubdate&citation_for_view=UN4_VkEAAAAJ:rrpmhsargb8C,,"F Mallik, AK Singh, CP Shukla",,
Dr Avtar Singh,STUDY OF SINTERING OF BISMUTH MOLYBDATE,1984,https://scholar.google.com/citations?view_op=view_citation&hl=en&user=UN4_VkEAAAAJ&cstart=600&pagesize=100&sortby=pubdate&citation_for_view=UN4_VkEAAAAJ:q82PccF7nXcC,"ACTA CHIMICA HUNGARICA-MODELS IN CHEMISTRY 117 (2), 185-188, 1984","CS SHUKLA, AK SINGH",,
Dr Avtar Singh,Anatomy and functional organization of rural dwellings in Kumaon Himalaya: an ecological perception.,1984,https://scholar.google.com/citations?view_op=view_citation&hl=en&user=UN4_VkEAAAAJ&cstart=600&pagesize=100&sortby=pubdate&citation_for_view=UN4_VkEAAAAJ:9shLKfS_uJEC,,"AK Singh, MM Tewari, HS Bisht",,
Dr Avtar Singh,OSCILLATORY FREE CONVECTIVE FLOW OF AN ELASTOVISCOUS FLUID PAST AN IMPULSIVELY STARTED INFINITE VERTICAL POROUS PLATE. 1.,1984,https://scholar.google.com/citations?view_op=view_citation&hl=en&user=UN4_VkEAAAAJ&cstart=600&pagesize=100&sortby=pubdate&citation_for_view=UN4_VkEAAAAJ:wE8AsS3ykUMC,"INDIAN JOURNAL OF TECHNOLOGY 22 (7), 245-249, 1984",AK Singh,1,
Dr Avtar Singh,"(Received 14 September, 1983.) D. Lorenz-Petzold: Exact Perfect Fluid Solutions in the Brans-Dicke-Theory.(Received 20 September, 1983.)",1984,https://scholar.google.com/citations?view_op=view_citation&hl=en&user=UN4_VkEAAAAJ&cstart=600&pagesize=100&sortby=pubdate&citation_for_view=UN4_VkEAAAAJ:Np1obAXpBq8C,"Astrophysics and Space Science 98, 212, 1984","AK Singh, N Kumar, FCFP an Exponentially, AV Plate",,
Dr Avtar Singh,"Fluid inclusion geothermometry of quartz-wolframite veins at Degana wolframite deposit, Rajasthan, India",1984,https://scholar.google.com/citations?view_op=view_citation&hl=en&user=UN4_VkEAAAAJ&cstart=600&pagesize=100&sortby=pubdate&citation_for_view=UN4_VkEAAAAJ:qSd0DAb9jMoC,"Mezhdunarodnyj geologicheskij kongress. 27, 1984","S JAIRETH, AK SINGH",,
Dr Avtar Singh,The magnetic phases of Mn0. 90Fe0. 10P studied by Mössbauer spectroscopy,1984,https://scholar.google.com/citations?view_op=view_citation&hl=en&user=UN4_VkEAAAAJ&cstart=600&pagesize=100&sortby=pubdate&citation_for_view=UN4_VkEAAAAJ:AzjrKLz9U9oC,"Journal of magnetism and magnetic materials 42 (3), 250-254, 1984","L Häggström, AK Singh, T Sundqvist",1,
Dr Avtar Singh,Space-size analysis of villages in Ballia district of Middle Ganga Valley.,1984,https://scholar.google.com/citations?view_op=view_citation&hl=en&user=UN4_VkEAAAAJ&cstart=600&pagesize=100&sortby=pubdate&citation_for_view=UN4_VkEAAAAJ:YPNY0knpFBYC,,"AK Singh, MM Tewari",,
Dr Avtar Singh,Staphylococcus aureus can substitute double antibody in radio-immunoassay of LHRH,1983,https://scholar.google.com/citations?view_op=view_citation&hl=en&user=UN4_VkEAAAAJ&cstart=600&pagesize=100&sortby=pubdate&citation_for_view=UN4_VkEAAAAJ:LhH-TYMQEocC,"Indian J. Biochem. Biophys.;(India) 20 (6), 1983","AK Singh, N Shastri, GP Talwar",,
Dr Avtar Singh,Meatoplasty.,1983,https://scholar.google.com/citations?view_op=view_citation&hl=en&user=UN4_VkEAAAAJ&cstart=600&pagesize=100&sortby=pubdate&citation_for_view=UN4_VkEAAAAJ:j7_hQOaDUrUC,"Journal of the Indian Medical Association 81 (5-6), 85-86, 1983","AK Singh, S Saraff, S Misra, AP Sinha",,
Dr Avtar Singh,Comments on the papereffects of mass transfer on the hydromagnetic free convective flow in the stokes problem',1983,https://scholar.google.com/citations?view_op=view_citation&hl=en&user=UN4_VkEAAAAJ&cstart=600&pagesize=100&sortby=pubdate&citation_for_view=UN4_VkEAAAAJ:-BKJ5vZJwzMC,"Astrophysics and Space Science, Volume 90, Issue 2, pp. 455-456 90, 455-456, 1983",AK Singh,,
Dr Avtar Singh,EFFECT OF COPPER CHROMITE COMBUSTION CATALYST ON THE IGNITION DELAY OF AMMONIUM-PERCHLORATE AND COMPOSITE SOLID-PROPELLANT,1983,https://scholar.google.com/citations?view_op=view_citation&hl=en&user=UN4_VkEAAAAJ&cstart=600&pagesize=100&sortby=pubdate&citation_for_view=UN4_VkEAAAAJ:Q17yWvk9gpwC,"Indian Journal of Technology 21 (7), 274-276, 1983","CS Shukla, AK Singh, AK Agrawal",,
Dr Avtar Singh,A procedure for detection of loose smut infection in wheat seedlings. Note.,1982,https://scholar.google.com/citations?view_op=view_citation&hl=en&user=UN4_VkEAAAAJ&cstart=600&pagesize=100&sortby=pubdate&citation_for_view=UN4_VkEAAAAJ:8dzOF9BpDQoC,"Indian Journal of Mycology and Plant Pathology 12, 1982","HS Varma, VK Agrawal, A Singh",,
Dr Avtar Singh,Scope of researches and commercialized growing of ornamental annuals in Garhwal.,1982,https://scholar.google.com/citations?view_op=view_citation&hl=en&user=UN4_VkEAAAAJ&cstart=600&pagesize=100&sortby=pubdate&citation_for_view=UN4_VkEAAAAJ:_Re3VWB3Y0AC,,"SC Shrotri, JS Gupta, AK Singh",,
Dr Avtar Singh,"Studies on Biomass, Productivity and Growth Analysis of Healthy and Cowpea Mosaic Virus Infected Cowpea Plants.",1981,https://scholar.google.com/citations?view_op=view_citation&hl=en&user=UN4_VkEAAAAJ&cstart=600&pagesize=100&sortby=pubdate&citation_for_view=UN4_VkEAAAAJ:oYwriLWYh5YC,"Biological Bulletin of India 3 (1), 1-4, 1981","R Sahai, RR Singh, N Agrawal, AK Singh",,
Dr Avtar Singh,Influence of bulk density and initial soil water content on capillary rise in sandy loam [experiments],1981,https://scholar.google.com/citations?view_op=view_citation&hl=en&user=UN4_VkEAAAAJ&cstart=600&pagesize=100&sortby=pubdate&citation_for_view=UN4_VkEAAAAJ:cSdaV2aYdYsC,"Agrokemia es Talajtan (Hungary) 30, 1981","AK Singh, AK Sinha",,
Dr Avtar Singh,Influence of bulk density and initial soil water content on capillary rise in sandy loam,1981,https://scholar.google.com/citations?view_op=view_citation&hl=en&user=UN4_VkEAAAAJ&cstart=600&pagesize=100&sortby=pubdate&citation_for_view=UN4_VkEAAAAJ:sbeIDTyQOFgC,"Agrokémia és talajtan 30 (sup), 228-234, 1981","AK SINGH, AK SINHA",,
Dr Avtar Singh,Morphophysiological studies of'H-777'-a new variety of cotton.,1981,https://scholar.google.com/citations?view_op=view_citation&hl=en&user=UN4_VkEAAAAJ&cstart=600&pagesize=100&sortby=pubdate&citation_for_view=UN4_VkEAAAAJ:CNPyR2KL9-0C,"Cotton Development 11, 1981","AS Nandwal, A Singh, BR Mor, BPS Lather",,
Dr Avtar Singh,Rapid diagnosis and specific recognition of gonococcal urethritis in the male by a slide immunoprecipitation test on urethral discharge.,1981,https://scholar.google.com/citations?view_op=view_citation&hl=en&user=UN4_VkEAAAAJ&cstart=600&pagesize=100&sortby=pubdate&citation_for_view=UN4_VkEAAAAJ:8xutWZnSdmoC,,"AK Singh, GP Talwar, NC Bhargava, DD Ganguli",,
Dr Avtar Singh,INDUCTION OF PROTECTIVE IMMUNITY AGAINST N-GONORRHEA IN EXPERIMENTAL-ANIMALS,1981,https://scholar.google.com/citations?view_op=view_citation&hl=en&user=UN4_VkEAAAAJ&cstart=600&pagesize=100&sortby=pubdate&citation_for_view=UN4_VkEAAAAJ:3htObqc8RwsC,"INDIAN JOURNAL OF BIOCHEMISTRY & BIOPHYSICS 18 (4), 146-146, 1981","AK SINGH, GP TALWAR",,
Dr Avtar Singh,"Application of thermoelectric transducers for surface monitoring of air velocity, humidity and temperature for underground mines",1979,https://scholar.google.com/citations?view_op=view_citation&hl=en&user=UN4_VkEAAAAJ&cstart=600&pagesize=100&sortby=pubdate&citation_for_view=UN4_VkEAAAAJ:ZJ-noXUx9mkC,"Journal of Mines, Metals & Fuels 27 (8), 227-230, 1979","SC Srivastava, AK Sinha, AK Singh, G Sarkar, RN Das",,
Dr Avtar Singh,Caste as a discrimination of modernity in rural society,1978,https://scholar.google.com/citations?view_op=view_citation&hl=en&user=UN4_VkEAAAAJ&cstart=600&pagesize=100&sortby=pubdate&citation_for_view=UN4_VkEAAAAJ:MnogvFdIBdwC,"Soc. Culture 7 (3), 115-124, 1978","NK Roy, SK Jha, AK Singh",2,
Dr Avtar Singh,"Ovarian/sup 32/P uptake in the homoplastic hypophysectomized catfish, Heteropneustes fossilis as an end point for gonadotropin bioassay",1977,https://scholar.google.com/citations?view_op=view_citation&hl=en&user=UN4_VkEAAAAJ&cstart=600&pagesize=100&sortby=pubdate&citation_for_view=UN4_VkEAAAAJ:4oJvMfeQlr8C,"Endokrinologie;(German Democratic Republic) 70 (2), 1977","AK Singh, TP Singh",,
Dr Avtar Singh,EVALUATION OF AIRFIELD PAVEMENTS,1976,https://scholar.google.com/citations?view_op=view_citation&hl=en&user=UN4_VkEAAAAJ&cstart=600&pagesize=100&sortby=pubdate&citation_for_view=UN4_VkEAAAAJ:w1MjKQ0l0TYC,,"A Singh, RR Sudhindra, AK Chaturvedi",,
Dr Avtar Singh,Irrigation in sugarcane in Uttar Pradesh.,1976,https://scholar.google.com/citations?view_op=view_citation&hl=en&user=UN4_VkEAAAAJ&cstart=600&pagesize=100&sortby=pubdate&citation_for_view=UN4_VkEAAAAJ:PVgj2kMGcgYC,,"RA Gupta, A Singh, D Chand",1,
Dr Avtar Singh,"A study on the existing kitchen utensils in the villages of Sahnewal Khurd and Gobind-garh, Ludhiana (India).",1975,https://scholar.google.com/citations?view_op=view_citation&hl=en&user=UN4_VkEAAAAJ&cstart=600&pagesize=100&sortby=pubdate&citation_for_view=UN4_VkEAAAAJ:DUFsPKDdMi0C,"Journal of Research Punjab Agricultural University 10, 1975","JK Dhesi, AK Singh, K Jindal, H Verma",,
Dr Avtar Singh,A STUDY OF THE EFFECTS OF WARNING REGARDING THE LIE SCALE IN PERSONALITY QUESTIONNAIRE,1975,https://scholar.google.com/citations?view_op=view_citation&hl=en&user=UN4_VkEAAAAJ&cstart=600&pagesize=100&sortby=pubdate&citation_for_view=UN4_VkEAAAAJ:-uzm3Y7AvW0C,"Indian Journal of Clinical Psychology 2, 19, 1975","B DE, AK SINGH",,
Dr Avtar Singh,"Electrical and Thermal Resistivities of Cu, Ag and Au",1975,https://scholar.google.com/citations?view_op=view_citation&hl=en&user=UN4_VkEAAAAJ&cstart=600&pagesize=100&sortby=pubdate&citation_for_view=UN4_VkEAAAAJ:-vzq6BoH5oUC,"Indian J. Chem. 13 (2), 123-128, 1975","S Prakash, AK Singh, B Prasad",1,
Dr Avtar Singh,繰返し水平荷重を受ける模型群グイ,1972,https://scholar.google.com/citations?view_op=view_citation&hl=en&user=UN4_VkEAAAAJ&cstart=600&pagesize=100&sortby=pubdate&citation_for_view=UN4_VkEAAAAJ:AHdEip9mkN0C,"土質工学会論文報告集 12 (2), vi, 1972","A Singh, S Prakash",,
Dr Avtar Singh,Static and Repeated Loads on Lightweight RC Deep Beams,1972,https://scholar.google.com/citations?view_op=view_citation&hl=en&user=UN4_VkEAAAAJ&cstart=600&pagesize=100&sortby=pubdate&citation_for_view=UN4_VkEAAAAJ:9vf0nzSNQJEC,"University of Nottingham, 1972",A Singh,,
Dr Avtar Singh,Solution of a dipole antenna with displaced feed points by Schelkunoff's method of moments,1971,https://scholar.google.com/citations?view_op=view_citation&hl=en&user=UN4_VkEAAAAJ&cstart=600&pagesize=100&sortby=pubdate&citation_for_view=UN4_VkEAAAAJ:lBZ7XAAYe3oC,"Proceedings of the IEEE 59 (1), 105-107, 1971","NK Agrawal, SP Kosta, M Chaudhuri, A Singh",2,
Dr Avtar Singh,ECONOMIC STUDIES ON PRODUCTIVITY OF IRRIGATED CROPS AND SOURCES OF IRRIGATION IN UTTAR PRADESH,1971,https://scholar.google.com/citations?view_op=view_citation&hl=en&user=UN4_VkEAAAAJ&cstart=600&pagesize=100&sortby=pubdate&citation_for_view=UN4_VkEAAAAJ:qPeb-qHga9sC,,"A SINGH, IJ SINGH, VK BERRY",,
Dr Avtar Singh,A note on the theory of log-periodic dipole antenna,1970,https://scholar.google.com/citations?view_op=view_citation&hl=en&user=UN4_VkEAAAAJ&cstart=600&pagesize=100&sortby=pubdate&citation_for_view=UN4_VkEAAAAJ:YXPZ0dOdYS4C,"IEEE Transactions on Antennas and Propagation 18 (5), 701-701, 1970","S Kosta, M Singh, N Agarwal, A Singh",1,
Dr Avtar Singh,Histaminergic kininergic and hydroxytryptaminergic neurons in the intramural ganglia of the gastric and bladder muscles of the frog,1970,https://scholar.google.com/citations?view_op=view_citation&hl=en&user=UN4_VkEAAAAJ&cstart=600&pagesize=100&sortby=pubdate&citation_for_view=UN4_VkEAAAAJ:8uzoZH4hB9AC,"Journal de Physiologie 62 (5), 431-439, 1970","I Singh, A Singh",,
Dr Avtar Singh,"ACHIEVEMENT MOTIVE, IN HIGH SCHOOL BOYS-MEHTA, P",1970,https://scholar.google.com/citations?view_op=view_citation&hl=en&user=UN4_VkEAAAAJ&cstart=600&pagesize=100&sortby=pubdate&citation_for_view=UN4_VkEAAAAJ:I9gX6wnfuA8C,"INDIAN JOURNAL OF PSYCHOLOGY 45 (SEP), 261-270, 1970","SN CHATTOPADHAYA, BC MUTHAYYA, EG PARAMESWARAN, ...",,
Dr Avtar Singh,Fault-tolerance of Distributed Multithreaded Applications in Shared-Nothing Systems,1969,https://scholar.google.com/citations?view_op=view_citation&hl=en&user=UN4_VkEAAAAJ&cstart=600&pagesize=100&sortby=pubdate&citation_for_view=UN4_VkEAAAAJ:fPk4N6BV_jEC,"University of California at Santa Barbara, 1969","J James, A Singh",,
Dr Avtar Singh,Study of Factors Associated with the Professional Competency of Agricultural Extension Officers of the Punjab,1968,https://scholar.google.com/citations?view_op=view_citation&hl=en&user=UN4_VkEAAAAJ&cstart=600&pagesize=100&sortby=pubdate&citation_for_view=UN4_VkEAAAAJ:hFOr9nPyWt4C,"Extension Education, PAU, Ludhiana, 1968",A Singh,,
Dr Avtar Singh,Calculation of heat-exchanger area using low temperature separation process during development of gas-condensate fields under elastic gas drive,1965,https://scholar.google.com/citations?view_op=view_citation&hl=en&user=UN4_VkEAAAAJ&cstart=600&pagesize=100&sortby=pubdate&citation_for_view=UN4_VkEAAAAJ:G36d5HCDkJYC,"Bull. Oil Nat. Gas Comm.;(India) 2 (1), 1965","AI Shirkovsky, S Srini-Vasan, I Singh, A Singh",,
Dr Avtar Singh,A STUDY OF THE EXISTING KITCHEN UTENSILS IN THE VILLAGES OF,1964,https://scholar.google.com/citations?view_op=view_citation&hl=en&user=UN4_VkEAAAAJ&cstart=600&pagesize=100&sortby=pubdate&citation_for_view=UN4_VkEAAAAJ:3x-KLxxGyuUC,"Journal of research, 101, 1964","S KHURD, LP GOBINDGARH",,
Dr Avtar Singh,Reference to this paper should be made as follows,,https://scholar.google.com/citations?view_op=view_citation&hl=en&user=UN4_VkEAAAAJ&cstart=600&pagesize=100&sortby=pubdate&citation_for_view=UN4_VkEAAAAJ:2hrGa7H818QC,,"AK Singh, P Joshi, GC Nandi",,
Dr Avtar Singh,Evolving an Inclusive Extension System for Enhancing Rural Household income”,,https://scholar.google.com/citations?view_op=view_citation&hl=en&user=UN4_VkEAAAAJ&cstart=600&pagesize=100&sortby=pubdate&citation_for_view=UN4_VkEAAAAJ:YXeC4bxG7-IC,"Indian Research Journal of Extension Education Special Issue 1, 0","RP Singh‘Ratan, AK Singh, N Bara",1,
Dr Avtar Singh,"RELATIONSHIPS BETWEEN LAND-USE/LAND-COVER PATTERNS AND SURFACE WATER QUALITY IN THE UPPER DAMODAR RIVER BASIN, JHARKHAND",,https://scholar.google.com/citations?view_op=view_citation&hl=en&user=UN4_VkEAAAAJ&cstart=600&pagesize=100&sortby=pubdate&citation_for_view=UN4_VkEAAAAJ:5kvG9DmRKWYC,,"RK Verma, S Verma, A Singh, RK Tiwary, S Murthy",,
Dr Avtar Singh,More aonla in lesser area,,https://scholar.google.com/citations?view_op=view_citation&hl=en&user=UN4_VkEAAAAJ&cstart=600&pagesize=100&sortby=pubdate&citation_for_view=UN4_VkEAAAAJ:QhqSGEHatosC,"Indian Horticulture 58 (2), 0","AK Singh, S Singh, HK Joshi",,
Dr Avtar Singh,Biochemical screening of tomato (Solanum lycopersicum L.) germplasm for Varanasi region,,https://scholar.google.com/citations?view_op=view_citation&hl=en&user=UN4_VkEAAAAJ&cstart=600&pagesize=100&sortby=pubdate&citation_for_view=UN4_VkEAAAAJ:2MdNiwGT7yoC,,"AK Singh, U Singh, RP Singh, K Singh, KK Rai, RK Singh, MK Singh",,
Dr Avtar Singh,DIFFERENTIA DIFFERENTIATION OF GERM CELLS FROM STEM CELLS-A REVIEW TION OF GERM CELLS FROM STEM CELLS-A REVIEW,,https://scholar.google.com/citations?view_op=view_citation&hl=en&user=UN4_VkEAAAAJ&cstart=600&pagesize=100&sortby=pubdate&citation_for_view=UN4_VkEAAAAJ:XJogQLJr2CkC,"Genetics 109, 1726-1735, 0","HN Malik, AK Singh, SK Das, D Kumar, MK Jena, SK Mohapatra, ...",,
Dr Avtar Singh,EFFECT OF DRIP IRRIG EFFECT OF DRIP IRRIGATION AND PLASTIC MULCH ON TION AND PLASTIC MULCH ON PERFORMANCE OF KINNOW AND SWEET ORANGE GROWN IN ARID REGIONS,,https://scholar.google.com/citations?view_op=view_citation&hl=en&user=UN4_VkEAAAAJ&cstart=600&pagesize=100&sortby=pubdate&citation_for_view=UN4_VkEAAAAJ:SoGhKUJvMTQC,,"RK JAKHAR, AK SINGH, PK KASWAN, N KUMAWAT",,
Dr Avtar Singh,"Maths Dept., Banaras Hindu University (Received 14 November, 1986)",,https://scholar.google.com/citations?view_op=view_citation&hl=en&user=UN4_VkEAAAAJ&cstart=600&pagesize=100&sortby=pubdate&citation_for_view=UN4_VkEAAAAJ:y7JhAc_VBLgC,,"AK Singh, KD Rai",,
Dr Avtar Singh,"Soymida febrifuga has good importance in the field of traditional system of medicine to treat various diseases like ulcer, fever and wounds. The present study on …",,https://scholar.google.com/citations?view_op=view_citation&hl=en&user=UN4_VkEAAAAJ&cstart=600&pagesize=100&sortby=pubdate&citation_for_view=UN4_VkEAAAAJ:IX653JsL2_EC,"Brain 134, 142, 0","SK Maurya, AK Singh, D Laloo",,
Dr Avtar Singh,"Extent of Egg Parasitism of Yellow Stem Borer, Scirpophaga incertulas (Walker) in Rice Ecosystem",,https://scholar.google.com/citations?view_op=view_citation&hl=en&user=UN4_VkEAAAAJ&cstart=600&pagesize=100&sortby=pubdate&citation_for_view=UN4_VkEAAAAJ:f-E_jMG6T4AC,,"A KUMAR, AK SINGH",,
Dr Avtar Singh,Entrapment of Zinc & Lead in Clinker Produced with a Nonferrous Waste Slag,,https://scholar.google.com/citations?view_op=view_citation&hl=en&user=UN4_VkEAAAAJ&cstart=600&pagesize=100&sortby=pubdate&citation_for_view=UN4_VkEAAAAJ:oYVvnHz_XzQC,,"SP Pandey, AK Singh, RK Singh, AK Chatterjee",,
Dr Avtar Singh,Temperate Fruit Gardens for Tourism,,https://scholar.google.com/citations?view_op=view_citation&hl=en&user=UN4_VkEAAAAJ&cstart=600&pagesize=100&sortby=pubdate&citation_for_view=UN4_VkEAAAAJ:KEtq3P1Vf8oC,,"MK Verma, AK Singh, OP Awasthi, A Nagaraja",,
Dr Avtar Singh,Let us know how access to this document benefits yo u,,https://scholar.google.com/citations?view_op=view_citation&hl=en&user=UN4_VkEAAAAJ&cstart=600&pagesize=100&sortby=pubdate&citation_for_view=UN4_VkEAAAAJ:3wLP7v6BnpwC,,"N Pothineni, CA Bonilla, MA Ebrahim, AE Epstein, FJ Garcia-Fernandez, ...",,
Dr Avtar Singh,AMPRI Publication,,https://scholar.google.com/citations?view_op=view_citation&hl=en&user=UN4_VkEAAAAJ&cstart=600&pagesize=100&sortby=pubdate&citation_for_view=UN4_VkEAAAAJ:6LV2YwJzdtgC,"ampri, 0",AK Singh,,
Dr Avtar Singh,The Difference is in the Detail: Its Potential as a Place Branding Tool and Impact upon Perceptions and Responses,,https://scholar.google.com/citations?view_op=view_citation&hl=en&user=UN4_VkEAAAAJ&cstart=600&pagesize=100&sortby=pubdate&citation_for_view=UN4_VkEAAAAJ:fc7zyzPI2QAC,"ampri, 0",AK Singh,,
Dr Avtar Singh,MODEL-DRIVEN DASHBOARD FOR REAL-TIME DATA MONITORING AND ANALYSIS,,https://scholar.google.com/citations?view_op=view_citation&hl=en&user=UN4_VkEAAAAJ&cstart=600&pagesize=100&sortby=pubdate&citation_for_view=UN4_VkEAAAAJ:rAN7mHg6NlYC,,"C Rathore, AK Singh, A Jadhav",,
Dr Avtar Singh,Impact of Aluminium on Nutrient Profile of Soil under Various Genotypes of Garden Pea,,https://scholar.google.com/citations?view_op=view_citation&hl=en&user=UN4_VkEAAAAJ&cstart=600&pagesize=100&sortby=pubdate&citation_for_view=UN4_VkEAAAAJ:UEFpDhwOD2kC,,"MT Ansari, P Sarma, AS Mailappa, C Deo, AK Singh, L Wangchu, ...",,
Dr Avtar Singh,NDC-WWC JOURNAL,,https://scholar.google.com/citations?view_op=view_citation&hl=en&user=UN4_VkEAAAAJ&cstart=600&pagesize=100&sortby=pubdate&citation_for_view=UN4_VkEAAAAJ:CmbFvBriOyMC,,"MM Gopalakrishnan, MMS Menon, AK Singh, PBS Sarma, MVK Kanjlia, ...",,
Dr Avtar Singh,Non-conventional Low Power Circuit Design Techniques,,https://scholar.google.com/citations?view_op=view_citation&hl=en&user=UN4_VkEAAAAJ&cstart=600&pagesize=100&sortby=pubdate&citation_for_view=UN4_VkEAAAAJ:QYmifXMdJWgC,,"N Raj, PA Kumar, AK Singh, PJ Paul",,
Dr Avtar Singh,VELOCITY DISTRIBUTION AND SOLUTE DISPERSION IN UNSTEADY FLOW THROUGH CHANNEL WITH PERMEABLE WALLS,,https://scholar.google.com/citations?view_op=view_citation&hl=en&user=UN4_VkEAAAAJ&cstart=600&pagesize=100&sortby=pubdate&citation_for_view=UN4_VkEAAAAJ:Y0RG-0fxPaAC,"ACADÉMIE DE LA RÉPUBLIQUE SOCIALISTE DE ROUMANIE, 445, 0","N KUMAR, AK SINGH",,
Dr Avtar Singh,Opinion of Students and Technical Staff about Agricultural Biotechnology in Jharkhand,,https://scholar.google.com/citations?view_op=view_citation&hl=en&user=UN4_VkEAAAAJ&cstart=600&pagesize=100&sortby=pubdate&citation_for_view=UN4_VkEAAAAJ:j6V8Syvup0UC,,"VK Yadav, N Kumar, A Chakrabarti, PK Sarkar, BK Jha, AK Singh, ...",,
Dr Avtar Singh,Dual Compensation of Mango (Mangifera Indica L) Plantations-Carbon Emission Abatement and Ecosystem Services,,https://scholar.google.com/citations?view_op=view_citation&hl=en&user=UN4_VkEAAAAJ&cstart=700&pagesize=100&sortby=pubdate&citation_for_view=UN4_VkEAAAAJ:qhW0HyKmSusC,"Available at SSRN 4576513, 0","AK Trivedi, G Pandey, SK Shukla, JN Tiwari, D Mishra, A Singh",,
Dr Avtar Singh,STUDIES ON PHYSICO-CHEMICAL AND NUTRACEUTICAL CHARACTERISTICS OF CHIA (SALVIA HISPANICA L.) SEED AND OIL,,https://scholar.google.com/citations?view_op=view_citation&hl=en&user=UN4_VkEAAAAJ&cstart=700&pagesize=100&sortby=pubdate&citation_for_view=UN4_VkEAAAAJ:JTtNqH-x4gYC,,"MA RAHMAN, AK SINGH, RNSKS GADHE",,
Dr Avtar Singh,Insights into HIV-1 reverse transcriptase (RT) inhibition and drug resistance from thirty years of structural studies. Viruses 2022; 14: 1027,,https://scholar.google.com/citations?view_op=view_citation&hl=en&user=UN4_VkEAAAAJ&cstart=700&pagesize=100&sortby=pubdate&citation_for_view=UN4_VkEAAAAJ:r56sNq9gaawC,,"AK Singh, K Das",2,
Dr Avtar Singh,Breeding and Biotechnology of Flowers: Set of 2 Vols.(Set Price),,https://scholar.google.com/citations?view_op=view_citation&hl=en&user=UN4_VkEAAAAJ&cstart=700&pagesize=100&sortby=pubdate&citation_for_view=UN4_VkEAAAAJ:CMPXdcK5v8EC,"EBSCO eBooks, 0",AK Singh,,
Dr Avtar Singh,"Rajiv Gandhi University of Health Sciences, Bangalore s19",,https://scholar.google.com/citations?view_op=view_citation&hl=en&user=UN4_VkEAAAAJ&cstart=700&pagesize=100&sortby=pubdate&citation_for_view=UN4_VkEAAAAJ:Oo_WeVVXg5wC,,"B Rai, S Anand, HS El-Bakaray, F Ibrahim, N Aggarwal, P Ahuja, A Sinha, ...",,
Dr Avtar Singh,Efficacy of growth factor (ginger & honey) and cryoprotective agent (glycerol) on viable cell count of frozen yoghurt,,https://scholar.google.com/citations?view_op=view_citation&hl=en&user=UN4_VkEAAAAJ&cstart=700&pagesize=100&sortby=pubdate&citation_for_view=UN4_VkEAAAAJ:MqTxh1vmwXEC,,"A Singh, B Rajkumar, R Chandra",,
Dr Avtar Singh,WASTEWATER SOURCES,,https://scholar.google.com/citations?view_op=view_citation&hl=en&user=UN4_VkEAAAAJ&cstart=700&pagesize=100&sortby=pubdate&citation_for_view=UN4_VkEAAAAJ:uQVPmWFBlwUC,,"AK Singh, M Raychaudhuri, SK Jain, R Chandra",,
Dr Avtar Singh,IMPLEMENTATION OF BLOCK CHAIN TECHNOLOGY IN AGRICULTURE: CHALLENGE AND FUTURE PROSPECTS IN INDIA,,https://scholar.google.com/citations?view_op=view_citation&hl=en&user=UN4_VkEAAAAJ&cstart=700&pagesize=100&sortby=pubdate&citation_for_view=UN4_VkEAAAAJ:uWy0R8PweswC,,"SP Singh, A Kumar, M Minnatllah, AK Singh, P Sutradhar",,
Dr Avtar Singh,2. Role of Indian Agricultural Heritage in Conservation,,https://scholar.google.com/citations?view_op=view_citation&hl=en&user=UN4_VkEAAAAJ&cstart=700&pagesize=100&sortby=pubdate&citation_for_view=UN4_VkEAAAAJ:EsrhoZGmrkoC,,AK Singh,,
Dr Avtar Singh,"Genebanks: Concepts, Status and Approaches",,https://scholar.google.com/citations?view_op=view_citation&hl=en&user=UN4_VkEAAAAJ&cstart=700&pagesize=100&sortby=pubdate&citation_for_view=UN4_VkEAAAAJ:e9bUPLv0EjcC,,AK Singh,,
Dr Avtar Singh,Application of Molecular Techniques in Plant Genetic,,https://scholar.google.com/citations?view_op=view_citation&hl=en&user=UN4_VkEAAAAJ&cstart=700&pagesize=100&sortby=pubdate&citation_for_view=UN4_VkEAAAAJ:Lo8V22OuN40C,,AK Singh,,
Dr Avtar Singh,Management of plant genetic resources: An indian,,https://scholar.google.com/citations?view_op=view_citation&hl=en&user=UN4_VkEAAAAJ&cstart=700&pagesize=100&sortby=pubdate&citation_for_view=UN4_VkEAAAAJ:Yw6v6SrDvuUC,,AK Singh,,
Dr Avtar Singh,"Important plantation crops, medicinal crops, and mushrooms",,https://scholar.google.com/citations?view_op=view_citation&hl=en&user=UN4_VkEAAAAJ&cstart=700&pagesize=100&sortby=pubdate&citation_for_view=UN4_VkEAAAAJ:SgM-ki2adj0C,"(No Title), 0","JN Srivastava, AK Singh",,
Dr Avtar Singh,JOURNAL OF THE PUNJAB ACADEMY OF FORENSIC MEDICINE & TOXICOLOGY,,https://scholar.google.com/citations?view_op=view_citation&hl=en&user=UN4_VkEAAAAJ&cstart=700&pagesize=100&sortby=pubdate&citation_for_view=UN4_VkEAAAAJ:8JTMrWI6FdcC,,"A Singh, D Singh, KK Aggarwal, SS Oberoi, A Mahajan, APS Batra, ...",,
Dr Avtar Singh,Horticulture and Agroforestry,,https://scholar.google.com/citations?view_op=view_citation&hl=en&user=UN4_VkEAAAAJ&cstart=700&pagesize=100&sortby=pubdate&citation_for_view=UN4_VkEAAAAJ:5F1dSjz1ScoC,,"S Kumar, B Das, AK Singh, RS Pan, BK Jha, SK Naik, AK Thakur, ...",,
Dr Avtar Singh,Ashwagandha: Most of desired COVID-19 immunobooster medicinal plant,,https://scholar.google.com/citations?view_op=view_citation&hl=en&user=UN4_VkEAAAAJ&cstart=700&pagesize=100&sortby=pubdate&citation_for_view=UN4_VkEAAAAJ:yCjxvIMm6_oC,"Indian Horticulture 66 (5), 0","M Das, AK Singh",,
Dr Avtar Singh,BIOLOGICAL APPLICATIONS OF LASER PRODUCED PLASMA SPECTROSCOPY: AREVIEW,,https://scholar.google.com/citations?view_op=view_citation&hl=en&user=UN4_VkEAAAAJ&cstart=700&pagesize=100&sortby=pubdate&citation_for_view=UN4_VkEAAAAJ:2Q0AJrNhS-QC,"ADVANCEMENTS IN PLANT SCIENCES, 1, 0","PK Tiwari, V Singh, AK Singh, AK Pathak, AK Rai",,
Dr Avtar Singh,PRODUCTION OF MEDIUM CHAIN LENGTH POLYHYDROXYALKANOATES FROM PALMITIC ACID USING,,https://scholar.google.com/citations?view_op=view_citation&hl=en&user=UN4_VkEAAAAJ&cstart=700&pagesize=100&sortby=pubdate&citation_for_view=UN4_VkEAAAAJ:VjBpw8Hezy4C,,"S Jain, AK Singh, A Tiwari",,
Dr Avtar Singh,"BY Cu (Bip);"" IN ALKALINE MEDIUM",,https://scholar.google.com/citations?view_op=view_citation&hl=en&user=UN4_VkEAAAAJ&cstart=700&pagesize=100&sortby=pubdate&citation_for_view=UN4_VkEAAAAJ:u_mOZUIutIEC,,"AK SINGH, A PARMAR, A TIwARI",,
Dr Avtar Singh,Extraction and Characterization of Palmitic Acid from Palm oil,,https://scholar.google.com/citations?view_op=view_citation&hl=en&user=UN4_VkEAAAAJ&cstart=700&pagesize=100&sortby=pubdate&citation_for_view=UN4_VkEAAAAJ:nOiSByfp82kC,,"S Jain, AK Singh, A Tiwari",,
Dr Avtar Singh,THE EF FECT OF FO LIAR FEED ING OF PLANT GROWTH REG U LA TORS ON PHYSICO-CHEM I CAL AT TRIB UTES OF PHALSA (GREWIA SUBINAEQUALIS DC),,https://scholar.google.com/citations?view_op=view_citation&hl=en&user=UN4_VkEAAAAJ&cstart=700&pagesize=100&sortby=pubdate&citation_for_view=UN4_VkEAAAAJ:ZysSsiWj_g4C,,"AK Meena, AK Singh, B Singh",,
Dr Avtar Singh,Comparison of extraction technique on recovery of phenolic compounds obtained from papaya leaves (Carica papaya L. leaves),,https://scholar.google.com/citations?view_op=view_citation&hl=en&user=UN4_VkEAAAAJ&cstart=700&pagesize=100&sortby=pubdate&citation_for_view=UN4_VkEAAAAJ:ybfzIt2tCtgC,,"BA Langoo, NC Shahi, A Kumar, AK Singh, TP Singh, I Alam",,
Dr Avtar Singh,EF FECTS OF PLANT GROWTH REG U LA TORS ON CAL LUS IN DUC TION IN CHICK PEA (Cicer arietinum L.),,https://scholar.google.com/citations?view_op=view_citation&hl=en&user=UN4_VkEAAAAJ&cstart=700&pagesize=100&sortby=pubdate&citation_for_view=UN4_VkEAAAAJ:GiYFt9mpioMC,,"MK Singh, SP Pal, AK Singh, D Kumar, RP Singh",,
Dr Avtar Singh,SCINTILLATORS AND DETECTORS,,https://scholar.google.com/citations?view_op=view_citation&hl=en&user=UN4_VkEAAAAJ&cstart=700&pagesize=100&sortby=pubdate&citation_for_view=UN4_VkEAAAAJ:adHtZc2wMuEC,,"T Zhao, L Dai, Y Peng, B Li, J Liu, K Liang, R Yang, D Han, D Vernekohl, ...",,
Dr Avtar Singh,finding in resource constrained industrial settings”,,https://scholar.google.com/citations?view_op=view_citation&hl=en&user=UN4_VkEAAAAJ&cstart=700&pagesize=100&sortby=pubdate&citation_for_view=UN4_VkEAAAAJ:3BvdIg-l-ZAC,"International J Key words, 0","AK Singh, DK Bhaglani, R Kumar, V Kumari",,
Dr Avtar Singh,"Propagational Features of Magnetospheric VLF Emmissions Observed at Lucknow, India",,https://scholar.google.com/citations?view_op=view_citation&hl=en&user=UN4_VkEAAAAJ&cstart=700&pagesize=100&sortby=pubdate&citation_for_view=UN4_VkEAAAAJ:Gb6Hms-Uo9kC,,"AK Singh, UP Verma",,
Dr Avtar Singh,Toxic Effects of Dimethoate and Carbaryl Pesticides on Protein Metabolism of the Freshwater Snail Lymnaea,,https://scholar.google.com/citations?view_op=view_citation&hl=en&user=UN4_VkEAAAAJ&cstart=700&pagesize=100&sortby=pubdate&citation_for_view=UN4_VkEAAAAJ:oqD4_j7ulsYC,,"PK Tripathi, A Singh",,
Dr Avtar Singh,WA TER RE QUIRE MENT AND IR RI GA TION SCHED UL ING THROUGH DRIP SYS-TEMS IN CAB BAGE (Bras sica oleracea var. capitata),,https://scholar.google.com/citations?view_op=view_citation&hl=en&user=UN4_VkEAAAAJ&cstart=700&pagesize=100&sortby=pubdate&citation_for_view=UN4_VkEAAAAJ:V_vSwabWVtYC,,"A Ab dul Haris, S Kumar, AK Singh",,
Dr Avtar Singh,Fabrication Techniques for Quantum Dots,,https://scholar.google.com/citations?view_op=view_citation&hl=en&user=UN4_VkEAAAAJ&cstart=700&pagesize=100&sortby=pubdate&citation_for_view=UN4_VkEAAAAJ:txeM2kYbVNMC,"Materials Research Foundations 96, 0",AK Singh,,
Dr Avtar Singh,Field Efficacy of Biorational Insecticides Based Modules for the Management of Helicoverpa armigera (Hübner) in Chickpea,,https://scholar.google.com/citations?view_op=view_citation&hl=en&user=UN4_VkEAAAAJ&cstart=700&pagesize=100&sortby=pubdate&citation_for_view=UN4_VkEAAAAJ:3lUAU8Oskd0C,,"S Singh, BK Singh, AK Singh, R Pandey, MK Mishra, SK Singh, K Singh, ...",,
Dr Avtar Singh,"FABRICATION OF MULTIFILAMENTARY NIOBIUM-TITANIUM SUPERCONDUCTING WIRE AND CABLE: TECHNOLOGICAL CAPABILITIES AVAILABLE AT ATOMIC FUELS DIVISION, BARC",,https://scholar.google.com/citations?view_op=view_citation&hl=en&user=UN4_VkEAAAAJ&cstart=700&pagesize=100&sortby=pubdate&citation_for_view=UN4_VkEAAAAJ:I858iXPj1OkC,,"AK Singh, MM Hussain, SP Singh, RP Singh",,
Dr Avtar Singh,RELIABILITY OF MEDIUMI RANGE WEATHER roccasr IN EASTERN PLANE ZONE OF UTTAR PRADESH,,https://scholar.google.com/citations?view_op=view_citation&hl=en&user=UN4_VkEAAAAJ&cstart=700&pagesize=100&sortby=pubdate&citation_for_view=UN4_VkEAAAAJ:natZJ_-F0IUC,,"AN MISHIRA, P TRIPATHI, AK SINGH, A KUMAR",,
Dr Avtar Singh,from Leaves of Eupatorium adenophorum (L.) Spreng.,,https://scholar.google.com/citations?view_op=view_citation&hl=en&user=UN4_VkEAAAAJ&cstart=700&pagesize=100&sortby=pubdate&citation_for_view=UN4_VkEAAAAJ:wyM6WWKXmoIC,,"N Anjum, P Tripathi, AK Singh, YC Tripathi",,
Dr Avtar Singh,Statiscal analysis of whistler recorded by automatic whistler detector at Varanasi,,https://scholar.google.com/citations?view_op=view_citation&hl=en&user=UN4_VkEAAAAJ&cstart=700&pagesize=100&sortby=pubdate&citation_for_view=UN4_VkEAAAAJ:yTLRzDEmwhEC,,"Y Tripathi, SB Singh, AK Singh",,
Dr Avtar Singh,Study of Ground Plane FD SOl Structures at 25 nrn,,https://scholar.google.com/citations?view_op=view_citation&hl=en&user=UN4_VkEAAAAJ&cstart=700&pagesize=100&sortby=pubdate&citation_for_view=UN4_VkEAAAAJ:n3vGvpFsckwC,,A Singh,,
Dr Avtar Singh,Factors affecting the extent of knowledge about mango post-harvest management practices,,https://scholar.google.com/citations?view_op=view_citation&hl=en&user=UN4_VkEAAAAJ&cstart=700&pagesize=100&sortby=pubdate&citation_for_view=UN4_VkEAAAAJ:2vr6o8x5NLkC,,"SK Singh, AK Singh",,
Dr Avtar Singh,28. Miscellaneous Works,,https://scholar.google.com/citations?view_op=view_citation&hl=en&user=UN4_VkEAAAAJ&cstart=700&pagesize=100&sortby=pubdate&citation_for_view=UN4_VkEAAAAJ:jmjb1lOE9QIC,,"JS Ahluwalia, JK Ahuja, SS Alag, A Singh, AS Maharaja, MR Anand, ...",,
Dr Avtar Singh,"DIVERSITY, DISTRIBUTION, AND STATUS OF ORCHIDS IN UPPER B DIVERSITY, DISTRIBUTION, AND STATUS OF ORCHIDS IN UPPER BEAS CATCHMENT AND PARBATI VAL CATCHMENT AND PARBATI VALLEY OF …",,https://scholar.google.com/citations?view_op=view_citation&hl=en&user=UN4_VkEAAAAJ&cstart=700&pagesize=100&sortby=pubdate&citation_for_view=UN4_VkEAAAAJ:pQTOvowfQioC,,"T Barman, A Jyoti, S Marpa, M Lal, A Singh, P Sharma, SS Samant",,
Dr Avtar Singh,Power System Stability Using FACTS,,https://scholar.google.com/citations?view_op=view_citation&hl=en&user=UN4_VkEAAAAJ&cstart=700&pagesize=100&sortby=pubdate&citation_for_view=UN4_VkEAAAAJ:hGdtkIFZdKAC,,"A Sharma, AK Singh",,
Dr Avtar Singh,sustainable rural development: a case study from the Garhwal Himalaya,,https://scholar.google.com/citations?view_op=view_citation&hl=en&user=UN4_VkEAAAAJ&cstart=700&pagesize=100&sortby=pubdate&citation_for_view=UN4_VkEAAAAJ:tHtfpZlB6tUC,,"RK Maikhuri, RL Sentval, A Singh, MC Nautiyal",,
Dr Avtar Singh,"Seam Wise Variation in RMR and Safe Design of Support for Gare Palma IV/8 Mine, ACL, Raigarh-A CMRI Geo-mechanical Approach",,https://scholar.google.com/citations?view_op=view_citation&hl=en&user=UN4_VkEAAAAJ&cstart=700&pagesize=100&sortby=pubdate&citation_for_view=UN4_VkEAAAAJ:1tZ8xJnm2c8C,,"A Paul, N Kumar, P Kumar, AK Singh",,
Dr Avtar Singh,Effect of chemical coating and other treatments on physico-chemical changes during storage of Litchi fruits (Litchi chinensis Sonn.) cv. Deshi,,https://scholar.google.com/citations?view_op=view_citation&hl=en&user=UN4_VkEAAAAJ&cstart=700&pagesize=100&sortby=pubdate&citation_for_view=UN4_VkEAAAAJ:rbm3iO8VlycC,,"AK Singh, R Kumari, JN Singh",,
Dr Avtar Singh,USE OF PEROXIDASE ISOZYME PAT TERNS FOR CHAR AC TER IZA TION OF MAIZE INBREDS (ZEA MAYS L.),,https://scholar.google.com/citations?view_op=view_citation&hl=en&user=UN4_VkEAAAAJ&cstart=700&pagesize=100&sortby=pubdate&citation_for_view=UN4_VkEAAAAJ:TlpoogIpr_IC,,"R Kumari, AK Singh, VK Sharma",,
Dr Avtar Singh,Isozyme analysis based genetic diversity studies in maize inbreds (Zea mays L.),,https://scholar.google.com/citations?view_op=view_citation&hl=en&user=UN4_VkEAAAAJ&cstart=700&pagesize=100&sortby=pubdate&citation_for_view=UN4_VkEAAAAJ:EPG8bYD4jVwC,,"R Kumari, AK Singh, VK Sharma, M Kumar",2,
Dr Avtar Singh,STEM CELL-DERIVED MODELS IN TOXICOLOGY,,https://scholar.google.com/citations?view_op=view_citation&hl=en&user=UN4_VkEAAAAJ&cstart=700&pagesize=100&sortby=pubdate&citation_for_view=UN4_VkEAAAAJ:O0nohqN1r9EC,,"A Singh, V Verma, CB Yadav, N Tabassum, M Kumar, A Kumar",,
Dr Avtar Singh,STEM CELL THERAPY IN DIABETES,,https://scholar.google.com/citations?view_op=view_citation&hl=en&user=UN4_VkEAAAAJ&cstart=700&pagesize=100&sortby=pubdate&citation_for_view=UN4_VkEAAAAJ:1DsIQWDZLl8C,,"A Singh, V Verma, N Tabassum, CB Yadav, M Kumar, A Kumar, MP Singh",,
Dr Avtar Singh,PROGRESS AND PROSPECTS OF NANOTECHNOLOGY IN STEM CELLS,,https://scholar.google.com/citations?view_op=view_citation&hl=en&user=UN4_VkEAAAAJ&cstart=700&pagesize=100&sortby=pubdate&citation_for_view=UN4_VkEAAAAJ:kWvqk_afx_IC,"stem cells 1, 23, 0","N Tabassum, V Verma, CB Yadav, A Singh, M Kumar, A Kumar, MP Singh",,
Dr Avtar Singh,EPIGENETICS IN PLURIPOTENT STEM CELLS,,https://scholar.google.com/citations?view_op=view_citation&hl=en&user=UN4_VkEAAAAJ&cstart=700&pagesize=100&sortby=pubdate&citation_for_view=UN4_VkEAAAAJ:ce2CqMG-AY4C,,"N Tabassum, V Verma, CB Yadav, A Singh, M Kumar, A Kumar, MP Singh",,
Dr Avtar Singh,25. Sikhism & Other Religions,,https://scholar.google.com/citations?view_op=view_citation&hl=en&user=UN4_VkEAAAAJ&cstart=700&pagesize=100&sortby=pubdate&citation_for_view=UN4_VkEAAAAJ:U_HPUtbDl20C,,"JS Ahluwalia, A Ahmad, JC Archer, A Singh, A Singh, J Barrow, ...",,
Dr Avtar Singh,REGULATORY NETWORKS IN MESENCHYMAL STEM CELLS,,https://scholar.google.com/citations?view_op=view_citation&hl=en&user=UN4_VkEAAAAJ&cstart=700&pagesize=100&sortby=pubdate&citation_for_view=UN4_VkEAAAAJ:prdVHNxh-e8C,,"N Tabassum, V Verma, CB Yadav, M Kumar, A Kumar, A Mukherjee, ...",,
Dr Avtar Singh,"STUDY ON VARI ABIL ITY, HERITABILITY AND GE NETIC AD VANCE IN OKRA [Abelmoschus esculantus (L.) Monch]",,https://scholar.google.com/citations?view_op=view_citation&hl=en&user=UN4_VkEAAAAJ&cstart=700&pagesize=100&sortby=pubdate&citation_for_view=UN4_VkEAAAAJ:4X0JR2_MtJMC,,"AK Singh, JR Yadav, KP Singh, M Singh, K Kumar",,
Dr Avtar Singh,Convalescing Soil Functionality of Degraded Lands: An Experience from Semi-Arid India,,https://scholar.google.com/citations?view_op=view_citation&hl=en&user=UN4_VkEAAAAJ&cstart=700&pagesize=100&sortby=pubdate&citation_for_view=UN4_VkEAAAAJ:Ak0FvsSvgGUC,,"A Chandra, H Baradwal, A Ghosh, AK Singh, SS Manjangouda",,
Dr Avtar Singh,Identification of Congenial Climatic Condition for Optimum Yield of Chickpea Under Prevailing Weather Condition in Eastern Uttar Pradesh,,https://scholar.google.com/citations?view_op=view_citation&hl=en&user=UN4_VkEAAAAJ&cstart=700&pagesize=100&sortby=pubdate&citation_for_view=UN4_VkEAAAAJ:nVrZBo8bIpAC,,"A KUMAR, AK SINGH, A KUMAR, P TRIPATHI, AN MISHRA, SR MISHRA",,
Dr Avtar Singh,Genetic variation in quality traits of carrot,,https://scholar.google.com/citations?view_op=view_citation&hl=en&user=UN4_VkEAAAAJ&cstart=700&pagesize=100&sortby=pubdate&citation_for_view=UN4_VkEAAAAJ:oNZyr7d5Mn4C,,"KS CHANDEL, AK SINGH, RS RATTAN",,
Dr Avtar Singh,Recent Performance of Agro meteorological Services for Uttar Pradesh,,https://scholar.google.com/citations?view_op=view_citation&hl=en&user=UN4_VkEAAAAJ&cstart=700&pagesize=100&sortby=pubdate&citation_for_view=UN4_VkEAAAAJ:35r97b3x0nAC,,"AK Singh, JP Gupta",,
Dr Avtar Singh,Arachidonic acid cascade inhibitors modulate phorbol ester-induced oxidative stress in female ICR mouse skin: differential roles of 5-lipoxygenase and cyclooxygenase-2 in …,,https://scholar.google.com/citations?view_op=view_citation&hl=en&user=UN4_VkEAAAAJ&cstart=700&pagesize=100&sortby=pubdate&citation_for_view=UN4_VkEAAAAJ:abG-DnoFyZgC,,"E Fernandes, SA Toste, JLFC Lima, S Reis, L József, JG Filep, ...",,
Dr Avtar Singh,l6. Influence of growth regulating substances on rooting of cuttings of,,https://scholar.google.com/citations?view_op=view_citation&hl=en&user=UN4_VkEAAAAJ&cstart=700&pagesize=100&sortby=pubdate&citation_for_view=UN4_VkEAAAAJ:3s1wT3WcHBgC,,"AK Singh, R Singh",,
Dr Avtar Singh,ERGONOMIC AND ECONOMIC EVALUATION OF TWO MODELS OF SHRUB CUTTERS FOR HARVESTING OF LANTANA IN KANDI AREAS OF PUNJAB,,https://scholar.google.com/citations?view_op=view_citation&hl=en&user=UN4_VkEAAAAJ&cstart=700&pagesize=100&sortby=pubdate&citation_for_view=UN4_VkEAAAAJ:bEWYMUwI8FkC,,"H Kaur, N Kaur, A Singh",,
Dr Avtar Singh,Studies on Role of Knowledge and Attitude for the Transfer of Zero Tillage Technology under the Punjab Conditions,,https://scholar.google.com/citations?view_op=view_citation&hl=en&user=UN4_VkEAAAAJ&cstart=700&pagesize=100&sortby=pubdate&citation_for_view=UN4_VkEAAAAJ:IWHjjKOFINEC,"ZERO TILLAGE–THE VOICE OF FARMERS, 44, 0","A Singh, HK Virk, SS Brar",,
Dr Shefali Arora Chouhan,Authentication Techniques Using IoT and Deep Learning,2025,https://scholar.google.com/citations?view_op=view_citation&hl=en&user=RYm6f-YAAAAJ&pagesize=100&sortby=pubdate&citation_for_view=RYm6f-YAAAAJ:TQgYirikUcIC,"Beyond Artificial Intelligence: Select Proceedings of the International …, 2025","N Kumar, S Arora",,
Dr Shefali Arora Chouhan,Federated Learning in Smart Farming: Applications and Challenges,2025,https://scholar.google.com/citations?view_op=view_citation&hl=en&user=RYm6f-YAAAAJ&pagesize=100&sortby=pubdate&citation_for_view=RYm6f-YAAAAJ:HDshCWvjkbEC,"Convergence of AI, Federated Learning, and Blockchain for Sustainable …, 2025","S Gupta, S Arora, S Qamar",1,
Dr Shefali Arora Chouhan,Fog Computing Security Concerns in Healthcare Using IoT and Blockchain,2025,https://scholar.google.com/citations?view_op=view_citation&hl=en&user=RYm6f-YAAAAJ&pagesize=100&sortby=pubdate&citation_for_view=RYm6f-YAAAAJ:-f6ydRqryjwC,"AI‐Based Advanced Optimization Techniques for Edge Computing, 231-252, 2025","R Mittal, S Gupta, S Arora",1,
Dr Shefali Arora Chouhan,Trustworthy AI in Biometrics: A Comprehensive Review of Trends and Challenges,2025,https://scholar.google.com/citations?view_op=view_citation&hl=en&user=RYm6f-YAAAAJ&pagesize=100&sortby=pubdate&citation_for_view=RYm6f-YAAAAJ:hC7cP41nSMkC,"Journal of Graphic Era University, 91-118, 2025","S Arora, K Goel, S Gupta, R Mittal, AK Shrivastava",,
Dr Shefali Arora Chouhan,Stock Market Prediction Using News Sentiment Analysis,2025,https://scholar.google.com/citations?view_op=view_citation&hl=en&user=RYm6f-YAAAAJ&pagesize=100&sortby=pubdate&citation_for_view=RYm6f-YAAAAJ:hFOr9nPyWt4C,"International Conference on Mathematical Modeling and Computational Science …, 2025","S Gupta, S Arora, N Kumar",,
Dr Shefali Arora Chouhan,A Review of Behavioral Biometric Authentication Techniques Using IoT and Deep Learning,2025,https://scholar.google.com/citations?view_op=view_citation&hl=en&user=RYm6f-YAAAAJ&pagesize=100&sortby=pubdate&citation_for_view=RYm6f-YAAAAJ:R3hNpaxXUhUC,"International Conference On Artificial Intelligence, Computing, IOT and Data …, 2025","N Kumar, S Arora",,
Dr Shefali Arora Chouhan,"Blockchain-based deep learning in IoT, healthcare and cryptocurrency price prediction: a comprehensive review",2024,https://scholar.google.com/citations?view_op=view_citation&hl=en&user=RYm6f-YAAAAJ&pagesize=100&sortby=pubdate&citation_for_view=RYm6f-YAAAAJ:9ZlFYXVOiuMC,"International Journal of Quality & Reliability Management 41 (8), 2199-2225, 2024","S Arora, R Mittal, AK Shrivastava, S Bali",11,
Dr Shefali Arora Chouhan,A Comparative Analysis of Child Activity Recognition Using Machine Learning,2024,https://scholar.google.com/citations?view_op=view_citation&hl=en&user=RYm6f-YAAAAJ&pagesize=100&sortby=pubdate&citation_for_view=RYm6f-YAAAAJ:L8Ckcad2t8MC,"International Conference on Advances in Information Communication Technology …, 2024","N Kumar, S Arora, L Aggrawal",,
Dr Shefali Arora Chouhan,Enhancing facial expression recognition through generative adversarial networks-based augmentation,2024,https://scholar.google.com/citations?view_op=view_citation&hl=en&user=RYm6f-YAAAAJ&pagesize=100&sortby=pubdate&citation_for_view=RYm6f-YAAAAJ:QIV2ME_5wuYC,"International Journal of System Assurance Engineering and Management 15 (3 …, 2024","R Rani, S Arora, V Verma, S Mahajan, R Sharma",5,
Dr Shefali Arora Chouhan,A robust approach for licence plate detection using deep learning,2024,https://scholar.google.com/citations?view_op=view_citation&hl=en&user=RYm6f-YAAAAJ&pagesize=100&sortby=pubdate&citation_for_view=RYm6f-YAAAAJ:mVmsd5A6BfQC,"Inteligencia Artificial 27 (73), 129-141, 2024","S Arora, R Mittal, D Arora, AK Shrivastava",7,
Dr Shefali Arora Chouhan,EEG Signal Classification for Epileptic Seizure Detection: A Review of Machine Learning Approaches,2024,https://scholar.google.com/citations?view_op=view_citation&hl=en&user=RYm6f-YAAAAJ&pagesize=100&sortby=pubdate&citation_for_view=RYm6f-YAAAAJ:IWHjjKOFINEC,"Journal of Multi Disciplinary Engineering Technologies 18 (01), 2024","S Arora, N Chugh",2,
Dr Shefali Arora Chouhan,An evaluation of denoising techniques and classification of biometric images based on deep learning,2023,https://scholar.google.com/citations?view_op=view_citation&hl=en&user=RYm6f-YAAAAJ&pagesize=100&sortby=pubdate&citation_for_view=RYm6f-YAAAAJ:_kc_bZDykSQC,"Multimedia Tools and Applications 82 (6), 8287-8302, 2023","S Arora, R Mittal, H Kukreja, MPS Bhatia",11,
Dr Shefali Arora Chouhan,A robust framework for spoofing detection in faces using deep learning,2022,https://scholar.google.com/citations?view_op=view_citation&hl=en&user=RYm6f-YAAAAJ&pagesize=100&sortby=pubdate&citation_for_view=RYm6f-YAAAAJ:MXK_kJrjxJIC,"The Visual Computer 38 (7), 2461-2472, 2022","S Arora, MPS Bhatia, V Mittal",47,
Dr Shefali Arora Chouhan,Intelligent audio analysis techniques for identification of music in smart devices,2022,https://scholar.google.com/citations?view_op=view_citation&hl=en&user=RYm6f-YAAAAJ&pagesize=100&sortby=pubdate&citation_for_view=RYm6f-YAAAAJ:hqOjcs7Dif8C,"Internet Technology Letters 5 (2), e268, 2022","P Mangla, S Arora, MPS Bhatia",4,
Dr Shefali Arora Chouhan,Challenges and opportunities in biometric security: A survey,2022,https://scholar.google.com/citations?view_op=view_citation&hl=en&user=RYm6f-YAAAAJ&pagesize=100&sortby=pubdate&citation_for_view=RYm6f-YAAAAJ:0EnyYjriUFMC,"Information Security Journal: A Global Perspective 31 (1), 28-48, 2022","S Arora, MPS Bhatia",50,
Dr Shefali Arora Chouhan,"An Extensive Study on Deep Learning: Techniques, Applications.",2021,https://scholar.google.com/citations?view_op=view_citation&hl=en&user=RYm6f-YAAAAJ&pagesize=100&sortby=pubdate&citation_for_view=RYm6f-YAAAAJ:5nxA0vEk-isC,"Archives of Computational Methods in Engineering 28 (7), 2021","R Mittal, S Arora, V Bansal, MPS Bhatia",24,
Dr Shefali Arora Chouhan,Privacy protection of biometric templates using deep learning,2021,https://scholar.google.com/citations?view_op=view_citation&hl=en&user=RYm6f-YAAAAJ&pagesize=100&sortby=pubdate&citation_for_view=RYm6f-YAAAAJ:KlAtU1dfN6UC,"Innovations in Cyber Physical Systems: Select Proceedings of ICICPS 2020, 19-27, 2021","S Arora, MPS Bhatia, H Kukreja, S Jain",3,
Dr Shefali Arora Chouhan,A survey of popular digital forensic tools,2021,https://scholar.google.com/citations?view_op=view_citation&hl=en&user=RYm6f-YAAAAJ&pagesize=100&sortby=pubdate&citation_for_view=RYm6f-YAAAAJ:kNdYIx-mwKoC,"Cyber Crime and Forensic Computing, 1-26, 2021","S Arora, R Mittal, MPS Bhatia",2,
Dr Shefali Arora Chouhan,A secure framework to preserve privacy of biometric templates on cloud using deep learning,2021,https://scholar.google.com/citations?view_op=view_citation&hl=en&user=RYm6f-YAAAAJ&pagesize=100&sortby=pubdate&citation_for_view=RYm6f-YAAAAJ:ULOm3_A8WrAC,"Recent Advances in Computer Science and Communications (Formerly: Recent …, 2021","S Arora, MPS Bhatia",2,
Dr Shefali Arora Chouhan,"An insight into tool and software used in AI, machine learning and data analytics",2021,https://scholar.google.com/citations?view_op=view_citation&hl=en&user=RYm6f-YAAAAJ&pagesize=100&sortby=pubdate&citation_for_view=RYm6f-YAAAAJ:8k81kl-MbHgC,"AI and Machine Learning Paradigms for Health Monitoring System: Intelligent …, 2021","R Mittal, S Arora, P Kuchhal, MPS Bhatia",3,
Dr Shefali Arora Chouhan,Privacy Enhancement in Biometric Systems by Template Protection using Deep Learning,2021,https://scholar.google.com/citations?view_op=view_citation&hl=en&user=RYm6f-YAAAAJ&pagesize=100&sortby=pubdate&citation_for_view=RYm6f-YAAAAJ:qUcmZB5y_30C,"Int. J. Sci. Res. in Computer Science and Engineering Vol 9 (1), 2021","H Kukreja, S Jain, S Arora, MPS Bhatia",,
Dr Shefali Arora Chouhan,Biometric Monitoring in Healthcare IoT Systems Using Deep Learning,2020,https://scholar.google.com/citations?view_op=view_citation&hl=en&user=RYm6f-YAAAAJ&pagesize=100&sortby=pubdate&citation_for_view=RYm6f-YAAAAJ:3fE2CSJIrl8C,"IoT Security Paradigms and Applications, 285-301, 2020","S Arora, MPS Bhatia, G Kaur",,
Dr Shefali Arora Chouhan,Presentation attack detection for iris recognition using deep learning,2020,https://scholar.google.com/citations?view_op=view_citation&hl=en&user=RYm6f-YAAAAJ&pagesize=100&sortby=pubdate&citation_for_view=RYm6f-YAAAAJ:WF5omc3nYNoC,"International Journal of System Assurance Engineering and Management 11 …, 2020","S Arora, MPS Bhatia",25,
Dr Shefali Arora Chouhan,An Efficient Image Compression Technique for Big Data Based on Deep Convolutional Autoencoders,2020,https://scholar.google.com/citations?view_op=view_citation&hl=en&user=RYm6f-YAAAAJ&pagesize=100&sortby=pubdate&citation_for_view=RYm6f-YAAAAJ:_FxGoFyzp5QC,"Proceedings of First International Conference on Computing, Communications …, 2020","S Arora, MPS Bhatia",,
Dr Shefali Arora Chouhan,Fingerprint spoofing detection to improve customer security in mobile financial applications using deep learning,2020,https://scholar.google.com/citations?view_op=view_citation&hl=en&user=RYm6f-YAAAAJ&pagesize=100&sortby=pubdate&citation_for_view=RYm6f-YAAAAJ:YsMSGLbcyi4C,"Arabian journal for science and engineering 45 (4), 2847-2863, 2020","S Arora, MPS Bhatia",48,
Dr Shefali Arora Chouhan,A Comparison of Various Optimizers for Handwriting Recognition using Deep Learning,2020,https://scholar.google.com/citations?view_op=view_citation&hl=en&user=RYm6f-YAAAAJ&pagesize=100&sortby=pubdate&citation_for_view=RYm6f-YAAAAJ:ufrVoPGSRksC,"Proceedings of the International Conference on Innovative Computing …, 2020","S Arora, MPS Bhatia",,
Dr Shefali Arora Chouhan,A multimodal biometric system for secure user identification based on deep learning,2020,https://scholar.google.com/citations?view_op=view_citation&hl=en&user=RYm6f-YAAAAJ&pagesize=100&sortby=pubdate&citation_for_view=RYm6f-YAAAAJ:Se3iqnhoufwC,"International Congress on Information and Communication Technology, 95-103, 2020","S Arora, MPS Bhatia, H Kukreja",22,
Dr Shefali Arora Chouhan,Biometrics for forensic identification in web applications and social platforms using deep learning,2020,https://scholar.google.com/citations?view_op=view_citation&hl=en&user=RYm6f-YAAAAJ&pagesize=100&sortby=pubdate&citation_for_view=RYm6f-YAAAAJ:UeHWp8X0CEIC,"Forensic Investigations and Risk Management in Mobile and Wireless …, 2020","S Arora, MPS Bhatia",5,
Dr Shefali Arora Chouhan,Reviewer Summary for Transactions on Image Processing,2019,https://scholar.google.com/citations?view_op=view_citation&hl=en&user=RYm6f-YAAAAJ&pagesize=100&sortby=pubdate&citation_for_view=RYm6f-YAAAAJ:4TOpqqG69KYC,"IEEE Transactions on Image Processing 28 (12), 6237, 2019","A Abbas, M Abbasi, A Abdel-Hakim, M Abdelkader, M Abdoli, M Abebe, ...",2,
Dr Shefali Arora Chouhan,A robust approach to detect video-based attacks to enhance security,2019,https://scholar.google.com/citations?view_op=view_citation&hl=en&user=RYm6f-YAAAAJ&pagesize=100&sortby=pubdate&citation_for_view=RYm6f-YAAAAJ:eQOLeE2rZwMC,"International Journal of Innovative Computing and Applications 10 (3-4), 175-184, 2019","S Arora, MPS Bhatia",1,
Dr Shefali Arora Chouhan,Spoofed Fingerprint Detection Based on Time Series Fingerprint Image Analysis,2018,https://scholar.google.com/citations?view_op=view_citation&hl=en&user=RYm6f-YAAAAJ&pagesize=100&sortby=pubdate&citation_for_view=RYm6f-YAAAAJ:u5HHmVD_uO8C,"2018 First International Conference on Secure Cyber Computing and …, 2018","S Arora, N Maheshwari, MPS Bhatia",1,
Dr Shefali Arora Chouhan,A computer vision system for iris recognition based on deep learning,2018,https://scholar.google.com/citations?view_op=view_citation&hl=en&user=RYm6f-YAAAAJ&pagesize=100&sortby=pubdate&citation_for_view=RYm6f-YAAAAJ:u-x6o8ySG0sC,"2018 IEEE 8th International Advance Computing Conference (IACC), 157-161, 2018","S Arora, MPS Bhatia",25,
Dr Shefali Arora Chouhan,Handwriting recognition using deep learning in keras,2018,https://scholar.google.com/citations?view_op=view_citation&hl=en&user=RYm6f-YAAAAJ&pagesize=100&sortby=pubdate&citation_for_view=RYm6f-YAAAAJ:qjMakFHDy7sC,"2018 International Conference on Advances in Computing, Communication …, 2018","S Arora, MPS Bhatia",36,
Dr Shefali Arora Chouhan,Privacy Protection and Intrusion Avoidance for Cloudlet-based Medical Data Sharing,2018,https://scholar.google.com/citations?view_op=view_citation&hl=en&user=RYm6f-YAAAAJ&pagesize=100&sortby=pubdate&citation_for_view=RYm6f-YAAAAJ:4DMP91E08xMC,"Perspectives in Communication, Embedded-systems and Signal-processing-PiCES …, 2018","KM Shalini, S Anjum, C Suchitra, M Veena, S Arora",1,
Dr Shefali Arora Chouhan,A robust approach for gender recognition using deep learning,2018,https://scholar.google.com/citations?view_op=view_citation&hl=en&user=RYm6f-YAAAAJ&pagesize=100&sortby=pubdate&citation_for_view=RYm6f-YAAAAJ:Tyk-4Ss8FVUC,"2018 9th international conference on computing, communication and networking …, 2018","S Arora, MPS Bhatia",22,
Dr Shefali Arora Chouhan,Automated cryptocurrencies prices prediction using machine learning,2018,https://scholar.google.com/citations?view_op=view_citation&hl=en&user=RYm6f-YAAAAJ&pagesize=100&sortby=pubdate&citation_for_view=RYm6f-YAAAAJ:d1gkVwhDpl0C,"Division of Computer Engineering, Netaji Subhas Institute of Technology …, 2018","R Mittal, S Arora, MPS Bhatia",48,
Dr Shefali Arora Chouhan,Comparative Evaluation of N-Butyl-2-Cynoacrylate and Silk Sutures in Closure of Intraoral Incisions: A Prospective Clinical Study,2018,https://scholar.google.com/citations?view_op=view_citation&hl=en&user=RYm6f-YAAAAJ&pagesize=100&sortby=pubdate&citation_for_view=RYm6f-YAAAAJ:7PzlFSSx8tAC,"Baba Farid University Dental Journal 8 (1), 16-23, 2018","SS Arora, S Goyal, I Kumar, R Sharma, S Arora, D Prashar",,
Dr Shefali Arora Chouhan,Oral and Maxillofacial Surgery: Central Odontogenic Fibroma: A Case Report.,2018,https://scholar.google.com/citations?view_op=view_citation&hl=en&user=RYm6f-YAAAAJ&pagesize=100&sortby=pubdate&citation_for_view=RYm6f-YAAAAJ:dhFuZR0502QC,"Clinical Dentistry (0974-3979) 12 (1), 2018","R Kumar, I Kumar, S Arora, N Kumar, A Mehta",,
Dr Shefali Arora Chouhan,Latent Fingerprint Identification for Crime Investigation Using Apache Spark,2018,https://scholar.google.com/citations?view_op=view_citation&hl=en&user=RYm6f-YAAAAJ&pagesize=100&sortby=pubdate&citation_for_view=RYm6f-YAAAAJ:W7OEmFMy1HYC,"International Journal of Information Systems & Management Science, Forthcoming, 2018","S Arora, MPS Bhatia",,
Dr Shefali Arora Chouhan,Improving the accuracy of recommender systems through annealing,2017,https://scholar.google.com/citations?view_op=view_citation&hl=en&user=RYm6f-YAAAAJ&pagesize=100&sortby=pubdate&citation_for_view=RYm6f-YAAAAJ:2osOgNQ5qMEC,"Information and Communication Technology for Sustainable Development …, 2017","S Arora, S Goel",4,
Dr Shefali Arora Chouhan,Analyzing mobile phone usage using clustering in Spark MLLib and Pig.,2017,https://scholar.google.com/citations?view_op=view_citation&hl=en&user=RYm6f-YAAAAJ&pagesize=100&sortby=pubdate&citation_for_view=RYm6f-YAAAAJ:zYLM7Y9cAGgC,"International Journal of Advanced Research in Computer Science 8 (1), 2017",S Arora,8,
Dr Shefali Arora Chouhan,Handling cold start problem in recommender systems by clustering demographic attribute,2016,https://scholar.google.com/citations?view_op=view_citation&hl=en&user=RYm6f-YAAAAJ&pagesize=100&sortby=pubdate&citation_for_view=RYm6f-YAAAAJ:IjCSPb-OGe4C,"Int. J. Eng. Appl. Sci. Technol 1, 59-63, 2016","S Gupta, S Arora",2,
Dr Shefali Arora Chouhan,Hindi Analyser: A Context-Aware Approach for Semantic Clustering of Hindi Words,,https://scholar.google.com/citations?view_op=view_citation&hl=en&user=RYm6f-YAAAAJ&pagesize=100&sortby=pubdate&citation_for_view=RYm6f-YAAAAJ:ZeXyd9-uunAC,"Journal of Multi Disciplinary Engineering Technologies 18 (01), 0","S Arora, R Mittal, S Gupta",,
Dr Shefali Arora Chouhan,2018 First International Conference on Secure Cyber Computing and Communication (ICSCCC),,https://scholar.google.com/citations?view_op=view_citation&hl=en&user=RYm6f-YAAAAJ&pagesize=100&sortby=pubdate&citation_for_view=RYm6f-YAAAAJ:UebtZRa9Y70C,,"MR Abbasi, N Agarwal, N Agarwal, K Ahuja, M Ahuja, J Aidan, M Airon, ...",,
Dr Shefali Arora Chouhan,COLLABORATIVE APPROACH FOR TREND ANALYSIS USING CLUSTERING MECHANISMS AND BIG DATA TECHNOLOGIES,,https://scholar.google.com/citations?view_op=view_citation&hl=en&user=RYm6f-YAAAAJ&pagesize=100&sortby=pubdate&citation_for_view=RYm6f-YAAAAJ:Y0pCki6q_DkC,,"S Arora, R Mittal, MPS Bhatia",,
Dr Shefali Arora Chouhan,AN IMPROVEMENT IN LARSA AND ITS IMPLEMENTATION ON ALLOCATION OF SEATS TO CATEGORIES IN AN ORGANIZATION,,https://scholar.google.com/citations?view_op=view_citation&hl=en&user=RYm6f-YAAAAJ&pagesize=100&sortby=pubdate&citation_for_view=RYm6f-YAAAAJ:9yKSN-GCB0IC,,"S Jain, D Gupta, S Arora",,
Dr KUNWAR PAL,"Biomass densification pathways for India: An overview on technologies, characterization, testing, challenges and economics",2026,https://scholar.google.com/citations?view_op=view_citation&hl=en&user=37CNdWQAAAAJ&pagesize=100&sortby=pubdate&citation_for_view=37CNdWQAAAAJ:isC4tDSrTZIC,"Energy for Sustainable Development 90, 101878, 2026","D Awasthi, K Pal, TK Patra, N Gakkhar, AP Toor",,
Dr KUNWAR PAL,"Briquette and biochar production from apple-pruned residue for energy recovery, soil fertility and water purification",2025,https://scholar.google.com/citations?view_op=view_citation&hl=en&user=37CNdWQAAAAJ&pagesize=100&sortby=pubdate&citation_for_view=37CNdWQAAAAJ:TFP_iSt0sucC,"Discover Environment 3 (1), 1-14, 2025","V Sharma, RK Aggarwal, D Kumar, K Pal",,
Dr KUNWAR PAL,Effect of Primary Air on Performance of a Natural Draft Dual-Purpose Gasifier Stove: An Experimental Study,2025,https://scholar.google.com/citations?view_op=view_citation&hl=en&user=37CNdWQAAAAJ&pagesize=100&sortby=pubdate&citation_for_view=37CNdWQAAAAJ:j3f4tGmQtD8C,"BioEnergy Research 18 (1), 1-11, 2025","D Awasthi, K Pal",1,
Dr KUNWAR PAL,Comprehensive review of path planning techniques for unmanned aerial vehicles (uavs),2025,https://scholar.google.com/citations?view_op=view_citation&hl=en&user=37CNdWQAAAAJ&pagesize=100&sortby=pubdate&citation_for_view=37CNdWQAAAAJ:4JMBOYKVnBMC,"ACM Computing Surveys 58 (3), 1-44, 2025","P Kumar, K Pal, MC Govil",5,
Dr KUNWAR PAL,Prioritized real-time multi-objective coverage path planning scheme for energy-constrained multi-UAVs,2025,https://scholar.google.com/citations?view_op=view_citation&hl=en&user=37CNdWQAAAAJ&pagesize=100&sortby=pubdate&citation_for_view=37CNdWQAAAAJ:r0BpntZqJG4C,"Sādhanā 50 (3), 1-19, 2025","P Kumar, K Pal, MC Govil",,
Dr KUNWAR PAL,Group formation technique based on deep embedded clustering and similarity for group recommendation system,2025,https://scholar.google.com/citations?view_op=view_citation&hl=en&user=37CNdWQAAAAJ&pagesize=100&sortby=pubdate&citation_for_view=37CNdWQAAAAJ:bEWYMUwI8FkC,"Knowledge and Information Systems, 1-33, 2025","S Singhal, K Pal",,
Dr KUNWAR PAL,Lignocellulosic biomass to biochar: An overview on impact of production technologies on biochar yield and techno-economics,2025,https://scholar.google.com/citations?view_op=view_citation&hl=en&user=37CNdWQAAAAJ&pagesize=100&sortby=pubdate&citation_for_view=37CNdWQAAAAJ:iH-uZ7U-co4C,"Journal of the Energy Institute, 102233, 2025","PR Chauhan, D Awasthi, R Godara, K Pal, V Vijay, PV Aravind",1,
Dr KUNWAR PAL,Valorization of rice straw via torrefaction and its effect on the physicochemical properties,2025,https://scholar.google.com/citations?view_op=view_citation&hl=en&user=37CNdWQAAAAJ&pagesize=100&sortby=pubdate&citation_for_view=37CNdWQAAAAJ:R3hNpaxXUhUC,"Biomass Conversion and Biorefinery, 1-20, 2025","A Rafey, K Pal, KK Pant",6,
Dr KUNWAR PAL,State of art and emerging trends on group recommender system: a comprehensive review,2024,https://scholar.google.com/citations?view_op=view_citation&hl=en&user=37CNdWQAAAAJ&pagesize=100&sortby=pubdate&citation_for_view=37CNdWQAAAAJ:TQgYirikUcIC,"International Journal of Multimedia Information Retrieval 13 (2), 22, 2024","S Singhal, K Pal",8,
Dr KUNWAR PAL,Introduction to Various Types of Wastes,2024,https://scholar.google.com/citations?view_op=view_citation&hl=en&user=37CNdWQAAAAJ&pagesize=100&sortby=pubdate&citation_for_view=37CNdWQAAAAJ:_Qo2XoVZTnwC,"From Waste to Wealth, 3-18, 2024","A Rafey, K Pal, KK Pant, E Ahmad, S Upadhyayula",2,
Dr KUNWAR PAL,Conversion and Utilization of Farm Agro-Waste to Sustainable Energy Production: A Waste to Wealth Approach,2024,https://scholar.google.com/citations?view_op=view_citation&hl=en&user=37CNdWQAAAAJ&pagesize=100&sortby=pubdate&citation_for_view=37CNdWQAAAAJ:e5wmG9Sq2KIC,"From Waste to Wealth, 153-174, 2024","D Hooda, Himanshu, N Gakkhar, K Pal",1,
Dr KUNWAR PAL,Evaluating HHV Prediction Equations Using Proximate and Ultimate Analyses,2023,https://scholar.google.com/citations?view_op=view_citation&hl=en&user=37CNdWQAAAAJ&pagesize=100&sortby=pubdate&citation_for_view=37CNdWQAAAAJ:RHpTSmoSYBkC,"International Conference on Advances in Energy Research, 331-341, 2023","Deepti, N Gakkhar, AP Toor, K Pal",1,
Dr KUNWAR PAL,Rapid A*: a robust path planning scheme for UAVs,2023,https://scholar.google.com/citations?view_op=view_citation&hl=en&user=37CNdWQAAAAJ&pagesize=100&sortby=pubdate&citation_for_view=37CNdWQAAAAJ:ZeXyd9-uunAC,"International Journal of Intelligent Robotics and Applications 7 (4), 720-739, 2023","P Kumar, K Pal, MC Govil, A Choudhary",9,
Dr KUNWAR PAL,"Revisiting of peer-to-peer traffic: taxonomy, applications, identification techniques, new trends and challenges",2023,https://scholar.google.com/citations?view_op=view_citation&hl=en&user=37CNdWQAAAAJ&pagesize=100&sortby=pubdate&citation_for_view=37CNdWQAAAAJ:7PzlFSSx8tAC,"Knowledge and Information Systems 65 (11), 4479-4536, 2023","MSA Ansari, K Pal, MC Govil",7,
Dr KUNWAR PAL,Identification of vulnerable selfish peer in P2P network using nature-inspired optimization techniques,2023,https://scholar.google.com/citations?view_op=view_citation&hl=en&user=37CNdWQAAAAJ&pagesize=100&sortby=pubdate&citation_for_view=37CNdWQAAAAJ:QIV2ME_5wuYC,"Physical Communication 59, 102110, 2023","MSA Ansari, K Pal, P Govil, MC Govil, N Chaurasia, A Vidyarthi, M Alharbi",4,
Dr KUNWAR PAL,Production of biomass derived highly porous activated carbon: a solution towards in-situ burning of crop residues in India,2023,https://scholar.google.com/citations?view_op=view_citation&hl=en&user=37CNdWQAAAAJ&pagesize=100&sortby=pubdate&citation_for_view=37CNdWQAAAAJ:mVmsd5A6BfQC,"Bioresource Technology Reports 22, 101425, 2023","PR Chauhan, G Raveesh, K Pal, R Goyal, SK Tyagi",28,
Dr KUNWAR PAL,Development of energy efficient routing protocol using genetic algorithm for IoMT,2023,https://scholar.google.com/citations?view_op=view_citation&hl=en&user=37CNdWQAAAAJ&pagesize=100&sortby=pubdate&citation_for_view=37CNdWQAAAAJ:qUcmZB5y_30C,"2023 Third International Conference on Secure Cyber Computing and …, 2023","RR Jha, M Singh, MSA Ansari, K Pal, MC Govil",3,
Dr KUNWAR PAL,Area-coverage path planning for unmanned aerial vehicles: A Review,2023,https://scholar.google.com/citations?view_op=view_citation&hl=en&user=37CNdWQAAAAJ&pagesize=100&sortby=pubdate&citation_for_view=37CNdWQAAAAJ:IWHjjKOFINEC,"2023 Third International Conference on Secure Cyber Computing and …, 2023","S Sonawane, K Pal",,
Dr KUNWAR PAL,An efficient and optimized Markov chain-based prediction for server consolidation in cloud environment,2023,https://scholar.google.com/citations?view_op=view_citation&hl=en&user=37CNdWQAAAAJ&pagesize=100&sortby=pubdate&citation_for_view=37CNdWQAAAAJ:Wp0gIr-vW9MC,"Computers and Electrical Engineering 108, 108707, 2023","N Chaurasia, M Kumar, A Vidyarthi, K Pal, A Alkhayyat",6,
Dr KUNWAR PAL,A fuzzy based hierarchical flash crowd controller for live video streaming in P2P network,2023,https://scholar.google.com/citations?view_op=view_citation&hl=en&user=37CNdWQAAAAJ&pagesize=100&sortby=pubdate&citation_for_view=37CNdWQAAAAJ:4DMP91E08xMC,"Peer-to-Peer Networking and Applications 16 (2), 1027-1048, 2023","MSA Ansari, K Pal, P Govil, MC Govil",6,
Dr KUNWAR PAL,A statistical analysis of SAMPARK dataset for peer-to-peer traffic and selfish-peer identification,2023,https://scholar.google.com/citations?view_op=view_citation&hl=en&user=37CNdWQAAAAJ&pagesize=100&sortby=pubdate&citation_for_view=37CNdWQAAAAJ:4TOpqqG69KYC,"Multimedia Tools and Applications 82 (6), 8507-8535, 2023","MSA Ansari, K Pal, P Govil, MC Govil, LK Awasthi",12,
Dr KUNWAR PAL,A state-of-the-art review on the technological advancements for the sustainable management of plastic waste in consort with the generation of energy and value-added chemicals,2023,https://scholar.google.com/citations?view_op=view_citation&hl=en&user=37CNdWQAAAAJ&pagesize=100&sortby=pubdate&citation_for_view=37CNdWQAAAAJ:HDshCWvjkbEC,"Catalysts 13 (2), 420, 2023","A Rafey, K Pal, A Bohre, A Modak, KK Pant",38,
Dr KUNWAR PAL,Energy and Exergy Analyses of Typical Cookstove Models Using Different Biomass Feedstocks,2022,https://scholar.google.com/citations?view_op=view_citation&hl=en&user=37CNdWQAAAAJ&pagesize=100&sortby=pubdate&citation_for_view=37CNdWQAAAAJ:M3ejUd6NZC8C,"Biomass, Bioenergy & Bioeconomy, 161-184, 2022","K Pal, Himanshu, SK Tyagi",1,
Dr KUNWAR PAL,Energy and exergy analysis and emission reduction from forced draft gasifier cookstove models: a comparative study,2022,https://scholar.google.com/citations?view_op=view_citation&hl=en&user=37CNdWQAAAAJ&pagesize=100&sortby=pubdate&citation_for_view=37CNdWQAAAAJ:L8Ckcad2t8MC,"Journal of Thermal Analysis and Calorimetry 147 (15), 8509-8521, 2022","Himanshu, K Pal, S Jain, SK Tyagi",18,
Dr KUNWAR PAL,Correction to: Energy and exergy analysis and emission reduction from forced draft gasifier cookstove models: a comparative study,2022,https://scholar.google.com/citations?view_op=view_citation&hl=en&user=37CNdWQAAAAJ&pagesize=100&sortby=pubdate&citation_for_view=37CNdWQAAAAJ:dhFuZR0502QC,"Journal of Thermal Analysis and Calorimetry 147 (15), 8523-8524, 2022","Himanshu, K Pal, S Jain, SK Tyagi",1,
Dr KUNWAR PAL,P2P traffic identification using machine learning and feature selection techniques,2022,https://scholar.google.com/citations?view_op=view_citation&hl=en&user=37CNdWQAAAAJ&pagesize=100&sortby=pubdate&citation_for_view=37CNdWQAAAAJ:KlAtU1dfN6UC,"Edge Analytics: Select Proceedings of 26th International Conference—ADCOM …, 2022","MSA Ansari, K Pal, MC Govil, P Govil, A Srivastava",7,
Dr KUNWAR PAL,Digital image processing application in Agriculture (Pest Detection)-Review paper,2022,https://scholar.google.com/citations?view_op=view_citation&hl=en&user=37CNdWQAAAAJ&pagesize=100&sortby=pubdate&citation_for_view=37CNdWQAAAAJ:qxL8FJ1GzNcC,,"N Gautam, N Chaurasia, K Pal",,
Dr KUNWAR PAL,Score-based Incentive Mechanism (SIM) for live multimedia streaming in peer-to-peer network,2021,https://scholar.google.com/citations?view_op=view_citation&hl=en&user=37CNdWQAAAAJ&pagesize=100&sortby=pubdate&citation_for_view=37CNdWQAAAAJ:UebtZRa9Y70C,"Multimedia Tools and Applications 80 (13), 19263-19290, 2021","SA Ansari, K Pal, MC Govil, M Ahmed, T Chawla, A Choudhary",15,
Dr KUNWAR PAL,Ensemble machine learning for P2P traffic identification,2021,https://scholar.google.com/citations?view_op=view_citation&hl=en&user=37CNdWQAAAAJ&pagesize=100&sortby=pubdate&citation_for_view=37CNdWQAAAAJ:hqOjcs7Dif8C,"Int J Comput Digital Syst, 2021","MSA Ansari, K Pal, MC Govil, P Govil, A Srivastava",9,
Dr KUNWAR PAL,Development of advanced biomass cookstove and performance comparisons using the modified star rating methodology,2021,https://scholar.google.com/citations?view_op=view_citation&hl=en&user=37CNdWQAAAAJ&pagesize=100&sortby=pubdate&citation_for_view=37CNdWQAAAAJ:hC7cP41nSMkC,"Energy Engineering: Journal of the Association of Energy Engineers 118 (5), 1237, 2021","K Pal, S Jain, S Tyagi",11,
Dr KUNWAR PAL,Tools and techniques in optimization of network resources,2020,https://scholar.google.com/citations?view_op=view_citation&hl=en&user=37CNdWQAAAAJ&pagesize=100&sortby=pubdate&citation_for_view=37CNdWQAAAAJ:Se3iqnhoufwC,"2020 3rd International Conference on Emerging Technologies in Computer …, 2020","MSA Ansari, MC Govil, K Pal, SG Samaddar",8,
Dr KUNWAR PAL,A survey on adaptive multimedia streaming,2019,https://scholar.google.com/citations?view_op=view_citation&hl=en&user=37CNdWQAAAAJ&pagesize=100&sortby=pubdate&citation_for_view=37CNdWQAAAAJ:UeHWp8X0CEIC,"Recent Trends in Communication Networks, 185-202, 2019","K Pal, MC Govil, M Ahmed, T Chawla",11,
Dr KUNWAR PAL,FLHyO: fuzzy logic based hybrid overlay for P2P live video streaming,2019,https://scholar.google.com/citations?view_op=view_citation&hl=en&user=37CNdWQAAAAJ&pagesize=100&sortby=pubdate&citation_for_view=37CNdWQAAAAJ:qjMakFHDy7sC,"Multimedia Tools and Applications 78 (23), 33679-33702, 2019","K Pal, MC Govil, M Ahmed",13,
Dr KUNWAR PAL,Utilization-based hybrid overlay for live video streaming in P2P network,2018,https://scholar.google.com/citations?view_op=view_citation&hl=en&user=37CNdWQAAAAJ&pagesize=100&sortby=pubdate&citation_for_view=37CNdWQAAAAJ:IjCSPb-OGe4C,"Recent Findings in Intelligent Computing Techniques: Proceedings of the 5th …, 2018","K Pal, MC Govil, M Ahmed",4,
Dr KUNWAR PAL,Priority-based scheduling scheme for live video streaming in peer-to-peer network,2018,https://scholar.google.com/citations?view_op=view_citation&hl=en&user=37CNdWQAAAAJ&pagesize=100&sortby=pubdate&citation_for_view=37CNdWQAAAAJ:u5HHmVD_uO8C,"Multimedia Tools and Applications 77 (18), 24427-24457, 2018","K Pal, MC Govil, M Ahmed",13,
Dr KUNWAR PAL,Slack time–based scheduling scheme for live video streaming in P2P network,2018,https://scholar.google.com/citations?view_op=view_citation&hl=en&user=37CNdWQAAAAJ&pagesize=100&sortby=pubdate&citation_for_view=37CNdWQAAAAJ:ufrVoPGSRksC,"International Journal of Communication Systems 31 (2), e3440, 2018","K Pal, MC Govil, M Ahmed",11,
Dr KUNWAR PAL,Comparative Analysis of Utilization Based Hybrid Overlay for Live Video Streaming in P2P Network.,2017,https://scholar.google.com/citations?view_op=view_citation&hl=en&user=37CNdWQAAAAJ&pagesize=100&sortby=pubdate&citation_for_view=37CNdWQAAAAJ:zYLM7Y9cAGgC,"International Journal of Intelligent Engineering & Systems 10 (3), 2017","K Pal, MC Govil, M Ahmed",2,
Dr KUNWAR PAL,Utilization based hybrid overlay approach for P2P live streaming: a comparative analysis,2017,https://scholar.google.com/citations?view_op=view_citation&hl=en&user=37CNdWQAAAAJ&pagesize=100&sortby=pubdate&citation_for_view=37CNdWQAAAAJ:_FxGoFyzp5QC,"Proceedings of the International Conference on Parallel and Distributed …, 2017","K Pal, M Ahmed, MC Govil",1,
Dr KUNWAR PAL,A distinctive analysis of new hybrid overlay approach with classical overlay approaches for P2P live streaming,2017,https://scholar.google.com/citations?view_op=view_citation&hl=en&user=37CNdWQAAAAJ&pagesize=100&sortby=pubdate&citation_for_view=37CNdWQAAAAJ:Tyk-4Ss8FVUC,"Proceedings of the International Conference on Parallel and Distributed …, 2017","K Pal, M Ahmed, MC Govil",2,
Dr KUNWAR PAL,Comparative analysis of new hybrid approach for overlay construction in P2P live streaming,2016,https://scholar.google.com/citations?view_op=view_citation&hl=en&user=37CNdWQAAAAJ&pagesize=100&sortby=pubdate&citation_for_view=37CNdWQAAAAJ:d1gkVwhDpl0C,"International Conference on Emerging Research in Computing, Information …, 2016","K Pal, MC Govil, M Ahmed",5,
Dr KUNWAR PAL,An Assessment to Biomass-Based Combustion Systems,2016,https://scholar.google.com/citations?view_op=view_citation&hl=en&user=37CNdWQAAAAJ&pagesize=100&sortby=pubdate&citation_for_view=37CNdWQAAAAJ:hFOr9nPyWt4C,"Journal of Biofuels and Bioenergy 2 (2), 102-121, 2016","K Pal, SK Sansaniwal, P Gera, MK Jha, SK Tyagi",3,
Dr KUNWAR PAL,A new hybrid approach for overlay construction in p2p live streaming,2015,https://scholar.google.com/citations?view_op=view_citation&hl=en&user=37CNdWQAAAAJ&pagesize=100&sortby=pubdate&citation_for_view=37CNdWQAAAAJ:Y0pCki6q_DkC,"2015 International Conference on Advances in Computing, Communications and …, 2015","K Pal, MC Govil, M Ahmed",18,
Dr KUNWAR PAL,Recent Advances in Bioenergy Research Vol. III 2014,2014,https://scholar.google.com/citations?view_op=view_citation&hl=en&user=37CNdWQAAAAJ&pagesize=100&sortby=pubdate&citation_for_view=37CNdWQAAAAJ:mB3voiENLucC,"Recent Advances in Bioenergy Research, 79, 2014","K Pal, AK Pandey, P Gera, SK Tyagi",1,
Dr KUNWAR PAL,Comparative study of different biomass cookstove model: An experimental study,2014,https://scholar.google.com/citations?view_op=view_citation&hl=en&user=37CNdWQAAAAJ&pagesize=100&sortby=pubdate&citation_for_view=37CNdWQAAAAJ:eQOLeE2rZwMC,"Recent Advances in Bioenergy Research, 79, 2014","K Pal, AK Pandey, P Gera, SK Tyagi",1,
Dr KUNWAR PAL,Providing Security in VPN by using Tunneling and Firewall,2013,https://scholar.google.com/citations?view_op=view_citation&hl=en&user=37CNdWQAAAAJ&pagesize=100&sortby=pubdate&citation_for_view=37CNdWQAAAAJ:roLk4NBRz8UC,"International Journal of Engineering and Advanced Technology (IJEAT) 2 (3), 2013","S Wadhwa, K Pal",5,
Dr KUNWAR PAL,Optimize OLSR with cognitive in wireless mesh network,2013,https://scholar.google.com/citations?view_op=view_citation&hl=en&user=37CNdWQAAAAJ&pagesize=100&sortby=pubdate&citation_for_view=37CNdWQAAAAJ:LkGwnXOMwfcC,"International Journal of Engineering and Advanced Technology (IJEAT) 2 (3), 2013",M Kaur,8,
Dr KUNWAR PAL,Comparison of Secure OLSR Routing Protocol,2011,https://scholar.google.com/citations?view_op=view_citation&hl=en&user=37CNdWQAAAAJ&pagesize=100&sortby=pubdate&citation_for_view=37CNdWQAAAAJ:2osOgNQ5qMEC,"International Journal of Engineering Science and Technology (IJEST) 3 (6), 2011","K Pal, S Sofat, D Bansal",1,
Dr KUNWAR PAL,"JOURNAL OF ELECTROANALYrICAL CHEMISTRY AND INTERFACIAL ELECTROCHEMISTRY, VOLUME 79 (1977)",,https://scholar.google.com/citations?view_op=view_citation&hl=en&user=37CNdWQAAAAJ&pagesize=100&sortby=pubdate&citation_for_view=37CNdWQAAAAJ:9ZlFYXVOiuMC,"Ariel 1000, 159, 0","DL Akins, HC Gaur, K Ogura, K Aoki, M Genies, KB Oldham, M Ariel, ...",,
Dr KUNWAR PAL,Energy-Efficient Load-Balanced Server Consolidation in Cloud Computing Environment,,https://scholar.google.com/citations?view_op=view_citation&hl=en&user=37CNdWQAAAAJ&pagesize=100&sortby=pubdate&citation_for_view=37CNdWQAAAAJ:aqlVkmm33-oC,"Available at SSRN 4356696, 0","A Choudhary, M Govil, K Pal",,
Dr Jagdeep Kaur,Enhancing Lung Cancer Diagnosis: Edge-TransUNet for Segmentation and Lightweight-MLCAN for Classification,2025,https://scholar.google.com/citations?view_op=view_citation&hl=en&user=lwNErmkAAAAJ&pagesize=100&sortby=pubdate&citation_for_view=lwNErmkAAAAJ:QYdC8u9Cj1oC,"IETE Journal of Research, 1-10, 2025","JK Gupta, J Kaur",,
Dr Jagdeep Kaur,Fused Texture Feature of Segmented Retinal Image Based Multiretinal Disease Classification,2025,https://scholar.google.com/citations?view_op=view_citation&hl=en&user=lwNErmkAAAAJ&pagesize=100&sortby=pubdate&citation_for_view=lwNErmkAAAAJ:IUKN3-7HHlwC,"International Journal of Imaging Systems and Technology 35 (3), e70112, 2025","PK Verma, J Kaur, NP Singh",,
Dr Jagdeep Kaur,A Lightweight Deep Learning Based Image Captioning Model for Hindi Caption Generation,2025,https://scholar.google.com/citations?view_op=view_citation&hl=en&user=lwNErmkAAAAJ&pagesize=100&sortby=pubdate&citation_for_view=lwNErmkAAAAJ:bKqednn6t2AC,"2025 3rd International Conference on Communication, Security, and Artificial …, 2025","V Jayaswal, R Rani, J Kaur",,
Dr Jagdeep Kaur,A Machine Learning Based Biomarker Discovery in Lung Cancer: A Comprehensive Review,2025,https://scholar.google.com/citations?view_op=view_citation&hl=en&user=lwNErmkAAAAJ&pagesize=100&sortby=pubdate&citation_for_view=lwNErmkAAAAJ:WJVC3Jt7v1AC,"2025 International Conference on Ambient Intelligence in Health Care (ICAIHC …, 2025","B Kumar, A Pandey, J Kaur",,
Dr Jagdeep Kaur,An intelligent approach for retinal vessels extraction based on transfer learning,2024,https://scholar.google.com/citations?view_op=view_citation&hl=en&user=lwNErmkAAAAJ&pagesize=100&sortby=pubdate&citation_for_view=lwNErmkAAAAJ:cWzG1nlazyYC,"SN Computer Science 5 (8), 1072, 2024","PK Verma, J Kaur, NP Singh",31,
Dr Jagdeep Kaur,Transforming ENT Healthcare: Advancements and Implications of Artificial Intelligence,2024,https://scholar.google.com/citations?view_op=view_citation&hl=en&user=lwNErmkAAAAJ&pagesize=100&sortby=pubdate&citation_for_view=lwNErmkAAAAJ:DJbcl8HfkQkC,"Indian Journal of Otolaryngology and Head & Neck Surgery 76 (5), 4986-4996, 2024","A Pandey, J Kaur, D Kaushal",2,
Dr Jagdeep Kaur,Systematic Review of Retinal Blood Vessels Segmentation Based on AI-driven Technique,2024,https://scholar.google.com/citations?view_op=view_citation&hl=en&user=lwNErmkAAAAJ&pagesize=100&sortby=pubdate&citation_for_view=lwNErmkAAAAJ:0izLItjtcgwC,"Journal of Imaging Informatics in Medicine 37 (4), 1783-1799, 2024","PK Verma, J Kaur",7,
Dr Jagdeep Kaur,Blockchain based Decentralized Petition System,2024,https://scholar.google.com/citations?view_op=view_citation&hl=en&user=lwNErmkAAAAJ&pagesize=100&sortby=pubdate&citation_for_view=lwNErmkAAAAJ:dBIO0h50nwkC,"arXiv preprint arXiv:2407.00534, 2024","J Kaur, K Antony, N Pujar, A Jha",3,
Dr Jagdeep Kaur,Alzheimer Disease Diagnosis Using Multimodal Data: A Literature Review,2024,https://scholar.google.com/citations?view_op=view_citation&hl=en&user=lwNErmkAAAAJ&pagesize=100&sortby=pubdate&citation_for_view=lwNErmkAAAAJ:DUooU5lO8OsC,"International Conference on Information Technology, 13-23, 2024","RR Renganathan, J Kaur, Urvashi, A Pandey",,
Dr Jagdeep Kaur,"Predictive Analytics and Deep Learning Models for the Prediction of the Length of Stay, Diabetes, Colorectal Cancer and Cardiovascular Diseases in Patients",2024,https://scholar.google.com/citations?view_op=view_citation&hl=en&user=lwNErmkAAAAJ&pagesize=100&sortby=pubdate&citation_for_view=lwNErmkAAAAJ:6ZxmRoH8BuwC,,"A Kaur, J Kaur",,
Dr Jagdeep Kaur,A Deep Learning-Based Efficient Image Captioning Approach for Hindi Language,2024,https://scholar.google.com/citations?view_op=view_citation&hl=en&user=lwNErmkAAAAJ&pagesize=100&sortby=pubdate&citation_for_view=lwNErmkAAAAJ:XvxMoLDsR5gC,"Developments Towards Next Generation Intelligent Systems for Sustainable …, 2024","JK Vishal Jayaswal, Rajneesh Rani",4,
Dr Jagdeep Kaur,A Review on Lung Cancer Diagnosis and Prediction Techniques,2023,https://scholar.google.com/citations?view_op=view_citation&hl=en&user=lwNErmkAAAAJ&pagesize=100&sortby=pubdate&citation_for_view=lwNErmkAAAAJ:2VqYfGB8ITEC,"International Conference on Intelligent Vision and Computing, 204-212, 2023","J Mukherjee, J Kaur",,
Dr Jagdeep Kaur,A Review of Deep Learning Algorithms for Early Detection of Oral Mouth,2023,https://scholar.google.com/citations?view_op=view_citation&hl=en&user=lwNErmkAAAAJ&pagesize=100&sortby=pubdate&citation_for_view=lwNErmkAAAAJ:4vMrXwiscB8C,"Decision Intelligence: Proceedings of the International Conference on …, 2023","Y Sharma, J Kaur",,
Dr Jagdeep Kaur,"A Comprehensive Survey on Image Captioning for Indian Languages: Techniques, Datasets, and Challenges",2023,https://scholar.google.com/citations?view_op=view_citation&hl=en&user=lwNErmkAAAAJ&pagesize=100&sortby=pubdate&citation_for_view=lwNErmkAAAAJ:HIFyuExEbWQC,,"V Jayaswal, R Rani, J Kaur",2,
Dr Jagdeep Kaur,COVID-19 Prediction from CT and X-Ray Scan Images: A Review,2023,https://scholar.google.com/citations?view_op=view_citation&hl=en&user=lwNErmkAAAAJ&pagesize=100&sortby=pubdate&citation_for_view=lwNErmkAAAAJ:mlAyqtXpCwEC,"Proceedings of the International Health Informatics Conference: IHIC 2022 …, 2023","P Kumar, J Kaur",,
Dr Jagdeep Kaur,"Soil Classification using machine learning, deep learning, and computer vision: A review",2023,https://scholar.google.com/citations?view_op=view_citation&hl=en&user=lwNErmkAAAAJ&pagesize=100&sortby=pubdate&citation_for_view=lwNErmkAAAAJ:sNmaIFBj_lkC,"Proceedings of International Conference on Recent Innovations in Computing …, 2023","A Kumar, J Kaur",5,
Dr Jagdeep Kaur,A Review of Deep Learning Algorithms for Early Detection of Oral Mouth Cancer,2023,https://scholar.google.com/citations?view_op=view_citation&hl=en&user=lwNErmkAAAAJ&pagesize=100&sortby=pubdate&citation_for_view=lwNErmkAAAAJ:HtEfBTGE9r8C,"International Conference on Information Technology, 203-214, 2023","Y Sharma, J Kaur",,
Dr Jagdeep Kaur,Enhancing Security and Performance of Software Defect Prediction Models: A Literature Review,2022,https://scholar.google.com/citations?view_op=view_citation&hl=en&user=lwNErmkAAAAJ&pagesize=100&sortby=pubdate&citation_for_view=lwNErmkAAAAJ:NXb4pA-qfm4C,"International Conference on Security, Privacy and Data Analytics, 179-198, 2022","A Pandey, J Kaur",,
Dr Jagdeep Kaur,A review of prediction of software defect by using machine learning algorithms,2022,https://scholar.google.com/citations?view_op=view_citation&hl=en&user=lwNErmkAAAAJ&pagesize=100&sortby=pubdate&citation_for_view=lwNErmkAAAAJ:FAceZFleit8C,"Recent Innovations in Computing: Proceedings of ICRIC 2021, Volume 1, 61-70, 2022","SD Jena, J Kaur, R Rani",3,
Dr Jagdeep Kaur,Performance analysis of queries with hive optimized data models,2019,https://scholar.google.com/citations?view_op=view_citation&hl=en&user=lwNErmkAAAAJ&pagesize=100&sortby=pubdate&citation_for_view=lwNErmkAAAAJ:ULOm3_A8WrAC,"Proceedings of ICRIC 2019: Recent Innovations in Computing, 687-698, 2019","M Sharma, J Kaur",2,
Dr Jagdeep Kaur,A comparative study of big data processing: Hadoop vs. spark,2019,https://scholar.google.com/citations?view_op=view_citation&hl=en&user=lwNErmkAAAAJ&pagesize=100&sortby=pubdate&citation_for_view=lwNErmkAAAAJ:eflP2zaiRacC,"2019 6th International Conference on Computing for Sustainable Global …, 2019","M Sharma, J Kaur",7,
Dr Jagdeep Kaur,Disaster management using internet of things,2019,https://scholar.google.com/citations?view_op=view_citation&hl=en&user=lwNErmkAAAAJ&pagesize=100&sortby=pubdate&citation_for_view=lwNErmkAAAAJ:uc_IGeMz5qoC,"Handbook of research on big data and the IoT, 211-222, 2019","M Sharma, J Kaur",5,
Dr Jagdeep Kaur,Clustering based architecture for software component selection,2018,https://scholar.google.com/citations?view_op=view_citation&hl=en&user=lwNErmkAAAAJ&pagesize=100&sortby=pubdate&citation_for_view=lwNErmkAAAAJ:J-pR_7NvFogC,"International Journal of Modern Education and Computer Science 10 (8), 33, 2018","J Kaur, P Tomar",11,
Dr Jagdeep Kaur,Extending IoTs into the cloud-based platform for examining Amazon web services,2018,https://scholar.google.com/citations?view_op=view_citation&hl=en&user=lwNErmkAAAAJ&pagesize=100&sortby=pubdate&citation_for_view=lwNErmkAAAAJ:4OULZ7Gr8RgC,"Examining Cloud Computing Technologies Through the Internet of Things, 216-227, 2018","J Kaur, M Sharma",6,
Dr Jagdeep Kaur,Comparative Study of User and Item k-NN for Rating Prediction,2018,https://scholar.google.com/citations?view_op=view_citation&hl=en&user=lwNErmkAAAAJ&pagesize=100&sortby=pubdate&citation_for_view=lwNErmkAAAAJ:u-x6o8ySG0sC,"IndianJournals. com 8 (2), 123-131, 2018","A Rohit, K Jagdeep",,
Dr Jagdeep Kaur,Validation of software component selection algorithms based on clustering,2016,https://scholar.google.com/citations?view_op=view_citation&hl=en&user=lwNErmkAAAAJ&pagesize=100&sortby=pubdate&citation_for_view=lwNErmkAAAAJ:RGFaLdJalmkC,"Indian Journal of Science and Technology 9 (45), 1-4, 2016","J Kaur, P Tomar",4,
Dr Jagdeep Kaur,A software component selection technique based on fuzzy clustering,2016,https://scholar.google.com/citations?view_op=view_citation&hl=en&user=lwNErmkAAAAJ&pagesize=100&sortby=pubdate&citation_for_view=lwNErmkAAAAJ:sSrBHYA8nusC,"2016 1st India International Conference on Information Processing (IICIP), 1-5, 2016","J Kaur, P Tomar",5,
Dr Jagdeep Kaur,A study of component based software system metrics,2016,https://scholar.google.com/citations?view_op=view_citation&hl=en&user=lwNErmkAAAAJ&pagesize=100&sortby=pubdate&citation_for_view=lwNErmkAAAAJ:p__nRnzSRKYC,"2016 international conference on computing, communication and automation …, 2016","S Patel, J Kaur",8,
Dr Jagdeep Kaur,The Verification of Fuzzy Clustering Algorithm according to Requirements for Component Selection Process,2016,https://scholar.google.com/citations?view_op=view_citation&hl=en&user=lwNErmkAAAAJ&pagesize=100&sortby=pubdate&citation_for_view=lwNErmkAAAAJ:_FxGoFyzp5QC,"International Journal of Applied Engineering Research 11 (11), 7555-7560, 2016","J Kaur, P Tomar",,
Dr Jagdeep Kaur,Multi objective optimization model using preemptive goal programming for software component selection,2015,https://scholar.google.com/citations?view_op=view_citation&hl=en&user=lwNErmkAAAAJ&pagesize=100&sortby=pubdate&citation_for_view=lwNErmkAAAAJ:5qfkUJPXOUwC,"International Journal of Information Technology and Computer Science (IJITCS …, 2015","J Kaur, P Tomar",19,
Dr Jagdeep Kaur,Four tier architecture of component selection process using clustering,2015,https://scholar.google.com/citations?view_op=view_citation&hl=en&user=lwNErmkAAAAJ&pagesize=100&sortby=pubdate&citation_for_view=lwNErmkAAAAJ:fPk4N6BV_jEC,"International Journal of Software Engineering, Technology and Applications 1 …, 2015","J Kaur, P Tomar",5,
Dr Jagdeep Kaur,Dynamic inheritance coupling metric-design and analysis for assessing reusability,2015,https://scholar.google.com/citations?view_op=view_citation&hl=en&user=lwNErmkAAAAJ&pagesize=100&sortby=pubdate&citation_for_view=lwNErmkAAAAJ:4JMBOYKVnBMC,"International Journal of Software Engineering, Technology and Applications 1 …, 2015","N Gehlot, J Kaur",5,
Dr Jagdeep Kaur,A survey on selection techniques of component based software,2014,https://scholar.google.com/citations?view_op=view_citation&hl=en&user=lwNErmkAAAAJ&pagesize=100&sortby=pubdate&citation_for_view=lwNErmkAAAAJ:j3f4tGmQtD8C,"International Journal of Information & Computation Technology. ISSN, 0974-2239, 2014","N Madaan, J Kaur",6,
Dr Jagdeep Kaur,A Review on Quality Attributes Based Software Metrics.,2013,https://scholar.google.com/citations?view_op=view_citation&hl=en&user=lwNErmkAAAAJ&pagesize=100&sortby=pubdate&citation_for_view=lwNErmkAAAAJ:0EnyYjriUFMC,"International Journal of Advanced Research in Computer Science 4 (11), 2013","N Gehlot, J Kaur",1,
Dr Jagdeep Kaur,PRINTER BASED DOCUMENT COUNTERFEIT DETECTION TECHNIQUES-A REVIEW,2011,https://scholar.google.com/citations?view_op=view_citation&hl=en&user=lwNErmkAAAAJ&pagesize=100&sortby=pubdate&citation_for_view=lwNErmkAAAAJ:ODE9OILHJdcC,"International Journal of Information Technology 4 (2), 555-557, 2011",J Kaur,,
Dr Jagdeep Kaur,Software Component Selection Using Fuzzy Relation-Based Fuzzy Clustering,,https://scholar.google.com/citations?view_op=view_citation&hl=en&user=lwNErmkAAAAJ&pagesize=100&sortby=pubdate&citation_for_view=lwNErmkAAAAJ:HtS1dXgVpQUC,,"J Kaur, P Tomar",,
Dr Jagdeep Kaur,"A Comprehensive Survey on Image Captioning for Indian Languages: Techniques, Datasets, and Challenges",,https://scholar.google.com/citations?view_op=view_citation&hl=en&user=lwNErmkAAAAJ&pagesize=100&sortby=pubdate&citation_for_view=lwNErmkAAAAJ:a9-T7VOCCH8C,,,,
Dr Jagdeep Kaur,Component Based Software’s: Issues Related to Test the Compatibility of the Components,,https://scholar.google.com/citations?view_op=view_citation&hl=en&user=lwNErmkAAAAJ&pagesize=100&sortby=pubdate&citation_for_view=lwNErmkAAAAJ:S16KYo8Pm5AC,,"D Yadav, J Kaur",,
Dr Jagdeep Kaur,Issues and Concerns In Software Component Selection,,https://scholar.google.com/citations?view_op=view_citation&hl=en&user=lwNErmkAAAAJ&pagesize=100&sortby=pubdate&citation_for_view=lwNErmkAAAAJ:VL0QpB8kHFEC,,"N Madaan, J Kaur",,
Mr Deepak Kumar Gupta,Systematic Review on Heart Disease Diagnosis and Segmentation using Machine Learning and Deep Learning,2025,https://scholar.google.com/citations?view_op=view_citation&hl=en&user=mb1pZXIAAAAJ&pagesize=100&sortby=pubdate&citation_for_view=mb1pZXIAAAAJ:R3hNpaxXUhUC,"International Conference on Electronics, AI and Computing (EAIC), IEEE, 2025, 2025",WHDK Gupta,,
Mr Deepak Kumar Gupta,Quantitative Analysis of Agricultural Disease using Deep Learning,2025,https://scholar.google.com/citations?view_op=view_citation&hl=en&user=mb1pZXIAAAAJ&pagesize=100&sortby=pubdate&citation_for_view=mb1pZXIAAAAJ:TQgYirikUcIC,"International Conference on Electronics, AI and Computing (EAIC), IEEE, 2025, 2025",MDKG Harshvardhan Mishra,,
Mr Deepak Kumar Gupta,An Evaluation of Hybrid Deep Learning for Monkeypox Detection,2025,https://scholar.google.com/citations?view_op=view_citation&hl=en&user=mb1pZXIAAAAJ&pagesize=100&sortby=pubdate&citation_for_view=mb1pZXIAAAAJ:HDshCWvjkbEC,"International Conference on Electronics, AI and Computing (EAIC), IEEE, 2025, 2025",JYDK Gupta,,
Mr Deepak Kumar Gupta,Synergizing Hybrid Intelligence for Precise Detection of Monkeypox by SKIPAT-ViT,2025,https://scholar.google.com/citations?view_op=view_citation&hl=en&user=mb1pZXIAAAAJ&pagesize=100&sortby=pubdate&citation_for_view=mb1pZXIAAAAJ:mB3voiENLucC,"International Conference on Electronics, AI and Computing (EAIC), IEEE, 2025, 2025",JYDK Gupta,,
Mr Deepak Kumar Gupta,Advanced Machine Learning for Gestational Diabetes Prediction: Stacked Ensembles with and Intuitive Clinical Interface,2025,https://scholar.google.com/citations?view_op=view_citation&hl=en&user=mb1pZXIAAAAJ&pagesize=100&sortby=pubdate&citation_for_view=mb1pZXIAAAAJ:hFOr9nPyWt4C,"3rd International Conference Women Researchers in Electronics and Computing …, 2025",SPMDK Gupta,,
Mr Deepak Kumar Gupta,Multi-class classification of breast cancer abnormality using transfer learning,2024,https://scholar.google.com/citations?view_op=view_citation&hl=en&user=mb1pZXIAAAAJ&pagesize=100&sortby=pubdate&citation_for_view=mb1pZXIAAAAJ:-f6ydRqryjwC,"Multimedia Tools and Applications 83 (30), 75085-75100, 2024","N Rani, DK Gupta, S Singh",16,
Mr Deepak Kumar Gupta,A reversible data hiding technique using lower magnitude error channel pair selection,2023,https://scholar.google.com/citations?view_op=view_citation&hl=en&user=mb1pZXIAAAAJ&pagesize=100&sortby=pubdate&citation_for_view=mb1pZXIAAAAJ:Wp0gIr-vW9MC,"Multimedia Tools and Applications 82 (6), 8467-8488, 2023","SR Brahma, S Singh, DK Gupta, A Malik",5,
Mr Deepak Kumar Gupta,A Review: Object Detection Algorithms,2023,https://scholar.google.com/citations?view_op=view_citation&hl=en&user=mb1pZXIAAAAJ&pagesize=100&sortby=pubdate&citation_for_view=mb1pZXIAAAAJ:QIV2ME_5wuYC,"International Conference on Secure Cyber Computing and Communication (ICSCCC …, 2023","N Simranjit Bhumbla, D.K. Gupta",8,
Mr Deepak Kumar Gupta,Smart Irrigation system using IoT,2023,https://scholar.google.com/citations?view_op=view_citation&hl=en&user=mb1pZXIAAAAJ&pagesize=100&sortby=pubdate&citation_for_view=mb1pZXIAAAAJ:9ZlFYXVOiuMC,"International Conference on Secure Cyber Computing and Communication (ICSCCC …, 2023","NK Tushar Rathore, D.K. Gupta",13,
Mr Deepak Kumar Gupta,AgTech Adoption for Irrigation Systems: A Review,2023,https://scholar.google.com/citations?view_op=view_citation&hl=en&user=mb1pZXIAAAAJ&pagesize=100&sortby=pubdate&citation_for_view=mb1pZXIAAAAJ:mVmsd5A6BfQC,"International Conference on Secure Cyber Computing and Communication (ICSCCC …, 2023",DKG Abhishek Ranjan,2,
Mr Deepak Kumar Gupta,STEGANOGRAPHY TECHNIQUE FOR HIDING TEXT INFORMATION IN COLOR IMAGE BY UTILIZING LSB METHOD,2022,https://scholar.google.com/citations?view_op=view_citation&hl=en&user=mb1pZXIAAAAJ&pagesize=100&sortby=pubdate&citation_for_view=mb1pZXIAAAAJ:aqlVkmm33-oC,"IJIERM 9 (3), 1-5, 2022",DKG Prabhat Kumar,,
Mr Deepak Kumar Gupta,"""Performance Based Analysis of Classification Techniques in Breast Cancer Screening–A Review.""",2022,https://scholar.google.com/citations?view_op=view_citation&hl=en&user=mb1pZXIAAAAJ&pagesize=100&sortby=pubdate&citation_for_view=mb1pZXIAAAAJ:4DMP91E08xMC,"International Journal of Research in Engineering, Science and Management 5 …, 2022","DKG Rani, Neha",3,
Mr Deepak Kumar Gupta,COVID-19 Detection using Image Modality: A Review,2021,https://scholar.google.com/citations?view_op=view_citation&hl=en&user=mb1pZXIAAAAJ&pagesize=100&sortby=pubdate&citation_for_view=mb1pZXIAAAAJ:_kc_bZDykSQC,"2021 2nd International Conference on Secure Cyber Computing and …, 2021","P Kukreja, DK Gupta",,
Mr Deepak Kumar Gupta,Predicting the prevalence of mental disorders among different age groups: A Review,2021,https://scholar.google.com/citations?view_op=view_citation&hl=en&user=mb1pZXIAAAAJ&pagesize=100&sortby=pubdate&citation_for_view=mb1pZXIAAAAJ:YOwf2qJgpHMC,"2021 2nd International Conference on Secure Cyber Computing and …, 2021","G Gupta, DK Gupta",2,
Mr Deepak Kumar Gupta,A Study of Code Clone Detection Techniques in Software Systems,2020,https://scholar.google.com/citations?view_op=view_citation&hl=en&user=mb1pZXIAAAAJ&pagesize=100&sortby=pubdate&citation_for_view=mb1pZXIAAAAJ:kNdYIx-mwKoC,"The International Conference on Paradigms of Computing, Communication and …, 2020","DKG Utkarsh Singh, Kuldeep Kumar",,
Mr Deepak Kumar Gupta,Outcome prediction of patients for different stages of sepsis using machine learning models,2019,https://scholar.google.com/citations?view_op=view_citation&hl=en&user=mb1pZXIAAAAJ&pagesize=100&sortby=pubdate&citation_for_view=mb1pZXIAAAAJ:ULOm3_A8WrAC,"International Conference on Advanced Communication and Computational …, 2019","P Chaudhary, DK Gupta, S Singh",15,
Mr Deepak Kumar Gupta,Extreme event forecasting using machine learning models,2019,https://scholar.google.com/citations?view_op=view_citation&hl=en&user=mb1pZXIAAAAJ&pagesize=100&sortby=pubdate&citation_for_view=mb1pZXIAAAAJ:Zph67rFs4hoC,"International Conference on Advanced Communication and Computational …, 2019","M Kumar, DK Gupta, S Singh",21,
Mr Deepak Kumar Gupta,An animal detection and collision avoidance system using deep learning,2019,https://scholar.google.com/citations?view_op=view_citation&hl=en&user=mb1pZXIAAAAJ&pagesize=100&sortby=pubdate&citation_for_view=mb1pZXIAAAAJ:KlAtU1dfN6UC,"International Conference on Advanced Communication and Computational …, 2019","A Saxena, DK Gupta, S Singh",73,
Mr Deepak Kumar Gupta,Analysis and Forecasting of Individual Stock Prices of Various Constituents in NIFTY 50,2018,https://scholar.google.com/citations?view_op=view_citation&hl=en&user=mb1pZXIAAAAJ&pagesize=100&sortby=pubdate&citation_for_view=mb1pZXIAAAAJ:hqOjcs7Dif8C,"First International Conference on Secure Cyber Computing and Communication …, 2018","DK Gupta, RM Singh, VR Jain",,
Mr Deepak Kumar Gupta,Predictive Analysis of Medical Data using a Hybrid Machine Learning Technique,2018,https://scholar.google.com/citations?view_op=view_citation&hl=en&user=mb1pZXIAAAAJ&pagesize=100&sortby=pubdate&citation_for_view=mb1pZXIAAAAJ:UebtZRa9Y70C,"First International Conference on Secure Cyber Computing and Communication …, 2018","AS Pushpendra Singh Rajawat,Deepak Kumar Gupta, Santosh Singh",9,
Mr Deepak Kumar Gupta,Secure QR-Code Based Message Sharing System Using Cryptography and Steganography,2018,https://scholar.google.com/citations?view_op=view_citation&hl=en&user=mb1pZXIAAAAJ&pagesize=100&sortby=pubdate&citation_for_view=mb1pZXIAAAAJ:Se3iqnhoufwC,"First International Conference on Secure Cyber Computing and Communication …, 2018","KPS Abhijeet Mendhe, Deepak Kumar Gupta",18,
Mr Deepak Kumar Gupta,Time effective workflow scheduling using genetic algorithm in cloud computing,2018,https://scholar.google.com/citations?view_op=view_citation&hl=en&user=mb1pZXIAAAAJ&pagesize=100&sortby=pubdate&citation_for_view=mb1pZXIAAAAJ:WF5omc3nYNoC,"International Journal of Information Technology and Computer Science 10 (1 …, 2018","R Nagar, DK Gupta, RM Singh",31,
Mr Deepak Kumar Gupta,Improved architecture of focused crawler on the basis of content and link analysis,2017,https://scholar.google.com/citations?view_op=view_citation&hl=en&user=mb1pZXIAAAAJ&pagesize=100&sortby=pubdate&citation_for_view=mb1pZXIAAAAJ:eQOLeE2rZwMC,"Int J Mod Educ Comput Sci 9 (11), 33-40, 2017","B Singh, DK Gupta, RM Singh",6,
Mr Deepak Kumar Gupta,"Sentiment analysis of twitter user data on Punjab legislative assembly election, 2017",2017,https://scholar.google.com/citations?view_op=view_citation&hl=en&user=mb1pZXIAAAAJ&pagesize=100&sortby=pubdate&citation_for_view=mb1pZXIAAAAJ:YsMSGLbcyi4C,"International Journal of Modern Education and Computer Science 9 (9), 60, 2017","AK Singh, DK Gupta, RM Singh",21,
Mr Deepak Kumar Gupta,Spam and sentiment analysis model for twitter data using statistical learning,2016,https://scholar.google.com/citations?view_op=view_citation&hl=en&user=mb1pZXIAAAAJ&pagesize=100&sortby=pubdate&citation_for_view=mb1pZXIAAAAJ:Tyk-4Ss8FVUC,"Proceedings of the Third International Symposium on Computer Vision and the …, 2016","Anita, DK Gupta, A Kumar",3,
Mr Deepak Kumar Gupta,DoS attack detection technique using back propagation neural network,2016,https://scholar.google.com/citations?view_op=view_citation&hl=en&user=mb1pZXIAAAAJ&pagesize=100&sortby=pubdate&citation_for_view=mb1pZXIAAAAJ:zYLM7Y9cAGgC,"2016 International Conference on Advances in Computing, Communications and …, 2016","M Khandelwal, DK Gupta, P Bhale",23,
Mr Deepak Kumar Gupta,A novel methodology for vehicle number plate recognition using artificial neural network,2016,https://scholar.google.com/citations?view_op=view_citation&hl=en&user=mb1pZXIAAAAJ&pagesize=100&sortby=pubdate&citation_for_view=mb1pZXIAAAAJ:IjCSPb-OGe4C,"Proceedings of the Third International Symposium on Computer Vision and the …, 2016","S Kumari, DK Gupta, RM Singh",6,
Mr Deepak Kumar Gupta,Efficient scalar multiplication over elliptic curve,2016,https://scholar.google.com/citations?view_op=view_citation&hl=en&user=mb1pZXIAAAAJ&pagesize=100&sortby=pubdate&citation_for_view=mb1pZXIAAAAJ:qjMakFHDy7sC,"International Journal of Computer Network and Information Security 8 (4), 56, 2016","D Kamboj, DK Gupta, A Kumar",6,
Mr Deepak Kumar Gupta,A robust method for vehicle license plate recognition based on Harries corner algorithm and artificial neural network,2016,https://scholar.google.com/citations?view_op=view_citation&hl=en&user=mb1pZXIAAAAJ&pagesize=100&sortby=pubdate&citation_for_view=mb1pZXIAAAAJ:Y0pCki6q_DkC,"International Journal of Computer Applications 148 (4), 16-19, 2016","S Kumari, DK Gupta, RM Singh",4,
Mr Deepak Kumar Gupta,Improved TEEN routing protocol with multi hop and multi path in wireless sensor networks,2015,https://scholar.google.com/citations?view_op=view_citation&hl=en&user=mb1pZXIAAAAJ&pagesize=100&sortby=pubdate&citation_for_view=mb1pZXIAAAAJ:UeHWp8X0CEIC,"International Journal of Computer Applications 129 (7), 11-16, 2015","N Kumari, DK Gupta, MK Sah",9,
Mr Deepak Kumar Gupta,Energy Efficient Routing Protocol for Wireless Sensor Networks with Multiple Sinks,2015,https://scholar.google.com/citations?view_op=view_citation&hl=en&user=mb1pZXIAAAAJ&pagesize=100&sortby=pubdate&citation_for_view=mb1pZXIAAAAJ:9yKSN-GCB0IC,"2015 Second International Conference on Advances in Computing and …, 2015","MK Sah, DK Gupta, P Rani",5,
Mr Deepak Kumar Gupta,An improved Halftone Visual Secret Sharing Scheme for gray-level images based on error diffusion in forward and backward direction,2015,https://scholar.google.com/citations?view_op=view_citation&hl=en&user=mb1pZXIAAAAJ&pagesize=100&sortby=pubdate&citation_for_view=mb1pZXIAAAAJ:2osOgNQ5qMEC,"2015 Fifth International Conference on Advanced Computing & Communication …, 2015","A Kamboj, DK Gupta",9,
Mr Deepak Kumar Gupta,Detection of packet dropping nodes in MANET using DSR routing protocol,2015,https://scholar.google.com/citations?view_op=view_citation&hl=en&user=mb1pZXIAAAAJ&pagesize=100&sortby=pubdate&citation_for_view=mb1pZXIAAAAJ:W7OEmFMy1HYC,"International Journal of Computer Applications 123 (7), 2015","A Chauhan, DK Gupta, MK Sah",9,
Dr SHVETA MAHAJAN,Enhancement of Corn image quality using Very-Deep Super-Resolution (VDSR) neural network,2018,https://scholar.google.com/citations?view_op=view_citation&hl=en&user=Wxjd84AAAAAJ&pagesize=100&sortby=pubdate&citation_for_view=Wxjd84AAAAAJ:UeHWp8X0CEIC,"2018 3rd International Conference on Inventive Computation Technologies …, 2018","H Rampal, A Das, S Mahajan, S Singh",2,
Dr SHVETA MAHAJAN,"Machine vision based alternative testing approach for physical purity, viability and vigour testing of soybean seeds (Glycine max)",2018,https://scholar.google.com/citations?view_op=view_citation&hl=en&user=Wxjd84AAAAAJ&pagesize=100&sortby=pubdate&citation_for_view=Wxjd84AAAAAJ:2osOgNQ5qMEC,"Journal of food science and technology 55 (10), 3949-3959, 2018","S Mahajan, SK Mittal, A Das",37,
Dr SHVETA MAHAJAN,A pre-processing based optimized edge weighting method for colour constancy,2018,https://scholar.google.com/citations?view_op=view_citation&hl=en&user=Wxjd84AAAAAJ&pagesize=100&sortby=pubdate&citation_for_view=Wxjd84AAAAAJ:u-x6o8ySG0sC,"The Imaging Science Journal 66 (4), 231-238, 2018","S Mahajan, A Rani, M Sharma, SK Mittal, A Das",1,
Dr SHVETA MAHAJAN,Identification of poor visibility conditions in urban settings,2017,https://scholar.google.com/citations?view_op=view_citation&hl=en&user=Wxjd84AAAAAJ&pagesize=100&sortby=pubdate&citation_for_view=Wxjd84AAAAAJ:9yKSN-GCB0IC,"2017 8th International Conference on Computing, Communication and Networking …, 2017","H Gudwani, VJ Singh, S Mahajan, D Mittal, A Das",1,
Dr SHVETA MAHAJAN,Internal crack detection in kidney bean seeds using X-ray imaging technique,2016,https://scholar.google.com/citations?view_op=view_citation&hl=en&user=Wxjd84AAAAAJ&pagesize=100&sortby=pubdate&citation_for_view=Wxjd84AAAAAJ:u5HHmVD_uO8C,"2016 International Conference on Advances in Computing, Communications and …, 2016","S Sood, S Mahajan, A Doegar, A Das",20,
Dr SHVETA MAHAJAN,Image acquisition techniques for assessment of legume quality,2015,https://scholar.google.com/citations?view_op=view_citation&hl=en&user=Wxjd84AAAAAJ&pagesize=100&sortby=pubdate&citation_for_view=Wxjd84AAAAAJ:qjMakFHDy7sC,"Trends in Food Science & Technology 42 (2), 116-133, 2015","S Mahajan, A Das, HK Sardana",131,
Dr SHVETA MAHAJAN,An efficient directional distance filter for multi-band images,2015,https://scholar.google.com/citations?view_op=view_citation&hl=en&user=Wxjd84AAAAAJ&pagesize=100&sortby=pubdate&citation_for_view=Wxjd84AAAAAJ:d1gkVwhDpl0C,"2015 2nd International Conference on Signal Processing and Integrated …, 2015","S Mahajan, A Das",,
Dr Muktesh Gupta,Deep learning-based real-time diagnosis of cardiac diseases through behavioral changes in ECG signals,2025,https://scholar.google.com/citations?view_op=view_citation&hl=en&user=nV2l8ekAAAAJ&pagesize=100&sortby=pubdate&citation_for_view=nV2l8ekAAAAJ:Se3iqnhoufwC,"Biomedical Signal Processing and Control 104, 107532, 2025","M Gupta, R Wadhvani, A Rasool",2,
Dr Muktesh Gupta,Analyzing feature impacts in wind turbine power output modelling using quantile regression,2025,https://scholar.google.com/citations?view_op=view_citation&hl=en&user=nV2l8ekAAAAJ&pagesize=100&sortby=pubdate&citation_for_view=nV2l8ekAAAAJ:ufrVoPGSRksC,"Wind Engineering 49 (2), 330-343, 2025","R Raj, R Wadhvani, A Rasool, M Gupta",,
Dr Muktesh Gupta,Optimizing Time Series Denoising with an Improved Singular Spectrum Analysis Approach,2025,https://scholar.google.com/citations?view_op=view_citation&hl=en&user=nV2l8ekAAAAJ&pagesize=100&sortby=pubdate&citation_for_view=nV2l8ekAAAAJ:UebtZRa9Y70C,"2025 IEEE International Students' Conference on Electrical, Electronics and …, 2025",M Gupta,,
Dr Muktesh Gupta,Comprehensive analysis of change-point dynamics detection in time series data: A review,2024,https://scholar.google.com/citations?view_op=view_citation&hl=en&user=nV2l8ekAAAAJ&pagesize=100&sortby=pubdate&citation_for_view=nV2l8ekAAAAJ:YsMSGLbcyi4C,"Expert Systems with Applications 248, 123342, 2024","M Gupta, R Wadhvani, A Rasool",29,
Dr Muktesh Gupta,Investigating Mobile Phone Price Variability: A Quantile Regression Study of Hardware Features,2024,https://scholar.google.com/citations?view_op=view_citation&hl=en&user=nV2l8ekAAAAJ&pagesize=100&sortby=pubdate&citation_for_view=nV2l8ekAAAAJ:_FxGoFyzp5QC,"2024 IEEE 3rd World Conference on Applied Intelligence and Computing (AIC …, 2024","R Raj, R Wadhvani, A Rasool, M Gupta",,
Dr Muktesh Gupta,Comprehensive ECG Signal Analysis for Heart Disease Classification: Integrating Neural Networks with Random Forest,2024,https://scholar.google.com/citations?view_op=view_citation&hl=en&user=nV2l8ekAAAAJ&pagesize=100&sortby=pubdate&citation_for_view=nV2l8ekAAAAJ:LkGwnXOMwfcC,"2024 15th International Conference on Computing Communication and Networking …, 2024","A Gour, R Wadhvani, M Gupta",,
Dr Muktesh Gupta,Analysis of wind power curve modeling using multi-model regression,2024,https://scholar.google.com/citations?view_op=view_citation&hl=en&user=nV2l8ekAAAAJ&pagesize=100&sortby=pubdate&citation_for_view=nV2l8ekAAAAJ:Y0pCki6q_DkC,"Wind Engineering 48 (3), 425-435, 2024","VK Patidar, R Wadhvani, M Gupta",,
Dr Muktesh Gupta,Transformer-Based Multivariate Time Series Forecasting,2024,https://scholar.google.com/citations?view_op=view_citation&hl=en&user=nV2l8ekAAAAJ&pagesize=100&sortby=pubdate&citation_for_view=nV2l8ekAAAAJ:eQOLeE2rZwMC,"2024 IEEE International Students' Conference on Electrical, Electronics and …, 2024","MK Bharti, R Wadhvani, M Gyanchandani, M Gupta",8,
Dr Muktesh Gupta,Ecg based heart disease classification: Advancement and review of techniques,2024,https://scholar.google.com/citations?view_op=view_citation&hl=en&user=nV2l8ekAAAAJ&pagesize=100&sortby=pubdate&citation_for_view=nV2l8ekAAAAJ:WF5omc3nYNoC,"Procedia Computer Science 235, 1634-1648, 2024","A Gour, M Gupta, R Wadhvani, S Shukla",14,
Dr Muktesh Gupta,Multivariate imputation by n neighbour mean and chained equation for time series missing data,2023,https://scholar.google.com/citations?view_op=view_citation&hl=en&user=nV2l8ekAAAAJ&pagesize=100&sortby=pubdate&citation_for_view=nV2l8ekAAAAJ:Tyk-4Ss8FVUC,"2023 IEEE 2nd International Conference on Industrial Electronics …, 2023","RK Pansari, M Gupta, R Wadhvani",1,
Dr Muktesh Gupta,A comprehensive review of heart disease classification techniques utilizing ECG signal analysis,2023,https://scholar.google.com/citations?view_op=view_citation&hl=en&user=nV2l8ekAAAAJ&pagesize=100&sortby=pubdate&citation_for_view=nV2l8ekAAAAJ:W7OEmFMy1HYC,"2023 International Conference on Electrical, Electronics, Communication and …, 2023","A Gour, M Gupta, R Wadhvani, S Shukla",4,
Dr Muktesh Gupta,Quantile Regression Approach in Analysis of Factors Affecting Song Popularity,2023,https://scholar.google.com/citations?view_op=view_citation&hl=en&user=nV2l8ekAAAAJ&pagesize=100&sortby=pubdate&citation_for_view=nV2l8ekAAAAJ:zYLM7Y9cAGgC,"2023 Third International Conference on Secure Cyber Computing and …, 2023","R Raj, R Wadhvani, A Rasool, M Gupta",,
Dr Muktesh Gupta,Quantile regression in machine learning: A survey,2023,https://scholar.google.com/citations?view_op=view_citation&hl=en&user=nV2l8ekAAAAJ&pagesize=100&sortby=pubdate&citation_for_view=nV2l8ekAAAAJ:IjCSPb-OGe4C,"2023 Third International Conference on Secure Cyber Computing and …, 2023","A Kumar, R Wadhvani, A Rasool, M Gupta",2,
Dr Muktesh Gupta,A Review on Condition Assessment Methods of Ball Bearing,2023,https://scholar.google.com/citations?view_op=view_citation&hl=en&user=nV2l8ekAAAAJ&pagesize=100&sortby=pubdate&citation_for_view=nV2l8ekAAAAJ:UeHWp8X0CEIC,"2023 Third International Conference on Secure Cyber Computing and …, 2023","PA Chaudhari, R Wadhvani, A Rasool, M Gupta",1,
Dr Muktesh Gupta,Quantile regression comprehensive in machine learning: a review,2023,https://scholar.google.com/citations?view_op=view_citation&hl=en&user=nV2l8ekAAAAJ&pagesize=100&sortby=pubdate&citation_for_view=nV2l8ekAAAAJ:qjMakFHDy7sC,"2023 IEEE International Students' Conference on Electrical, Electronics and …, 2023","VK Patidar, R Wadhvani, S Shukla, M Gupta, M Gyanchandani",12,
Dr Muktesh Gupta,A real-time adaptive model for bearing fault classification and remaining useful life estimation using deep neural network,2023,https://scholar.google.com/citations?view_op=view_citation&hl=en&user=nV2l8ekAAAAJ&pagesize=100&sortby=pubdate&citation_for_view=nV2l8ekAAAAJ:d1gkVwhDpl0C,"Knowledge-Based Systems 259, 110070, 2023","M Gupta, R Wadhvani, A Rasool",87,
Dr Muktesh Gupta,Real-time change-point detection: A deep neural network-based adaptive approach for detecting changes in multivariate time series data,2022,https://scholar.google.com/citations?view_op=view_citation&hl=en&user=nV2l8ekAAAAJ&pagesize=100&sortby=pubdate&citation_for_view=nV2l8ekAAAAJ:u5HHmVD_uO8C,"Expert Systems with Applications 209, 118260, 2022","M Gupta, R Wadhvani, A Rasool",50,
Dr Muktesh Gupta,Adaptive wind data normalization to improve the performance of forecasting models,2022,https://scholar.google.com/citations?view_op=view_citation&hl=en&user=nV2l8ekAAAAJ&pagesize=100&sortby=pubdate&citation_for_view=nV2l8ekAAAAJ:2osOgNQ5qMEC,"Wind Engineering 46 (5), 1606-1617, 2022","D Patil, R Wadhvani, S Shukla, M Gupta",8,
Dr Muktesh Gupta,A comparative study on change-point detection methods in time series data,2022,https://scholar.google.com/citations?view_op=view_citation&hl=en&user=nV2l8ekAAAAJ&pagesize=100&sortby=pubdate&citation_for_view=nV2l8ekAAAAJ:9yKSN-GCB0IC,"2022 2nd International Conference on Intelligent Technologies (CONIT), 1-7, 2022","A Pushkar, M Gupta, R Wadhvani, M Gyanchandani",12,
Dr Muktesh Gupta,Group Key Exchange Management in Delay Tolerant Network,2016,https://scholar.google.com/citations?view_op=view_citation&hl=en&user=nV2l8ekAAAAJ&pagesize=100&sortby=pubdate&citation_for_view=nV2l8ekAAAAJ:u-x6o8ySG0sC,"Int. J. Comput. Appl 144, 16-19, 2016",M Gupta,4,
Dr Muktesh Gupta,Implementation issues in CRM: a study in the Indian banking sector,2001,https://scholar.google.com/citations?view_op=view_citation&hl=en&user=nV2l8ekAAAAJ&pagesize=100&sortby=pubdate&citation_for_view=nV2l8ekAAAAJ:roLk4NBRz8UC,"Productivity 42 (1), 26-38, 2001","M Gupta, S Shukla",6,
Dr Himanshu Verma,Internet of Things for e-health,2025,https://scholar.google.com/citations?view_op=view_citation&hl=en&user=MD55-F8AAAAJ&pagesize=100&sortby=pubdate&citation_for_view=MD55-F8AAAAJ:r0BpntZqJG4C,"Blockchain and Digital Twin for Smart Healthcare, 161-178, 2025",H Verma,,
Dr Himanshu Verma,Comparative Analysis of Machine Learning Models for the Detection of Diabetic Retinopathy: A Performance Evaluation,2024,https://scholar.google.com/citations?view_op=view_citation&hl=en&user=MD55-F8AAAAJ&pagesize=100&sortby=pubdate&citation_for_view=MD55-F8AAAAJ:iH-uZ7U-co4C,"2024 Eighth International Conference on Parallel, Distributed and Grid …, 2024","Y Singh, K Kaur, H Verma, R Mohana",,
Dr Himanshu Verma,Enhanced Hybrid Congestion Mitigation Strategy for ‘6LoWPAN-RPL based patient-centric IoHT’,2024,https://scholar.google.com/citations?view_op=view_citation&hl=en&user=MD55-F8AAAAJ&pagesize=100&sortby=pubdate&citation_for_view=MD55-F8AAAAJ:IWHjjKOFINEC,"Computer Networks 255, 110862, 2024","H Verma, N Chauhan, LK Awasthi",,
Dr Himanshu Verma,Reduced lead ECG multi-label classification with higher generalization using 2D SEResnets with self attention,2024,https://scholar.google.com/citations?view_op=view_citation&hl=en&user=MD55-F8AAAAJ&pagesize=100&sortby=pubdate&citation_for_view=MD55-F8AAAAJ:mVmsd5A6BfQC,"Multimedia Tools and Applications 83 (24), 65315-65339, 2024","D Sheikh, H Verma, N Chauhan",5,
Dr Himanshu Verma,Emergency communication architecture for catastrophic events: a hybrid approach,2024,https://scholar.google.com/citations?view_op=view_citation&hl=en&user=MD55-F8AAAAJ&pagesize=100&sortby=pubdate&citation_for_view=MD55-F8AAAAJ:qUcmZB5y_30C,"2024 OPJU International Technology Conference (OTCON) on Smart Computing for …, 2024","H Verma, Y Kumar, C Bhatt, H Singh, T Agrawal, N Kumari",2,
Dr Himanshu Verma,Flutter Technology-Based Hyper-Local E-Commerce Marketing Application,2024,https://scholar.google.com/citations?view_op=view_citation&hl=en&user=MD55-F8AAAAJ&pagesize=100&sortby=pubdate&citation_for_view=MD55-F8AAAAJ:dhFuZR0502QC,"2024 5th International Conference for Emerging Technology (INCET), 1-6, 2024","A Tomar, A Shukla, BP Singh, VK Gupta, R Mohana, H Verma",2,
Dr Himanshu Verma,Realtime Atrial Fibrillation Detection System For IoMT Using Hybrid Machine Learning Classification,2023,https://scholar.google.com/citations?view_op=view_citation&hl=en&user=MD55-F8AAAAJ&pagesize=100&sortby=pubdate&citation_for_view=MD55-F8AAAAJ:9ZlFYXVOiuMC,"2023 International Conference on Communication, Security and Artificial …, 2023","AR Vansh, H Verma, N Chauhan",,
Dr Himanshu Verma,An Enhanced Cooperative Localization Strategy for Emergency-WSN,2023,https://scholar.google.com/citations?view_op=view_citation&hl=en&user=MD55-F8AAAAJ&pagesize=100&sortby=pubdate&citation_for_view=MD55-F8AAAAJ:QIV2ME_5wuYC,"2023 Seventh International Conference on Image Information Processing (ICIIP …, 2023","H Verma, N Kumari, T Agrawal, Y Kumar",,
Dr Himanshu Verma,"A Comprehensive review of ‘Internet of Healthcare Things’: Networking aspects, technologies, services, applications, challenges, and security concerns",2023,https://scholar.google.com/citations?view_op=view_citation&hl=en&user=MD55-F8AAAAJ&pagesize=100&sortby=pubdate&citation_for_view=MD55-F8AAAAJ:4DMP91E08xMC,"Computer Science Review 50, 100591, 2023","H Verma, N Chauhan, LK Awasthi",68,
Dr Himanshu Verma,"A systematic review on firefly algorithm: past, present, and future",2023,https://scholar.google.com/citations?view_op=view_citation&hl=en&user=MD55-F8AAAAJ&pagesize=100&sortby=pubdate&citation_for_view=MD55-F8AAAAJ:L8Ckcad2t8MC,"Authorea Preprints, 2023",H Verma,211,
Dr Himanshu Verma,Task offloading using queuing theory in fog-assisted iomt,2023,https://scholar.google.com/citations?view_op=view_citation&hl=en&user=MD55-F8AAAAJ&pagesize=100&sortby=pubdate&citation_for_view=MD55-F8AAAAJ:M3ejUd6NZC8C,"Information and Communication Technology for Competitive Strategies (ICTCS …, 2023","N Kumar, H Verma, N Chauhan, LK Awasthi",1,
Dr Himanshu Verma,Performance Evaluation of 6LoWPAN-basedPC-IoHT’under Malicious Activities,2023,https://scholar.google.com/citations?view_op=view_citation&hl=en&user=MD55-F8AAAAJ&pagesize=100&sortby=pubdate&citation_for_view=MD55-F8AAAAJ:7PzlFSSx8tAC,,"H Verma, N Chauhan, LK Awasthi, A Kumar, BJ Choi",,
Dr Himanshu Verma,Modelling buffer-overflow in 6LoWPAN-based resource-constraint IoT-healthcare network,2023,https://scholar.google.com/citations?view_op=view_citation&hl=en&user=MD55-F8AAAAJ&pagesize=100&sortby=pubdate&citation_for_view=MD55-F8AAAAJ:YOwf2qJgpHMC,"Wireless Personal Communications 129 (2), 1113-1128, 2023","H Verma, N Chauhan, LK Awasthi",6,
Dr Himanshu Verma,Flood Forecasting for Himachal region using Machine Learning based classification,2023,https://scholar.google.com/citations?view_op=view_citation&hl=en&user=MD55-F8AAAAJ&pagesize=100&sortby=pubdate&citation_for_view=MD55-F8AAAAJ:qxL8FJ1GzNcC,"2023 IEEE 3rd International Conference on Technology, Engineering …, 2023","B Lauhny, H Verma, N Chauhan, LK Awasthi",,
Dr Himanshu Verma,DDoS Attacks Detection in ‘Internet of Medical Things’ Using Machine Learning Techniques,2022,https://scholar.google.com/citations?view_op=view_citation&hl=en&user=MD55-F8AAAAJ&pagesize=100&sortby=pubdate&citation_for_view=MD55-F8AAAAJ:4TOpqqG69KYC,"2022 IEEE Conference on Interdisciplinary Approaches in Technology and …, 2022","NT Bhutia, H Verma, N Chauhan, LK Awasthi",5,
Dr Himanshu Verma,Solid Waste Management using Equal Sized Clustering and Capacitated Vehicle Routing Problem,2022,https://scholar.google.com/citations?view_op=view_citation&hl=en&user=MD55-F8AAAAJ&pagesize=100&sortby=pubdate&citation_for_view=MD55-F8AAAAJ:MXK_kJrjxJIC,"2022 IEEE 6th Conference on Information and Communication Technology (CICT), 1-5, 2022","S Singh, H Verma, N Chauhan, LK Awasthi",1,
Dr Himanshu Verma,Buffer-loss estimation to address congestion in 6LoWPAN based resource-restricted ‘Internet of Healthcare Things’ network,2022,https://scholar.google.com/citations?view_op=view_citation&hl=en&user=MD55-F8AAAAJ&pagesize=100&sortby=pubdate&citation_for_view=MD55-F8AAAAJ:YsMSGLbcyi4C,"Computer Communications 181, 236-256, 2022","H Verma, N Chauhan, N Chand, LK Awasthi",17,
Dr Himanshu Verma,An ecg heartbeat classification strategy using deep learning for automated cardiocare application,2021,https://scholar.google.com/citations?view_op=view_citation&hl=en&user=MD55-F8AAAAJ&pagesize=100&sortby=pubdate&citation_for_view=MD55-F8AAAAJ:5nxA0vEk-isC,"2021 3rd International conference on advances in computing, communication …, 2021","D Sheikh, AR Vansh, H Verma, N Chauhan, R Kumar, R Sharma, ...",6,
Dr Himanshu Verma,"A systematic review on firefly algorithm: past, present, and future. TechRxiv",2020,https://scholar.google.com/citations?view_op=view_citation&hl=en&user=MD55-F8AAAAJ&pagesize=100&sortby=pubdate&citation_for_view=MD55-F8AAAAJ:ZeXyd9-uunAC,"Preprint. https://doi. org/10.36227/techrxiv 12122748, v1, 2020",H Verma,2,
Dr Himanshu Verma,A deep learning for brain tumor MRI images semantic segmentation using FCN,2018,https://scholar.google.com/citations?view_op=view_citation&hl=en&user=MD55-F8AAAAJ&pagesize=100&sortby=pubdate&citation_for_view=MD55-F8AAAAJ:IjCSPb-OGe4C,"2018 4th International Conference on Computing Communication and Automation …, 2018","S Kumar, A Negi, JN Singh, H Verma",67,
Dr Himanshu Verma,Hybrid cellular-Manet based communication Architecture for natural disasters,2016,https://scholar.google.com/citations?view_op=view_citation&hl=en&user=MD55-F8AAAAJ&pagesize=100&sortby=pubdate&citation_for_view=MD55-F8AAAAJ:9yKSN-GCB0IC,"MMU Journal of Management & Technology 1 (1), 2016","H Verma, N Chauhan",1,
Dr Himanshu Verma,MANET based emergency communication system for natural disasters,2015,https://scholar.google.com/citations?view_op=view_citation&hl=en&user=MD55-F8AAAAJ&pagesize=100&sortby=pubdate&citation_for_view=MD55-F8AAAAJ:d1gkVwhDpl0C,"International Conference on Computing, Communication & Automation, 480-485, 2015","H Verma, N Chauhan",56,
Dr Manoj Kumar Somesula,Optimized Server Selection in Multi-core Edge Computing Environments Using Fuzzy Logic,2025,https://scholar.google.com/citations?view_op=view_citation&hl=en&user=IR-RwgoAAAAJ&pagesize=100&sortby=pubdate&citation_for_view=IR-RwgoAAAAJ:9ZlFYXVOiuMC,"Soft Computing: Theories and Applications 1343, 303–315, 2025","G Venkatesh, S Manoj Kumar",,
Dr Manoj Kumar Somesula,DRL-based task scheduling scheme in vehicular fog computing: Cooperative and mobility aware approach,2025,https://scholar.google.com/citations?view_op=view_citation&hl=en&user=IR-RwgoAAAAJ&pagesize=100&sortby=pubdate&citation_for_view=IR-RwgoAAAAJ:aqlVkmm33-oC,"Ad Hoc Networks 173, 103819, 2025","MR Raju, SK Mothku, MK Somesula",5,
Dr Manoj Kumar Somesula,Embracing Blockchain Technologies in Outsourcing Practices: Cases and Studies in Operations Research and Management Science,2025,https://scholar.google.com/citations?view_op=view_citation&hl=en&user=IR-RwgoAAAAJ&pagesize=100&sortby=pubdate&citation_for_view=IR-RwgoAAAAJ:mVmsd5A6BfQC,"International Series in Operations Research & Management Science 370, 69-88, 2025","MR Dorsala, MK Somesula, MK Morampudi",,
Dr Manoj Kumar Somesula,Age and energy aware data collection scheme for urban flood monitoring in UAV-assisted Wireless Sensor Networks,2025,https://scholar.google.com/citations?view_op=view_citation&hl=en&user=IR-RwgoAAAAJ&pagesize=100&sortby=pubdate&citation_for_view=IR-RwgoAAAAJ:qxL8FJ1GzNcC,"Ad Hoc Networks 168, 103704, 2025","MR Raju, SK Mothku, MK Somesula, S Chebrolu",7,
Dr Manoj Kumar Somesula,An online approach for cooperative cache updating and forwarding in mobile edge network,2025,https://scholar.google.com/citations?view_op=view_citation&hl=en&user=IR-RwgoAAAAJ&pagesize=100&sortby=pubdate&citation_for_view=IR-RwgoAAAAJ:YOwf2qJgpHMC,"Wireless Networks 31 (1), 149-163, 2025","MK Somesula, B Brahma, MR Raju, SK Mothku",6,
Dr Manoj Kumar Somesula,Service caching and user association in cache enabled multi-UAV assisted MEN for latency-sensitive applications,2024,https://scholar.google.com/citations?view_op=view_citation&hl=en&user=IR-RwgoAAAAJ&pagesize=100&sortby=pubdate&citation_for_view=IR-RwgoAAAAJ:Zph67rFs4hoC,"Computers and Electrical Engineering 119, 109606, 2024","MK Somesula, MR Raju, MR Dorsala, B Brahma, SK Mothku",4,
Dr Manoj Kumar Somesula,DMITS: dependency and mobility-aware Intelligent task scheduling in socially-enabled VFC based on federated DRL approach,2024,https://scholar.google.com/citations?view_op=view_citation&hl=en&user=IR-RwgoAAAAJ&pagesize=100&sortby=pubdate&citation_for_view=IR-RwgoAAAAJ:M3ejUd6NZC8C,"IEEE Transactions on Intelligent Transportation Systems, 2024","MR Raju, SK Mothku, MK Somesula",8,
Dr Manoj Kumar Somesula,SMITS: Social and mobility aware intelligent task scheduling in vehicular fog computing—A federated DRL approach,2024,https://scholar.google.com/citations?view_op=view_citation&hl=en&user=IR-RwgoAAAAJ&pagesize=100&sortby=pubdate&citation_for_view=IR-RwgoAAAAJ:ULOm3_A8WrAC,"Computer Communications 222, 13-25, 2024","MR Raju, SK Mothku, MK Somesula",6,
Dr Manoj Kumar Somesula,MITS: Mobility-aware intelligent task scheduling in vehicular fog networks,2023,https://scholar.google.com/citations?view_op=view_citation&hl=en&user=IR-RwgoAAAAJ&pagesize=100&sortby=pubdate&citation_for_view=IR-RwgoAAAAJ:8k81kl-MbHgC,"IEEE Transactions on Vehicular Technology 73 (3), 3079-3093, 2023","MR Raju, SK Mothku, MK Somesula",17,
Dr Manoj Kumar Somesula,Cooperative service placement and request routing in mobile edge networks for latency-sensitive applications,2023,https://scholar.google.com/citations?view_op=view_citation&hl=en&user=IR-RwgoAAAAJ&pagesize=100&sortby=pubdate&citation_for_view=IR-RwgoAAAAJ:5nxA0vEk-isC,"IEEE Systems Journal 17 (3), 4050-4061, 2023","MK Somesula, SK Mothku, SC Annadanam",34,
Dr Manoj Kumar Somesula,Greedy cooperative cache placement for mobile edge networks with user preferences prediction and adaptive clustering,2023,https://scholar.google.com/citations?view_op=view_citation&hl=en&user=IR-RwgoAAAAJ&pagesize=100&sortby=pubdate&citation_for_view=IR-RwgoAAAAJ:0EnyYjriUFMC,"Ad Hoc Networks 140, 103051, 2023","MK Somesula, RR Rout, DVLN Somayajulu",21,
Dr Manoj Kumar Somesula,Deep reinforcement learning mechanism for deadline-aware cache placement in device-to-device mobile edge networks,2023,https://scholar.google.com/citations?view_op=view_citation&hl=en&user=IR-RwgoAAAAJ&pagesize=100&sortby=pubdate&citation_for_view=IR-RwgoAAAAJ:hqOjcs7Dif8C,"Wireless Networks 29 (2), 569-588, 2023","MK Somesula, SK Mothku, A Kotte",15,
Dr Manoj Kumar Somesula,Deadline-aware cache placement scheme using fuzzy reinforcement learning in device-to-device mobile edge networks,2022,https://scholar.google.com/citations?view_op=view_citation&hl=en&user=IR-RwgoAAAAJ&pagesize=100&sortby=pubdate&citation_for_view=IR-RwgoAAAAJ:Se3iqnhoufwC,"Mobile Networks and Applications 27 (5), 2100-2117, 2022","MK Somesula, A Kotte, SC Annadanam, SK Mothku",11,
Dr Manoj Kumar Somesula,Cooperative cache update using multi-agent recurrent deep reinforcement learning for mobile edge networks,2022,https://scholar.google.com/citations?view_op=view_citation&hl=en&user=IR-RwgoAAAAJ&pagesize=100&sortby=pubdate&citation_for_view=IR-RwgoAAAAJ:_FxGoFyzp5QC,"Computer Networks 209, 108876, 2022","MK Somesula, RR Rout, DVLN Somayajulu",25,
Dr Manoj Kumar Somesula,Contact duration-aware cooperative cache placement using genetic algorithm for mobile edge networks,2021,https://scholar.google.com/citations?view_op=view_citation&hl=en&user=IR-RwgoAAAAJ&pagesize=100&sortby=pubdate&citation_for_view=IR-RwgoAAAAJ:Y0pCki6q_DkC,"Computer Networks 193, 108062, 2021","MK Somesula, RR Rout, DVLN Somayajulu",35,
Dr Manoj Kumar Somesula,Deadline-aware caching using echo state network integrated fuzzy logic for mobile edge networks,2021,https://scholar.google.com/citations?view_op=view_citation&hl=en&user=IR-RwgoAAAAJ&pagesize=100&sortby=pubdate&citation_for_view=IR-RwgoAAAAJ:Tyk-4Ss8FVUC,"Wireless Networks 27 (4), 2409-2429, 2021","MK Somesula, RR Rout, D Somayajulu",19,
Dr Manoj Kumar Somesula,Design of Efficient Caching Algorithms for Mobile Edge Networks,2021,https://scholar.google.com/citations?view_op=view_citation&hl=en&user=IR-RwgoAAAAJ&pagesize=100&sortby=pubdate&citation_for_view=IR-RwgoAAAAJ:4TOpqqG69KYC,"Shodhganga@INFLIBNET, 2021","S Manoj Kumar, R Rashmi Ranjan, S DVLN",,
Dr Manoj Kumar Somesula,Semantic Web-based Recommendation: Experimental Results and Test Cases,2015,https://scholar.google.com/citations?view_op=view_citation&hl=en&user=IR-RwgoAAAAJ&pagesize=100&sortby=pubdate&citation_for_view=IR-RwgoAAAAJ:u-x6o8ySG0sC,"International Journal of Emerging Research in Management and Technology 4 (6 …, 2015","KSS S. Manoj Kumar, K. Anusha",6,
Dr Manoj Kumar Somesula,Case Study: Outlier Detection on Sequential Data,2015,https://scholar.google.com/citations?view_op=view_citation&hl=en&user=IR-RwgoAAAAJ&pagesize=100&sortby=pubdate&citation_for_view=IR-RwgoAAAAJ:YsMSGLbcyi4C,"International Journal of Computer Applications 975, 8887, 2015","K Anusha, SM Kumar, KS Sree",1,